{
	"credit": "Made with Blockbench",
	"parent": "blast furnace",
	"texture_size": [512, 512],
	"textures": {
		"0": "block/luna models/stoneslab",
		"1": "block/luna models/bottom",
		"2": "block/luna models/metal",
		"3": "block/luna models/darkmetal",
		"4": "block/luna models/sm",
		"5": "block/luna models/fire",
		"particle": "block/luna models/stoneslab"
	},
	"elements": [
		{
			"from": [0, 0, 0],
			"to": [16, 1, 1],
			"faces": {
				"north": {"uv": [0, 0, 15.96875, 16], "texture": "#2"},
				"east": {"uv": [0, 0, 0.03125, 0.03125], "texture": "#2"},
				"south": {"uv": [0, 0, 0.5, 0.03125], "texture": "#2"},
				"west": {"uv": [0, 0, 0.03125, 0.03125], "texture": "#2"},
				"up": {"uv": [0, 0, 0.5, 0.03125], "texture": "#2"},
				"down": {"uv": [0, 0, 0.5, 0.03125], "texture": "#3"}
			}
		},
		{
			"from": [0, 16, 0],
			"to": [16, 17, 1],
			"faces": {
				"north": {"uv": [0, 0, 15.96875, 16], "texture": "#2"},
				"east": {"uv": [0, 0, 0.03125, 0.03125], "texture": "#2"},
				"south": {"uv": [0, 0, 0.5, 0.03125], "texture": "#2"},
				"west": {"uv": [0, 0, 0.03125, 0.03125], "texture": "#2"},
				"up": {"uv": [0, 0, 15.96875, 16], "texture": "#2"},
				"down": {"uv": [0, 0, 0.5, 0.03125], "texture": "#2"}
			}
		},
		{
			"from": [0, 0, 15],
			"to": [16, 1, 16],
			"faces": {
				"north": {"uv": [0, 0, 0.5, 0.03125], "texture": "#2"},
				"east": {"uv": [0, 0, 0.03125, 0.03125], "texture": "#2"},
				"south": {"uv": [0, 0, 15.96875, 16], "texture": "#2"},
				"west": {"uv": [0, 0, 0.03125, 0.03125], "texture": "#2"},
				"up": {"uv": [0, 0, 15.96875, 16], "texture": "#2"},
				"down": {"uv": [0, 0, 0.5, 0.03125], "texture": "#3"}
			}
		},
		{
			"from": [0, 16, 15],
			"to": [16, 17, 16],
			"faces": {
				"north": {"uv": [0, 0, 0.5, 0.03125], "texture": "#2"},
				"east": {"uv": [0, 0, 0.03125, 0.03125], "texture": "#2"},
				"south": {"uv": [0, 0, 15.96875, 16], "texture": "#2"},
				"west": {"uv": [0, 0, 0.03125, 0.03125], "texture": "#2"},
				"up": {"uv": [0, 0, 15.96875, 16], "texture": "#2"},
				"down": {"uv": [0, 0, 0.5, 0.03125], "texture": "#2"}
			}
		},
		{
			"from": [0, 0, 1],
			"to": [1, 1, 15],
			"faces": {
				"north": {"uv": [0, 0, 0.03125, 0.03125], "texture": "#2"},
				"east": {"uv": [0, 0, 0.4375, 0.03125], "texture": "#2"},
				"south": {"uv": [0, 0, 0.03125, 0.03125], "texture": "#2"},
				"west": {"uv": [0, 0, 16, 16], "texture": "#2"},
				"up": {"uv": [0, 0, 0.03125, 0.4375], "texture": "#2"},
				"down": {"uv": [0, 0, 0.03125, 0.4375], "texture": "#3"}
			}
		},
		{
			"from": [0, 16, 1],
			"to": [1, 17, 15],
			"faces": {
				"north": {"uv": [0, 0, 0.03125, 0.03125], "texture": "#2"},
				"east": {"uv": [0, 0, 0.4375, 0.03125], "texture": "#2"},
				"south": {"uv": [0, 0, 0.03125, 0.03125], "texture": "#2"},
				"west": {"uv": [0, 0, 16, 16], "texture": "#2"},
				"up": {"uv": [0, 0, 16, 16], "texture": "#2"},
				"down": {"uv": [0, 0, 0.03125, 0.4375], "texture": "#2"}
			}
		},
		{
			"from": [15, 0, 1],
			"to": [16, 1, 15],
			"faces": {
				"north": {"uv": [0, 0, 0.03125, 0.03125], "texture": "#2"},
				"east": {"uv": [0, 0, 16, 16], "texture": "#2"},
				"south": {"uv": [0, 0, 0.03125, 0.03125], "texture": "#2"},
				"west": {"uv": [0, 0, 0.4375, 0.03125], "texture": "#2"},
				"up": {"uv": [0, 0, 0.03125, 0.4375], "texture": "#2"},
				"down": {"uv": [0, 0, 0.03125, 0.4375], "texture": "#3"}
			}
		},
		{
			"from": [15, 16, 1],
			"to": [16, 17, 15],
			"faces": {
				"north": {"uv": [0, 0, 0.03125, 0.03125], "texture": "#2"},
				"east": {"uv": [0, 0, 16, 16], "texture": "#2"},
				"south": {"uv": [0, 0, 0.03125, 0.03125], "texture": "#2"},
				"west": {"uv": [0, 0, 0.4375, 0.03125], "texture": "#2"},
				"up": {"uv": [0, 0, 16, 16], "texture": "#2"},
				"down": {"uv": [0, 0, 0.03125, 0.4375], "texture": "#2"}
			}
		},
		{
			"from": [0, 1, 0],
			"to": [1, 16, 1],
			"faces": {
				"north": {"uv": [0, 0, 0.03125, 0.46875], "texture": "#2"},
				"east": {"uv": [0, 0, 0.03125, 0.46875], "texture": "#2"},
				"south": {"uv": [0, 0, 0.03125, 0.46875], "texture": "#2"},
				"west": {"uv": [0.0625, 0.0625, 16, 16], "texture": "#2"},
				"up": {"uv": [0, 0, 0.03125, 0.03125], "texture": "#2"},
				"down": {"uv": [0, 0, 0.03125, 0.03125], "texture": "#2"}
			}
		},
		{
			"from": [0, 1, 15],
			"to": [1, 16, 16],
			"faces": {
				"north": {"uv": [0, 0, 10.5625, 4.46875], "texture": "#0"},
				"east": {"uv": [0, 0, 0.03125, 0.46875], "texture": "#3"},
				"south": {"uv": [0, 0, 16, 16], "texture": "#2"},
				"west": {"uv": [0, 0, 16, 15.5625], "texture": "#2"},
				"up": {"uv": [0, 0, 0.03125, 0.03125], "texture": "#2"},
				"down": {"uv": [0, 0, 0.03125, 0.03125], "texture": "#2"}
			}
		},
		{
			"from": [15, 1, 15],
			"to": [16, 16, 16],
			"faces": {
				"north": {"uv": [0, 0, 3.3125, 2.8125], "texture": "#0"},
				"east": {"uv": [0, 0, 16, 16], "texture": "#2"},
				"south": {"uv": [0, 0, 16, 16], "texture": "#2"},
				"west": {"uv": [0, 0, 16, 16], "texture": "#2"},
				"up": {"uv": [0, 0, 0.03125, 0.03125], "texture": "#2"},
				"down": {"uv": [0, 0, 0.03125, 0.03125], "texture": "#2"}
			}
		},
		{
			"from": [15, 1, 0],
			"to": [16, 16, 1],
			"faces": {
				"north": {"uv": [0, 0, 16, 16], "texture": "#2"},
				"east": {"uv": [0, 0, 16, 16], "texture": "#2"},
				"south": {"uv": [0, 0, 0.03125, 0.46875], "texture": "#2"},
				"west": {"uv": [0, 0, 0.03125, 0.46875], "texture": "#2"},
				"up": {"uv": [0, 0, 0.03125, 0.03125], "texture": "#2"},
				"down": {"uv": [0, 0, 0.03125, 0.03125], "texture": "#2"}
			}
		},
		{
			"from": [1, 1, 15],
			"to": [15, 7, 15.5],
			"faces": {
				"north": {"uv": [0, 0, 16, 12.4375], "texture": "#0"},
				"east": {"uv": [0, 0, 0.01563, 0.1875], "texture": "#1"},
				"south": {"uv": [0, 0, 16, 10.5], "texture": "#2"},
				"west": {"uv": [0, 0, 0.01563, 0.1875], "texture": "#1"},
				"up": {"uv": [0, 0, 16, 1.75], "texture": "#1"},
				"down": {"uv": [0, 0, 0.4375, 0.01563], "texture": "#1"}
			}
		},
		{
			"from": [1, 7, 14.8],
			"to": [15, 16, 15.3],
			"faces": {
				"north": {"uv": [0, 0, 16, 11.4375], "texture": "#0"},
				"east": {"uv": [0, 0, 0.01563, 0.28125], "texture": "#missing"},
				"south": {"uv": [0.03125, 2.75, 16.03125, 16.03125], "texture": "#0"},
				"west": {"uv": [0, 0, 0.01563, 0.28125], "texture": "#missing"},
				"up": {"uv": [0, 0, 0.4375, 0.01563], "texture": "#missing"},
				"down": {"uv": [0, 0, 0.4375, 0.01563], "texture": "#missing"}
			}
		},
		{
			"from": [1, 1, 0.4],
			"to": [4, 7, 0.9],
			"faces": {
				"north": {"uv": [11.5, 0.03125, 16.03125, 8.9375], "texture": "#2"},
				"east": {"uv": [0, 0, 0.01563, 0.1875], "texture": "#missing"},
				"south": {"uv": [0, 0, 0.09375, 0.1875], "texture": "#missing"},
				"west": {"uv": [0, 0, 0.01563, 0.1875], "texture": "#missing"},
				"up": {"uv": [0, 0, 0.09375, 0.01563], "texture": "#missing"},
				"down": {"uv": [0, 0, 0.09375, 0.01563], "texture": "#missing"}
			}
		},
		{
			"from": [1, 7, 0.4],
			"to": [4, 16, 0.9],
			"faces": {
				"north": {"uv": [10.75, 0.0625, 13.625, 16.03125], "texture": "#0"},
				"east": {"uv": [0, 0, 0.01563, 0.28125], "texture": "#missing"},
				"south": {"uv": [0, 0, 0.09375, 0.28125], "texture": "#missing"},
				"west": {"uv": [0, 0, 0.01563, 0.28125], "texture": "#missing"},
				"up": {"uv": [0, 0, 0.09375, 0.01563], "texture": "#missing"},
				"down": {"uv": [0, 0, 0.09375, 0.01563], "texture": "#missing"}
			}
		},
		{
			"from": [4, 9, 0.4],
			"to": [12, 16, 0.9],
			"faces": {
				"north": {"uv": [0, 0, 11.09375, 16], "texture": "#0"},
				"east": {"uv": [0, 0, 0.01563, 0.21875], "texture": "#missing"},
				"south": {"uv": [0, 0, 0.25, 0.21875], "texture": "#missing"},
				"west": {"uv": [0, 0, 0.01563, 0.21875], "texture": "#missing"},
				"up": {"uv": [0, 0, 0.25, 0.01563], "texture": "#missing"},
				"down": {"uv": [0, 0, 0.25, 0.01563], "texture": "#missing"}
			}
		},
		{
			"from": [12, 1, 0.4],
			"to": [15, 7, 0.9],
			"faces": {
				"north": {"uv": [0, 0, 5.375, 6.96875], "texture": "#2"},
				"east": {"uv": [0, 0, 0.01563, 0.1875], "texture": "#1"},
				"south": {"uv": [0, 0, 0.09375, 0.1875], "texture": "#1"},
				"west": {"uv": [0, 0, 0.01563, 0.1875], "texture": "#1"},
				"up": {"uv": [0, 0, 0.09375, 0.01563], "texture": "#1"},
				"down": {"uv": [0, 0, 0.09375, 0.01563], "texture": "#1"}
			}
		},
		{
			"from": [12, 7, 0.4],
			"to": [15, 16, 0.9],
			"faces": {
				"north": {"uv": [11.84375, 0, 16, 16], "texture": "#0"},
				"east": {"uv": [0, 0, 0.01563, 0.28125], "texture": "#0"},
				"south": {"uv": [0, 0, 0.09375, 0.28125], "texture": "#0"},
				"west": {"uv": [0, 0, 0.01563, 0.28125], "texture": "#0"},
				"up": {"uv": [0, 0, 0.09375, 0.01563], "texture": "#0"},
				"down": {"uv": [0, 0, 0.09375, 0.01563], "texture": "#0"}
			}
		},
		{
			"from": [15.5, 1, 1],
			"to": [16, 7, 15],
			"rotation": {"angle": 0, "axis": "y", "origin": [8, 4, 7.75]},
			"faces": {
				"north": {"uv": [0, 0, 0.01563, 0.1875], "texture": "#1"},
				"east": {"uv": [0, 0, 16, 11], "texture": "#2"},
				"south": {"uv": [0, 0, 0.01563, 0.1875], "texture": "#1"},
				"west": {"uv": [0, 0, 16, 10], "texture": "#0"},
				"up": {"uv": [0, 0, 16, 1.21875], "rotation": 270, "texture": "#1"},
				"down": {"uv": [0, 0, 0.4375, 0.01563], "rotation": 90, "texture": "#1"}
			}
		},
		{
			"from": [15.3, 7, 1],
			"to": [15.8, 16, 15],
			"rotation": {"angle": 0, "axis": "y", "origin": [8, 4, 7.75]},
			"faces": {
				"north": {"uv": [0, 0, 0.01563, 0.28125], "texture": "#missing"},
				"east": {"uv": [0, 3.59375, 16, 16.03125], "texture": "#0"},
				"south": {"uv": [0, 0, 0.01563, 0.28125], "texture": "#missing"},
				"west": {"uv": [0, 0, 16, 13.15625], "texture": "#0"},
				"up": {"uv": [0, 0, 0.4375, 0.01563], "rotation": 270, "texture": "#missing"},
				"down": {"uv": [0, 0, 0.4375, 0.01563], "rotation": 90, "texture": "#missing"}
			}
		},
		{
			"from": [0, 1, 1],
			"to": [0.5, 7, 15],
			"rotation": {"angle": 0, "axis": "y", "origin": [8, 4, 7.75]},
			"faces": {
				"north": {"uv": [0, 0, 0.01563, 0.1875], "texture": "#missing"},
				"east": {"uv": [0, 0, 16, 12.125], "texture": "#0"},
				"south": {"uv": [0, 0, 0.01563, 0.1875], "texture": "#missing"},
				"west": {"uv": [0, 0, 16, 11.03125], "texture": "#2"},
				"up": {"uv": [0, 0, 16, 1.25], "rotation": 270, "texture": "#1"},
				"down": {"uv": [0, 0, 0.4375, 0.01563], "rotation": 90, "texture": "#missing"}
			}
		},
		{
			"from": [0.2, 7, 1],
			"to": [0.7, 16, 15],
			"rotation": {"angle": 0, "axis": "y", "origin": [8, 4, 7.75]},
			"faces": {
				"north": {"uv": [0, 0, 0.01563, 0.28125], "texture": "#missing"},
				"east": {"uv": [0, 0, 16, 16], "texture": "#0"},
				"south": {"uv": [0, 0, 0.01563, 0.28125], "texture": "#missing"},
				"west": {"uv": [0, 0, 16, 10.8125], "texture": "#0"},
				"up": {"uv": [0, 0, 0.4375, 0.01563], "rotation": 270, "texture": "#missing"},
				"down": {"uv": [0, 0, 0.4375, 0.01563], "rotation": 90, "texture": "#missing"}
			}
		},
		{
			"from": [4, 1, 0.4],
			"to": [12, 4, 0.9],
			"faces": {
				"north": {"uv": [0, 0, 15.96875, 2.90625], "texture": "#2"},
				"east": {"uv": [0, 0, 0.01563, 0.09375], "texture": "#missing"},
				"south": {"uv": [0, 0, 0.25, 0.09375], "texture": "#missing"},
				"west": {"uv": [0, 0, 0.01563, 0.09375], "texture": "#missing"},
				"up": {"uv": [0, 0, 0.25, 0.01563], "texture": "#missing"},
				"down": {"uv": [0, 0, 0.25, 0.01563], "texture": "#missing"}
			}
		},
		{
			"from": [4, 4, 0.2],
			"to": [12, 5.5, 0.7],
			"faces": {
				"north": {"uv": [0, 10.375, 15.96875, 15.96875], "texture": "#4"},
				"east": {"uv": [0, 0, 0.01563, 0.04688], "texture": "#3"},
				"south": {"uv": [0, 0, 0.25, 0.04688], "texture": "#3"},
				"west": {"uv": [0, 0, 0.01563, 0.04688], "texture": "#3"},
				"up": {"uv": [0, 0, 0.25, 0.01563], "texture": "#3"},
				"down": {"uv": [0, 0, 0.25, 0.01563], "texture": "#3"}
			}
		},
		{
			"from": [4, 8, 0.2],
			"to": [12, 9.5, 0.7],
			"faces": {
				"north": {"uv": [0, 0, 15.96875, 3.6875], "texture": "#4"},
				"east": {"uv": [0, 0, 0.01563, 0.04688], "texture": "#3"},
				"south": {"uv": [0, 0, 0.25, 0.04688], "texture": "#3"},
				"west": {"uv": [0, 0, 0.01563, 0.04688], "texture": "#3"},
				"up": {"uv": [0, 0, 0.25, 0.01563], "texture": "#3"},
				"down": {"uv": [0, 0, 0.25, 0.01563], "texture": "#3"}
			}
		},
		{
			"from": [4, 5.5, 0.3],
			"to": [4.5, 9, 0.7],
			"faces": {
				"north": {"uv": [14.25, 0, 15.96875, 15.96875], "texture": "#4"},
				"east": {"uv": [0, 0, 0.0125, 0.10938], "texture": "#3"},
				"south": {"uv": [0, 0, 0.01563, 0.10938], "texture": "#3"},
				"west": {"uv": [0, 0, 0.0125, 0.10938], "texture": "#3"},
				"up": {"uv": [0, 0, 0.01563, 0.0125], "texture": "#3"},
				"down": {"uv": [0, 0, 0.01563, 0.0125], "texture": "#3"}
			}
		},
		{
			"from": [11.5, 5.5, 0.3],
			"to": [12, 9, 0.7],
			"faces": {
				"north": {"uv": [0, 0, 1.4375, 15.96875], "texture": "#4"},
				"east": {"uv": [0, 0, 0.0125, 0.10938], "texture": "#3"},
				"south": {"uv": [0, 0, 0.01563, 0.10938], "texture": "#3"},
				"west": {"uv": [0, 0, 0.0125, 0.10938], "texture": "#3"},
				"up": {"uv": [0, 0, 0.01563, 0.0125], "texture": "#3"},
				"down": {"uv": [0, 0, 0.01563, 0.0125], "texture": "#3"}
			}
		},
		{
			"from": [9.5, 5.5, 0.3],
			"to": [9.6, 9, 0.7],
			"faces": {
				"north": {"uv": [0, 0, 0.00312, 0.10938], "texture": "#2"},
				"east": {"uv": [0, 0, 15.96875, 15.96875], "texture": "#2"},
				"south": {"uv": [0, 0, 0.00312, 0.10938], "texture": "#2"},
				"west": {"uv": [0, 0, 0.0125, 0.10938], "texture": "#2"},
				"up": {"uv": [0, 0, 0.00312, 0.0125], "texture": "#2"},
				"down": {"uv": [0, 0, 0.00312, 0.0125], "texture": "#2"}
			}
		},
		{
			"from": [10.5, 5.5, 0.3],
			"to": [10.6, 9, 0.7],
			"faces": {
				"north": {"uv": [0, 0, 0.00312, 0.10938], "texture": "#2"},
				"east": {"uv": [0, 0, 15.96875, 15.96875], "texture": "#2"},
				"south": {"uv": [0, 0, 0.00312, 0.10938], "texture": "#2"},
				"west": {"uv": [0, 0, 0.0125, 0.10938], "texture": "#2"},
				"up": {"uv": [0, 0, 0.00312, 0.0125], "texture": "#2"},
				"down": {"uv": [0, 0, 0.00312, 0.0125], "texture": "#2"}
			}
		},
		{
			"from": [5.5, 5.5, 0.3],
			"to": [5.6, 9, 0.7],
			"faces": {
				"north": {"uv": [0, 0, 0.00312, 0.10938], "texture": "#2"},
				"east": {"uv": [0, 0, 15.96875, 15.96875], "texture": "#2"},
				"south": {"uv": [0, 0, 0.00312, 0.10938], "texture": "#2"},
				"west": {"uv": [0, 0, 0.0125, 0.10938], "texture": "#2"},
				"up": {"uv": [0, 0, 0.00312, 0.0125], "texture": "#2"},
				"down": {"uv": [0, 0, 0.00312, 0.0125], "texture": "#2"}
			}
		},
		{
			"from": [8.5, 5.5, 0.3],
			"to": [8.6, 9, 0.7],
			"faces": {
				"north": {"uv": [0, 0, 0.00312, 0.10938], "texture": "#2"},
				"east": {"uv": [0, 0, 15.96875, 15.96875], "texture": "#2"},
				"south": {"uv": [0, 0, 0.00312, 0.10938], "texture": "#2"},
				"west": {"uv": [0, 0, 0.0125, 0.10938], "texture": "#2"},
				"up": {"uv": [0, 0, 0.00312, 0.0125], "texture": "#2"},
				"down": {"uv": [0, 0, 0.00312, 0.0125], "texture": "#2"}
			}
		},
		{
			"from": [7.5, 5.5, 0.3],
			"to": [7.6, 9, 0.7],
			"faces": {
				"north": {"uv": [0, 0, 0.00312, 0.10938], "texture": "#2"},
				"east": {"uv": [0, 0, 15.96875, 15.96875], "texture": "#2"},
				"south": {"uv": [0, 0, 0.00312, 0.10938], "texture": "#2"},
				"west": {"uv": [0, 0, 0.0125, 0.10938], "texture": "#2"},
				"up": {"uv": [0, 0, 0.00312, 0.0125], "texture": "#2"},
				"down": {"uv": [0, 0, 0.00312, 0.0125], "texture": "#2"}
			}
		},
		{
			"from": [6.5, 5.5, 0.3],
			"to": [6.6, 9, 0.7],
			"faces": {
				"north": {"uv": [0, 0, 0.00312, 0.10938], "texture": "#2"},
				"east": {"uv": [0, 0, 15.96875, 15.96875], "texture": "#2"},
				"south": {"uv": [0, 0, 0.00312, 0.10938], "texture": "#2"},
				"west": {"uv": [0, 0, 0.0125, 0.10938], "texture": "#2"},
				"up": {"uv": [0, 0, 0.00312, 0.0125], "texture": "#2"},
				"down": {"uv": [0, 0, 0.00312, 0.0125], "texture": "#2"}
			}
		},
		{
			"from": [4, 6.5, 0],
			"to": [5, 6.7, 0.2],
			"faces": {
				"north": {"uv": [0, 0, 16, 15.96875], "texture": "#3"},
				"east": {"uv": [0, 0, 0.00625, 0.00625], "texture": "#2"},
				"south": {"uv": [0, 0, 0.03125, 0.00625], "texture": "#2"},
				"west": {"uv": [0, 0, 0.00625, 0.00625], "texture": "#2"},
				"up": {"uv": [0, 0, 0.03125, 0.00625], "texture": "#2"},
				"down": {"uv": [0, 0, 0.03125, 0.00625], "texture": "#2"}
			}
		},
		{
			"from": [1, 0, 1],
			"to": [15, 1, 15],
			"faces": {
				"north": {"uv": [0, 0, 0.4375, 0.03125], "texture": "#missing"},
				"east": {"uv": [0, 0, 0.4375, 0.03125], "texture": "#missing"},
				"south": {"uv": [0, 0, 0.4375, 0.03125], "texture": "#missing"},
				"west": {"uv": [0, 0, 0.4375, 0.03125], "texture": "#missing"},
				"up": {"uv": [0, 0, 0.4375, 0.4375], "texture": "#missing"},
				"down": {"uv": [0, 0, 16, 16], "texture": "#0"}
			}
		},
		{
			"from": [1, 4.5, 1],
			"to": [15, 5, 15],
			"faces": {
				"north": {"uv": [0, 0, 0.4375, 0.01563], "texture": "#missing"},
				"east": {"uv": [0, 0, 0.4375, 0.01563], "texture": "#missing"},
				"south": {"uv": [0, 0, 0.4375, 0.01563], "texture": "#missing"},
				"west": {"uv": [0, 0, 0.4375, 0.01563], "texture": "#missing"},
				"up": {"uv": [0, 0, 16, 16], "texture": "#0"},
				"down": {"uv": [0, 0, 0.4375, 0.4375], "texture": "#missing"}
			}
		},
		{
			"from": [1, 16, 1],
			"to": [15, 17, 15],
			"faces": {
				"north": {"uv": [0, 0, 0.4375, 0.03125], "texture": "#missing"},
				"east": {"uv": [0, 0, 0.4375, 0.03125], "texture": "#missing"},
				"south": {"uv": [0, 0, 0.4375, 0.03125], "texture": "#missing"},
				"west": {"uv": [0, 0, 0.4375, 0.03125], "texture": "#missing"},
				"up": {"uv": [0, 0, 16, 16], "texture": "#0"},
				"down": {"uv": [0, 0, 16, 16], "texture": "#3"}
			}
		},
		{
			"from": [1, 13.5, 15],
			"to": [3, 13.8, 16],
			"faces": {
				"north": {"uv": [0, 0, 0.0625, 0.00938], "texture": "#2"},
				"east": {"uv": [0, 0, 0.03125, 0.00938], "texture": "#2"},
				"south": {"uv": [0, 0, 16, 15.96875], "texture": "#2"},
				"west": {"uv": [0, 0, 0.03125, 0.00938], "texture": "#2"},
				"up": {"uv": [0, 0, 0.0625, 0.03125], "texture": "#2"},
				"down": {"uv": [0, 0, 0.0625, 0.03125], "texture": "#3"}
			}
		},
		{
			"from": [1, 13.5, 0],
			"to": [3, 13.8, 1],
			"faces": {
				"north": {"uv": [0, 0, 16, 15.96875], "texture": "#2"},
				"east": {"uv": [0, 0, 0.03125, 0.00938], "texture": "#2"},
				"south": {"uv": [0, 0, 0.0625, 0.00938], "texture": "#2"},
				"west": {"uv": [0, 0, 0.03125, 0.00938], "texture": "#2"},
				"up": {"uv": [0, 0, 0.0625, 0.03125], "texture": "#2"},
				"down": {"uv": [0, 0, 0.0625, 0.03125], "texture": "#2"}
			}
		},
		{
			"from": [15.5, 13.5, 13],
			"to": [16, 13.8, 15],
			"rotation": {"angle": 0, "axis": "y", "origin": [8, 14.2, 15.5]},
			"faces": {
				"north": {"uv": [0, 0, 0.01563, 0.00938], "texture": "#2"},
				"east": {"uv": [0, 0, 16, 15.96875], "texture": "#2"},
				"south": {"uv": [0, 0, 0.01563, 0.00938], "texture": "#2"},
				"west": {"uv": [0, 0, 0.0625, 0.00938], "texture": "#2"},
				"up": {"uv": [0, 0, 0.0625, 0.01563], "rotation": 270, "texture": "#2"},
				"down": {"uv": [0, 0, 0.0625, 0.01563], "rotation": 90, "texture": "#2"}
			}
		},
		{
			"from": [0, 13.5, 13],
			"to": [0.5, 13.8, 15],
			"rotation": {"angle": 0, "axis": "y", "origin": [8, 14.2, 15.5]},
			"faces": {
				"north": {"uv": [0, 0, 0.01563, 0.00938], "texture": "#2"},
				"east": {"uv": [0, 0, 0.0625, 0.00938], "texture": "#2"},
				"south": {"uv": [0, 0, 0.01563, 0.00938], "texture": "#2"},
				"west": {"uv": [0, 0, 16, 15.96875], "texture": "#2"},
				"up": {"uv": [0, 0, 0.0625, 0.01563], "rotation": 270, "texture": "#2"},
				"down": {"uv": [0, 0, 0.0625, 0.01563], "rotation": 90, "texture": "#2"}
			}
		},
		{
			"from": [13, 13.5, 15],
			"to": [15, 13.8, 16],
			"faces": {
				"north": {"uv": [0, 0, 0.0625, 0.00938], "texture": "#2"},
				"east": {"uv": [0, 0, 0.03125, 0.00938], "texture": "#2"},
				"south": {"uv": [0, 0, 16, 15.96875], "texture": "#2"},
				"west": {"uv": [0, 0, 0.03125, 0.00938], "texture": "#2"},
				"up": {"uv": [0, 0, 16, 16], "texture": "#2"},
				"down": {"uv": [0, 0, 0.0625, 0.03125], "texture": "#2"}
			}
		},
		{
			"from": [13, 13.5, 0],
			"to": [15, 13.8, 1],
			"faces": {
				"north": {"uv": [0, 0, 16, 15.96875], "texture": "#2"},
				"east": {"uv": [0, 0, 0.03125, 0.00938], "texture": "#2"},
				"south": {"uv": [0, 0, 0.0625, 0.00938], "texture": "#2"},
				"west": {"uv": [0, 0, 0.03125, 0.00938], "texture": "#2"},
				"up": {"uv": [0, 0, 0.0625, 0.03125], "texture": "#2"},
				"down": {"uv": [0, 0, 0.0625, 0.03125], "texture": "#2"}
			}
		},
		{
			"from": [15.5, 13.5, 1],
			"to": [16, 13.8, 3],
			"rotation": {"angle": 0, "axis": "y", "origin": [8, 14.2, 15.5]},
			"faces": {
				"north": {"uv": [0, 0, 0.01563, 0.00938], "texture": "#2"},
				"east": {"uv": [0, 0, 16, 15.96875], "texture": "#2"},
				"south": {"uv": [0, 0, 0.01563, 0.00938], "texture": "#2"},
				"west": {"uv": [0, 0, 0.0625, 0.00938], "texture": "#2"},
				"up": {"uv": [0, 0, 0.0625, 0.01563], "rotation": 270, "texture": "#2"},
				"down": {"uv": [0, 0, 0.0625, 0.01563], "rotation": 90, "texture": "#2"}
			}
		},
		{
			"from": [0, 13.5, 1],
			"to": [0.5, 13.8, 3],
			"rotation": {"angle": 0, "axis": "y", "origin": [8, 14.2, 15.5]},
			"faces": {
				"north": {"uv": [0, 0, 0.01563, 0.00938], "texture": "#2"},
				"east": {"uv": [0, 0, 0.0625, 0.00938], "texture": "#2"},
				"south": {"uv": [0, 0, 0.01563, 0.00938], "texture": "#2"},
				"west": {"uv": [0, 0, 16, 15.96875], "texture": "#2"},
				"up": {"uv": [0, 0, 0.0625, 0.01563], "rotation": 270, "texture": "#2"},
				"down": {"uv": [0, 0, 0.0625, 0.01563], "rotation": 90, "texture": "#2"}
			}
		},
		{
			"from": [12.7, 13.5, 15],
			"to": [13, 16, 16],
			"faces": {
				"north": {"uv": [0, 0, 0.00938, 0.07813], "texture": "#2"},
				"east": {"uv": [0, 0, 0.03125, 0.07813], "texture": "#2"},
				"south": {"uv": [0, 0, 15.96875, 15.96875], "texture": "#2"},
				"west": {"uv": [0, 0, 0.03125, 0.07813], "texture": "#2"},
				"up": {"uv": [0, 0, 0.00938, 0.03125], "texture": "#2"},
				"down": {"uv": [0, 0, 0.00938, 0.03125], "texture": "#2"}
			}
		},
		{
			"from": [12.7, 13.5, 0],
			"to": [13, 16, 1],
			"faces": {
				"north": {"uv": [0, 0, 15.96875, 15.96875], "texture": "#2"},
				"east": {"uv": [0, 0, 0.03125, 0.07813], "texture": "#2"},
				"south": {"uv": [0, 0, 0.00938, 0.07813], "texture": "#2"},
				"west": {"uv": [0, 0, 0.03125, 0.07813], "texture": "#2"},
				"up": {"uv": [0, 0, 0.00938, 0.03125], "texture": "#2"},
				"down": {"uv": [0, 0, 0.00938, 0.03125], "texture": "#2"}
			}
		},
		{
			"from": [15.5, 13.5, 3],
			"to": [16, 16, 3.3],
			"rotation": {"angle": 0, "axis": "y", "origin": [8, 14.2, 15.5]},
			"faces": {
				"north": {"uv": [0, 0, 0.01563, 0.07813], "texture": "#2"},
				"east": {"uv": [0, 0, 0.00938, 0.07813], "texture": "#2"},
				"south": {"uv": [0, 0, 15.96875, 15.96875], "texture": "#2"},
				"west": {"uv": [0, 0, 0.00938, 0.07813], "texture": "#2"},
				"up": {"uv": [0, 0, 0.00938, 0.01563], "rotation": 270, "texture": "#2"},
				"down": {"uv": [0, 0, 0.00938, 0.01563], "rotation": 90, "texture": "#2"}
			}
		},
		{
			"from": [0, 13.5, 3],
			"to": [0.5, 16, 3.3],
			"rotation": {"angle": 0, "axis": "y", "origin": [8, 14.2, 15.5]},
			"faces": {
				"north": {"uv": [0, 0, 0.01563, 0.07813], "texture": "#2"},
				"east": {"uv": [0, 0, 0.00938, 0.07813], "texture": "#2"},
				"south": {"uv": [0, 0, 0.01563, 0.07813], "texture": "#2"},
				"west": {"uv": [0, 0, 15.96875, 15.96875], "texture": "#2"},
				"up": {"uv": [0, 0, 0.00938, 0.01563], "rotation": 270, "texture": "#2"},
				"down": {"uv": [0, 0, 0.00938, 0.01563], "rotation": 90, "texture": "#2"}
			}
		},
		{
			"from": [3, 13.5, 15],
			"to": [3.3, 16, 16],
			"faces": {
				"north": {"uv": [0, 0, 0.00938, 0.07813], "texture": "#2"},
				"east": {"uv": [0, 0, 16, 15.96875], "texture": "#2"},
				"south": {"uv": [0, 0, 0.00938, 0.07813], "texture": "#2"},
				"west": {"uv": [0, 0, 0.03125, 0.07813], "texture": "#2"},
				"up": {"uv": [0, 0, 0.00938, 0.03125], "texture": "#2"},
				"down": {"uv": [0, 0, 0.00938, 0.03125], "texture": "#2"}
			}
		},
		{
			"from": [3, 13.5, 0],
			"to": [3.3, 16, 1],
			"faces": {
				"north": {"uv": [0, 0, 15.96875, 15.96875], "texture": "#2"},
				"east": {"uv": [0, 0, 0.03125, 0.07813], "texture": "#2"},
				"south": {"uv": [0, 0, 0.00938, 0.07813], "texture": "#2"},
				"west": {"uv": [0, 0, 0.03125, 0.07813], "texture": "#2"},
				"up": {"uv": [0, 0, 0.00938, 0.03125], "texture": "#2"},
				"down": {"uv": [0, 0, 0.00938, 0.03125], "texture": "#2"}
			}
		},
		{
			"from": [15.5, 13.5, 13],
			"to": [16, 16, 13.3],
			"rotation": {"angle": 0, "axis": "y", "origin": [8, 14.2, 15.5]},
			"faces": {
				"north": {"uv": [0, 0, 0.01563, 0.07813], "texture": "#2"},
				"east": {"uv": [0, 0, 15.96875, 15.96875], "texture": "#2"},
				"south": {"uv": [0, 0, 0.01563, 0.07813], "texture": "#2"},
				"west": {"uv": [0, 0, 0.00938, 0.07813], "texture": "#2"},
				"up": {"uv": [0, 0, 0.00938, 0.01563], "rotation": 270, "texture": "#2"},
				"down": {"uv": [0, 0, 0.00938, 0.01563], "rotation": 90, "texture": "#2"}
			}
		},
		{
			"from": [0, 13.5, 13],
			"to": [0.5, 16, 13.3],
			"rotation": {"angle": 0, "axis": "y", "origin": [8, 14.2, 15.5]},
			"faces": {
				"north": {"uv": [0, 0, 0.01563, 0.07813], "texture": "#2"},
				"east": {"uv": [0, 0, 0.00938, 0.07813], "texture": "#2"},
				"south": {"uv": [0, 0, 0.01563, 0.07813], "texture": "#2"},
				"west": {"uv": [0, 0, 15.96875, 15.96875], "texture": "#2"},
				"up": {"uv": [0, 0, 0.00938, 0.01563], "rotation": 270, "texture": "#2"},
				"down": {"uv": [0, 0, 0.00938, 0.01563], "rotation": 90, "texture": "#2"}
			}
		},
		{
			"from": [4, 5, 1],
			"to": [12, 9, 1],
			"faces": {
				"north": {"uv": [0, 3, 15.96875, 13.59375], "texture": "#5"},
				"east": {"uv": [0, 0, 0, 0.125], "texture": "#missing"},
				"south": {"uv": [0, 0, 0.25, 0.125], "texture": "#missing"},
				"west": {"uv": [0, 0, 0, 0.125], "texture": "#missing"},
				"up": {"uv": [0, 0, 0.25, 0], "texture": "#missing"},
				"down": {"uv": [0, 0, 0.25, 0], "texture": "#missing"}
			}
		}
	]
}