{
    "variants": {
        "facing=east,half=bottom,shape=straight":     { "model": "stone/stone_brick_stairs",                 "y":   0, "uvlock": true },
        "facing=south,half=bottom,shape=straight":    { "model": "stone/stone_brick_stairs",                 "y":  90, "uvlock": true },
        "facing=west,half=bottom,shape=straight":     { "model": "stone/stone_brick_stairs",                 "y": 180, "uvlock": true },
        "facing=north,half=bottom,shape=straight":    { "model": "stone/stone_brick_stairs",                 "y": 270, "uvlock": true },
        "facing=east,half=bottom,shape=outer_right":  { "model": "stone/stone_brick_outer_stairs",           "y":   0, "uvlock": true },
        "facing=south,half=bottom,shape=outer_right": { "model": "stone/stone_brick_outer_stairs",           "y":  90, "uvlock": true },
        "facing=west,half=bottom,shape=outer_right":  { "model": "stone/stone_brick_outer_stairs",           "y": 180, "uvlock": true },
        "facing=north,half=bottom,shape=outer_right": { "model": "stone/stone_brick_outer_stairs",           "y": 270, "uvlock": true },
        "facing=south,half=bottom,shape=outer_left":  { "model": "stone/stone_brick_outer_stairs",           "y":   0, "uvlock": true },
        "facing=west,half=bottom,shape=outer_left":   { "model": "stone/stone_brick_outer_stairs",           "y":  90, "uvlock": true },
        "facing=north,half=bottom,shape=outer_left":  { "model": "stone/stone_brick_outer_stairs",           "y": 180, "uvlock": true },
        "facing=east,half=bottom,shape=outer_left":   { "model": "stone/stone_brick_outer_stairs",           "y": 270, "uvlock": true },
        "facing=east,half=bottom,shape=inner_right":  { "model": "stone/stone_brick_inner_stairs",           "y":   0, "uvlock": true },
        "facing=south,half=bottom,shape=inner_right": { "model": "stone/stone_brick_inner_stairs",           "y":  90, "uvlock": true },
        "facing=west,half=bottom,shape=inner_right":  { "model": "stone/stone_brick_inner_stairs",           "y": 180, "uvlock": true },
        "facing=north,half=bottom,shape=inner_right": { "model": "stone/stone_brick_inner_stairs",           "y": 270, "uvlock": true },
        "facing=south,half=bottom,shape=inner_left":  { "model": "stone/stone_brick_inner_stairs",           "y":   0, "uvlock": true },
        "facing=west,half=bottom,shape=inner_left":   { "model": "stone/stone_brick_inner_stairs",           "y":  90, "uvlock": true },
        "facing=north,half=bottom,shape=inner_left":  { "model": "stone/stone_brick_inner_stairs",           "y": 180, "uvlock": true },
        "facing=east,half=bottom,shape=inner_left":   { "model": "stone/stone_brick_inner_stairs",           "y": 270, "uvlock": true },
        "facing=east,half=top,shape=straight":        { "model": "stone/stone_brick_stairs",       "x": 180, "y":   0, "uvlock": true },
        "facing=south,half=top,shape=straight":       { "model": "stone/stone_brick_stairs",       "x": 180, "y":  90, "uvlock": true },
        "facing=west,half=top,shape=straight":        { "model": "stone/stone_brick_stairs",       "x": 180, "y": 180, "uvlock": true },
        "facing=north,half=top,shape=straight":       { "model": "stone/stone_brick_stairs",       "x": 180, "y": 270, "uvlock": true },
        "facing=north,half=top,shape=outer_right":    { "model": "stone/stone_brick_outer_stairs", "x": 180, "y":   0, "uvlock": true },
        "facing=east,half=top,shape=outer_right":     { "model": "stone/stone_brick_outer_stairs", "x": 180, "y":  90, "uvlock": true },
        "facing=south,half=top,shape=outer_right":    { "model": "stone/stone_brick_outer_stairs", "x": 180, "y": 180, "uvlock": true },
        "facing=west,half=top,shape=outer_right":     { "model": "stone/stone_brick_outer_stairs", "x": 180, "y": 270, "uvlock": true },
        "facing=east,half=top,shape=outer_left":      { "model": "stone/stone_brick_outer_stairs", "x": 180, "y":   0, "uvlock": true },
        "facing=south,half=top,shape=outer_left":     { "model": "stone/stone_brick_outer_stairs", "x": 180, "y":  90, "uvlock": true },
        "facing=west,half=top,shape=outer_left":      { "model": "stone/stone_brick_outer_stairs", "x": 180, "y": 180, "uvlock": true },
        "facing=north,half=top,shape=outer_left":     { "model": "stone/stone_brick_outer_stairs", "x": 180, "y": 270, "uvlock": true },
        "facing=north,half=top,shape=inner_right":    { "model": "stone/stone_brick_inner_stairs", "x": 180, "y":   0, "uvlock": true },
        "facing=east,half=top,shape=inner_right":     { "model": "stone/stone_brick_inner_stairs", "x": 180, "y":  90, "uvlock": true },
        "facing=south,half=top,shape=inner_right":    { "model": "stone/stone_brick_inner_stairs", "x": 180, "y": 180, "uvlock": true },
        "facing=west,half=top,shape=inner_right":     { "model": "stone/stone_brick_inner_stairs", "x": 180, "y": 270, "uvlock": true },
        "facing=north,half=top,shape=inner_left":     { "model": "stone/stone_brick_inner_stairs", "x": 180, "y":   0, "uvlock": true },
        "facing=east,half=top,shape=inner_left":      { "model": "stone/stone_brick_inner_stairs", "x": 180, "y":  90, "uvlock": true },
        "facing=south,half=top,shape=inner_left":     { "model": "stone/stone_brick_inner_stairs", "x": 180, "y": 180, "uvlock": true },
        "facing=west,half=top,shape=inner_left":      { "model": "stone/stone_brick_inner_stairs", "x": 180, "y": 270, "uvlock": true }
    }
}
