{"parent":"block/door_top_left_open","textures":{"top":"block/acacia_door_top"},"elements":[{"from":[0,0,13],"to":[3,16,16],"faces":{"north":{"uv":[3,0,2,16],"texture":"#top"},"east":{"uv":[0,0,3,16],"texture":"#top"},"south":{"uv":[0,0,3,16],"texture":"#top","cullface":"north"},"west":{"uv":[3,0,0,16],"texture":"#top","cullface":"west"}}},{"from":[0,0,0],"to":[3,16,3],"faces":{"north":{"uv":[0,0,3,16],"texture":"#top","cullface":"south"},"east":{"uv":[13,0,16,16],"texture":"#top"},"south":{"uv":[14,0,13,16],"texture":"#top"},"west":{"uv":[16,0,13,16],"texture":"#top","cullface":"west"}}},{"from":[0,13,0],"to":[3,16,16],"faces":{"east":{"uv":[0,0,16,3],"texture":"#top"},"west":{"uv":[16,0,0,3],"texture":"#top","cullface":"west"},"up":{"uv":[16,0,0,3],"texture":"#top","cullface":"up","rotation":90},"down":{"uv":[16,2,0,3],"texture":"#top","rotation":270}}},{"from":[-0.4921875,0.0078125,15],"to":[0,1,15.9921875],"faces":{"north":{"uv":[0,15,1,16],"texture":"#top","cullface":"west"},"south":{"uv":[0,15,1,16],"texture":"#top","cullface":"west"},"west":{"uv":[0,15,1,16],"texture":"#top","cullface":"west"},"up":{"uv":[1,16,0,15],"texture":"#top","cullface":"west","rotation":90}}},{"from":[-0.4921875,10,15],"to":[0,12,15.9921875],"faces":{"north":{"uv":[0,4,1,6],"texture":"#top","cullface":"west"},"south":{"uv":[0,4,1,6],"texture":"#top","cullface":"west"},"west":{"uv":[0,4,1,6],"texture":"#top","cullface":"west"},"up":{"uv":[1,5,0,4],"texture":"#top","cullface":"west","rotation":90},"down":{"uv":[1,6,0,5],"texture":"#top","cullface":"west","rotation":270}}},{"from":[2,0.0078125,-0.4921875],"to":[3,1,0],"faces":{"north":{"uv":[1,15,0,16],"texture":"#top","cullface":"south"},"east":{"uv":[1,15,0,16],"texture":"#top","cullface":"south"},"west":{"uv":[1,15,0,16],"texture":"#top","cullface":"south"},"up":{"uv":[1,15,0,16],"texture":"#top","cullface":"south"}}},{"from":[2,10,-0.4921875],"to":[3,12,0],"faces":{"north":{"uv":[1,4,0,6],"texture":"#top","cullface":"south"},"east":{"uv":[1,4,0,6],"texture":"#top","cullface":"south"},"west":{"uv":[1,4,0,6],"texture":"#top","cullface":"south"},"up":{"uv":[1,4,0,5],"texture":"#top","cullface":"south"},"down":{"uv":[1,5,0,6],"texture":"#top","cullface":"south"}}},{"from":[0.0078125,0.0078125,16],"to":[1,1,16.492188],"faces":{"east":{"uv":[1,15,0,16],"texture":"#top","cullface":"north"},"south":{"uv":[1,15,0,16],"texture":"#top","cullface":"north"},"west":{"uv":[1,15,0,16],"texture":"#top","cullface":"north"},"up":{"uv":[0,16,1,15],"texture":"#top","cullface":"north"}}},{"from":[0.0078125,10,16],"to":[1,12,16.492188],"faces":{"east":{"uv":[1,4,0,6],"texture":"#top","cullface":"north"},"south":{"uv":[1,4,0,6],"texture":"#top","cullface":"north"},"west":{"uv":[1,4,0,6],"texture":"#top","cullface":"north"},"up":{"uv":[0,5,1,4],"texture":"#top","cullface":"north"},"down":{"uv":[0,6,1,5],"texture":"#top","cullface":"north"}}},{"from":[0,1,9],"to":[3,13,11],"faces":{"north":{"uv":[7,3,6,15],"texture":"#top"},"east":{"uv":[5,3,7,15],"texture":"#top"},"south":{"uv":[6,3,5,15],"texture":"#top"},"west":{"uv":[7,3,5,15],"texture":"#top","cullface":"west"}}},{"from":[0,1,5],"to":[3,13,7],"faces":{"north":{"uv":[11,3,10,15],"texture":"#top"},"east":{"uv":[9,3,11,15],"texture":"#top"},"south":{"uv":[10,3,9,15],"texture":"#top","cullface":"north"},"west":{"uv":[11,3,9,15],"texture":"#top","cullface":"west"}}},{"from":[0,0,3],"to":[3,1,13],"faces":{"east":{"uv":[3,15,13,16],"texture":"#top"},"west":{"uv":[13,15,3,16],"texture":"#top","cullface":"west"},"up":{"uv":[5,15,6,5],"texture":"#top","cullface":"up"}}},{"from":[-0.4921875,0.0078125,1],"to":[0,1,4],"faces":{"north":{"uv":[15,15,14,16],"texture":"#top","cullface":"west"},"south":{"uv":[13,15,12,16],"texture":"#top","cullface":"west"},"west":{"uv":[15,15,12,16],"texture":"#top","cullface":"west"},"up":{"uv":[15,15,12,16],"texture":"#top","cullface":"west","rotation":90},"down":{"uv":[15,15,12,16],"texture":"#top","cullface":"west","rotation":270}}},{"from":[3,0,15],"to":[3.5,1,16],"faces":{"north":{"uv":[1,15,0,16],"texture":"#top"},"east":{"uv":[1,15,0,16],"texture":"#top"},"south":{"uv":[1,15,0,16],"texture":"#top"},"up":{"uv":[1,15,0,16],"texture":"#top","rotation":90}}},{"from":[3,10,15],"to":[3.5,12,16],"faces":{"north":{"uv":[1,4,0,6],"texture":"#top"},"east":{"uv":[1,4,0,6],"texture":"#top"},"south":{"uv":[1,4,0,6],"texture":"#top"},"up":{"uv":[1,4,0,5],"texture":"#top","rotation":90},"down":{"uv":[1,5,0,6],"texture":"#top","rotation":270}}},{"from":[3,0,1],"to":[3.5,1,4],"faces":{"north":{"uv":[14,15,15,16],"texture":"#top"},"east":{"uv":[12,15,15,16],"texture":"#top"},"south":{"uv":[12,15,13,16],"texture":"#top"},"up":{"uv":[15,16,12,15],"texture":"#top","rotation":90},"down":{"uv":[15,16,12,15],"texture":"#top","rotation":270}}}]}