{"parent":"block/door_bottom_right_open","textures":{"bottom":"block/birch_door_bottom"},"elements":[{"from":[0,0,0],"to":[3,16,3],"faces":{"north":{"uv":[3,0,0,16],"texture":"#bottom","cullface":"north"},"east":{"uv":[3,0,0,16],"texture":"#bottom"},"south":{"uv":[2,0,3,16],"texture":"#bottom"},"west":{"uv":[0,0,3,16],"texture":"#bottom","cullface":"west"}}},{"from":[0,0,0],"to":[3,12,16],"faces":{"east":{"uv":[16,4,0,16],"texture":"#bottom"},"west":{"uv":[0,4,16,16],"texture":"#bottom","cullface":"west"},"up":{"uv":[0,4,16,5],"texture":"#bottom","rotation":90},"down":{"uv":[0,16,16,13],"texture":"#bottom","cullface":"down","rotation":90}}},{"from":[1,12,3],"to":[2,16,13],"faces":{"east":{"uv":[13,0,3,4],"texture":"#bottom"},"west":{"uv":[3,0,13,4],"texture":"#bottom"}}},{"from":[0,0,13],"to":[3,16,16],"faces":{"north":{"uv":[13,0,14,16],"texture":"#bottom"},"east":{"uv":[16,0,13,16],"texture":"#bottom"},"south":{"uv":[3,0,0,16],"texture":"#bottom","cullface":"south"},"west":{"uv":[13,0,16,16],"texture":"#bottom","cullface":"west"}}},{"from":[-0.4921875,4,0.0078125],"to":[0,6,1],"faces":{"north":{"uv":[0,10,1,12],"texture":"#bottom","cullface":"west"},"south":{"uv":[0,10,1,12],"texture":"#bottom","cullface":"west"},"west":{"uv":[0,10,1,12],"texture":"#bottom","cullface":"west"},"up":{"uv":[0,10,1,11],"texture":"#bottom","cullface":"west","rotation":270},"down":{"uv":[0,11,1,12],"texture":"#bottom","cullface":"west","rotation":90}}},{"from":[-0.4921875,15,0.0078125],"to":[0,15.9921875,1],"faces":{"north":{"uv":[0,0,1,1],"texture":"#bottom","cullface":"west"},"south":{"uv":[0,0,1,1],"texture":"#bottom","cullface":"west"},"west":{"uv":[0,0,1,1],"texture":"#bottom","cullface":"west"},"down":{"uv":[0,0,1,1],"texture":"#bottom","cullface":"west","rotation":90}}},{"from":[0.0078125,4,-0.4921875],"to":[1,6,0],"faces":{"north":{"uv":[1,10,0,12],"texture":"#bottom","cullface":"north"},"east":{"uv":[1,10,0,12],"texture":"#bottom","cullface":"north"},"west":{"uv":[1,10,0,12],"texture":"#bottom","cullface":"north"},"up":{"uv":[1,10,0,11],"texture":"#bottom","cullface":"north"},"down":{"uv":[1,11,0,12],"texture":"#bottom","cullface":"north"}}},{"from":[0.0078125,15,-0.4921875],"to":[1,15.9921875,0],"faces":{"north":{"uv":[1,0,0,1],"texture":"#bottom","cullface":"north"},"east":{"uv":[1,0,0,1],"texture":"#bottom","cullface":"north"},"west":{"uv":[1,0,0,1],"texture":"#bottom","cullface":"north"},"down":{"uv":[1,0,0,1],"texture":"#bottom","cullface":"north"}}},{"from":[2,4,16],"to":[3,6,16.492188],"faces":{"east":{"uv":[1,10,0,12],"texture":"#bottom","cullface":"south"},"south":{"uv":[1,10,0,12],"texture":"#bottom","cullface":"south"},"west":{"uv":[1,10,0,12],"texture":"#bottom","cullface":"south"},"up":{"uv":[0,11,1,10],"texture":"#bottom","cullface":"south"},"down":{"uv":[0,12,1,11],"texture":"#bottom","cullface":"south"}}},{"from":[2,15,16],"to":[3,15.9921875,16.492188],"faces":{"east":{"uv":[1,0,0,1],"texture":"#bottom","cullface":"south"},"south":{"uv":[1,0,0,1],"texture":"#bottom","cullface":"south"},"west":{"uv":[1,0,0,1],"texture":"#bottom","cullface":"south"},"down":{"uv":[0,1,1,0],"texture":"#bottom","cullface":"south"}}},{"from":[3,15,0],"to":[3.5,16,1],"faces":{"north":{"uv":[0,0,1,1],"texture":"#bottom"},"east":{"uv":[0,0,1,1],"texture":"#bottom"},"south":{"uv":[0,0,1,1],"texture":"#bottom"},"down":{"uv":[0,0,1,1],"texture":"#bottom","rotation":270}}},{"from":[3,4,0],"to":[3.5,6,1],"faces":{"north":{"uv":[0,10,1,12],"texture":"#bottom"},"east":{"uv":[0,10,1,12],"texture":"#bottom"},"south":{"uv":[0,10,1,12],"texture":"#bottom"},"up":{"uv":[0,10,1,11],"texture":"#bottom","rotation":90},"down":{"uv":[0,11,1,12],"texture":"#bottom","rotation":270}}}]}