{"parent":"block/door_bottom_left_open","textures":{"bottom":"block/cherry_door_bottom"},"elements":[{"from":[0,0,13],"to":[3,16,16],"faces":{"north":{"uv":[3,0,2,16],"texture":"#bottom"},"east":{"uv":[0,0,3,16],"texture":"#bottom"},"south":{"uv":[0,0,3,16],"texture":"#bottom","cullface":"north"},"west":{"uv":[3,0,0,16],"texture":"#bottom","cullface":"west"},"down":{"uv":[3,13,0,16],"texture":"#bottom","cullface":"down","rotation":270}}},{"from":[0,0,0],"to":[3,16,3],"faces":{"north":{"uv":[0,0,3,16],"texture":"#bottom","cullface":"south"},"east":{"uv":[13,0,16,16],"texture":"#bottom"},"south":{"uv":[14,0,13,16],"texture":"#bottom"},"west":{"uv":[16,0,13,16],"texture":"#bottom","cullface":"west"},"down":{"uv":[16,13,13,16],"texture":"#bottom","cullface":"down","rotation":270}}},{"from":[0.5,0,3],"to":[2.5,12,13],"faces":{"east":{"uv":[3,4,13,16],"texture":"#bottom"},"west":{"uv":[13,4,3,16],"texture":"#bottom"},"down":{"uv":[13,13.5,3,15.5],"texture":"#bottom","cullface":"down","rotation":270}}},{"from":[0,12,3],"to":[3,15,13],"faces":{"east":{"uv":[3,1,13,4],"texture":"#bottom"},"west":{"uv":[13,1,3,4],"texture":"#bottom","cullface":"west"},"up":{"uv":[13,1,3,2],"texture":"#bottom","rotation":90},"down":{"uv":[13,3,3,4],"texture":"#bottom","rotation":270}}},{"from":[0.5,15,6],"to":[2.5,16,10],"faces":{"north":{"uv":[10,0,9,1],"texture":"#bottom"},"east":{"uv":[6,0,10,1],"texture":"#bottom"},"south":{"uv":[7,0,6,1],"texture":"#bottom"},"west":{"uv":[10,0,6,1],"texture":"#bottom"},"up":{"uv":[10,0,6,1],"texture":"#bottom","rotation":90}}},{"from":[0.5,15,11],"to":[2.5,16,13],"faces":{"north":{"uv":[5,0,4,1],"texture":"#bottom"},"east":{"uv":[11,0,13,1],"texture":"#bottom"},"west":{"uv":[5,0,3,1],"texture":"#bottom"},"up":{"uv":[5,0,3,1],"texture":"#bottom","rotation":90}}},{"from":[0.5,15,3],"to":[2.5,16,5],"faces":{"east":{"uv":[3,0,5,1],"texture":"#bottom"},"south":{"uv":[12,0,11,1],"texture":"#bottom"},"west":{"uv":[13,0,11,1],"texture":"#bottom"},"up":{"uv":[13,0,11,1],"texture":"#bottom","rotation":90}}},{"from":[-0.4921875,9,7],"to":[0.5,10,9],"faces":{"west":{"uv":[9,6,7,7],"texture":"#bottom","cullface":"west"},"up":{"uv":[9,6,7,7],"texture":"#bottom","cullface":"west","rotation":90},"down":{"uv":[9,6,7,7],"texture":"#bottom","rotation":270}}},{"from":[-0.4921875,12,7],"to":[0,13,9],"faces":{"west":{"uv":[9,3,7,4],"texture":"#bottom","cullface":"west"},"up":{"uv":[9,3,7,4],"texture":"#bottom","cullface":"west","rotation":90},"down":{"uv":[9,3,7,4],"texture":"#bottom","cullface":"west","rotation":270}}},{"from":[-0.4921875,10,9],"to":[0.5,12,10],"faces":{"north":{"uv":[7,4,6,6],"texture":"#bottom","cullface":"west"},"south":{"uv":[7,4,6,6],"texture":"#bottom"},"west":{"uv":[7,4,6,6],"texture":"#bottom","cullface":"west"}}},{"from":[-0.4921875,12,6],"to":[0,12,10],"faces":{"up":{"uv":[10,4,6,5],"texture":"#bottom","cullface":"west","rotation":90}}},{"from":[-0.4921875,10,6],"to":[0.5,10,10],"faces":{"down":{"uv":[10,5,6,6],"texture":"#bottom","rotation":270}}},{"from":[-0.4921875,10,6],"to":[0.5,12,7],"faces":{"north":{"uv":[10,4,9,6],"texture":"#bottom"},"south":{"uv":[10,4,9,6],"texture":"#bottom","cullface":"west"},"west":{"uv":[10,4,9,6],"texture":"#bottom","cullface":"west"}}},{"from":[-0.4921875,9,7],"to":[0.5,13,7],"faces":{"north":{"uv":[9,3,8,7],"texture":"#bottom"}}},{"from":[-0.4921875,9,9],"to":[0.5,13,9],"faces":{"south":{"uv":[8,3,7,7],"texture":"#bottom"}}},{"from":[-0.4921875,4,15],"to":[0,6,15.9921875],"faces":{"north":{"uv":[1,10,0,12],"texture":"#bottom","cullface":"west"},"south":{"uv":[1,10,0,12],"texture":"#bottom","cullface":"west"},"west":{"uv":[1,10,0,12],"texture":"#bottom","cullface":"west"},"up":{"uv":[1,10,0,11],"texture":"#bottom","cullface":"west","rotation":90},"down":{"uv":[1,11,0,12],"texture":"#bottom","cullface":"west","rotation":270}}},{"from":[-0.4921875,15,15],"to":[0,15.9921875,15.9921875],"faces":{"north":{"uv":[1,0,0,1],"texture":"#bottom","cullface":"west"},"south":{"uv":[1,0,0,1],"texture":"#bottom","cullface":"west"},"west":{"uv":[1,0,0,1],"texture":"#bottom","cullface":"west"},"down":{"uv":[1,0,0,1],"texture":"#bottom","cullface":"west","rotation":270}}},{"from":[2,15,-0.4921875],"to":[3,15.9921875,0],"faces":{"north":{"uv":[0,0,1,1],"texture":"#bottom","cullface":"south"},"east":{"uv":[0,0,1,1],"texture":"#bottom","cullface":"south"},"west":{"uv":[0,0,1,1],"texture":"#bottom","cullface":"south"},"down":{"uv":[1,1,0,0],"texture":"#bottom","cullface":"south"}}},{"from":[2,4,-0.4921875],"to":[3,6,0],"faces":{"north":{"uv":[0,10,1,12],"texture":"#bottom","cullface":"south"},"east":{"uv":[0,10,1,12],"texture":"#bottom","cullface":"south"},"west":{"uv":[0,10,1,12],"texture":"#bottom","cullface":"south"},"up":{"uv":[1,11,0,10],"texture":"#bottom","cullface":"south"},"down":{"uv":[1,12,0,11],"texture":"#bottom","cullface":"south"}}},{"from":[0.0078125,15,16],"to":[1,15.9921875,16.492188],"faces":{"east":{"uv":[0,0,1,1],"texture":"#bottom","cullface":"north"},"south":{"uv":[0,0,1,1],"texture":"#bottom","cullface":"north"},"west":{"uv":[0,0,1,1],"texture":"#bottom","cullface":"north"},"down":{"uv":[0,0,1,1],"texture":"#bottom","cullface":"north"}}},{"from":[0.0078125,4,16],"to":[1,6,16.492188],"faces":{"east":{"uv":[0,10,1,12],"texture":"#bottom","cullface":"north"},"south":{"uv":[0,10,1,12],"texture":"#bottom","cullface":"north"},"west":{"uv":[0,10,1,12],"texture":"#bottom","cullface":"north"},"up":{"uv":[0,10,1,11],"texture":"#bottom","cullface":"north"},"down":{"uv":[0,11,1,12],"texture":"#bottom","cullface":"north"}}},{"from":[2.5,9,7],"to":[3.5,10,9],"faces":{"east":{"uv":[7,6,9,7],"texture":"#bottom"},"up":{"uv":[9,7,7,6],"texture":"#bottom","rotation":90},"down":{"uv":[9,7,7,6],"texture":"#bottom","rotation":270}}},{"from":[2.5,10,9],"to":[3.5,12,10],"faces":{"north":{"uv":[6,4,7,6],"texture":"#bottom"},"east":{"uv":[6,4,7,6],"texture":"#bottom"},"south":{"uv":[6,4,7,6],"texture":"#bottom"}}},{"from":[2.5,10,6],"to":[3.5,12,7],"faces":{"north":{"uv":[9,4,10,6],"texture":"#bottom"},"east":{"uv":[9,4,10,6],"texture":"#bottom"},"south":{"uv":[9,4,10,6],"texture":"#bottom"}}},{"from":[3,12,7],"to":[3.5,13,9],"faces":{"east":{"uv":[7,3,9,4],"texture":"#bottom"},"up":{"uv":[9,4,7,3],"texture":"#bottom","rotation":90},"down":{"uv":[9,4,7,3],"texture":"#bottom","rotation":270}}},{"from":[3,4,15],"to":[3.5,6,16],"faces":{"north":{"uv":[0,10,1,12],"texture":"#bottom"},"east":{"uv":[0,10,1,12],"texture":"#bottom"},"south":{"uv":[0,10,1,12],"texture":"#bottom"},"up":{"uv":[1,11,0,10],"texture":"#bottom","rotation":90},"down":{"uv":[1,12,0,11],"texture":"#bottom","rotation":270}}},{"from":[3,15,15],"to":[3.5,16,16],"faces":{"north":{"uv":[0,0,1,1],"texture":"#bottom"},"east":{"uv":[0,0,1,1],"texture":"#bottom"},"south":{"uv":[0,0,1,1],"texture":"#bottom"},"down":{"uv":[1,1,0,0],"texture":"#bottom","rotation":270}}},{"from":[3,12,6],"to":[3.5,12,10],"faces":{"up":{"uv":[10,5,6,4],"texture":"#bottom","rotation":90}}},{"from":[2.5,9,7],"to":[3.5,13,7],"faces":{"north":{"uv":[8,3,9,7],"texture":"#bottom"}}},{"from":[2.5,9,9],"to":[3.5,13,9],"faces":{"south":{"uv":[7,3,8,7],"texture":"#bottom"}}},{"from":[2.5,10,6],"to":[3.5,10,10],"faces":{"down":{"uv":[10,6,6,5],"texture":"#bottom","rotation":270}}}]}