{"textures":{"bottom":"block/composter_bottom","side":"block/composter_side"},"elements":[{"from":[2,13,2],"to":[14,2,14],"faces":{"north":{"uv":[14,14,2,3],"texture":"#side","cullface":"up"},"east":{"uv":[14,14,2,3],"texture":"#side","cullface":"up"},"south":{"uv":[14,14,2,3],"texture":"#side","cullface":"up"},"west":{"uv":[14,14,2,3],"texture":"#side","cullface":"up"},"up":{"uv":[2,2,14,14],"texture":"#bottom","cullface":"up"}}},{"from":[2,2,2],"to":[5,2.5,14],"faces":{"east":{"uv":[4,2,5,14],"texture":"#bottom","cullface":"up","rotation":90},"up":{"uv":[2,2,5,14],"texture":"#bottom","cullface":"up"}}},{"from":[6,2,2],"to":[10,2.5,14],"faces":{"east":{"uv":[9,2,10,14],"texture":"#bottom","cullface":"up","rotation":90},"west":{"uv":[6,2,7,14],"texture":"#bottom","cullface":"up","rotation":270},"up":{"uv":[6,2,10,14],"texture":"#bottom","cullface":"up"}}},{"from":[11,2,2],"to":[14,2.5,14],"faces":{"west":{"uv":[11,2,12,14],"texture":"#bottom","cullface":"up","rotation":270},"up":{"uv":[11,2,14,14],"texture":"#bottom","cullface":"up"}}},{"from":[2,2,2],"to":[2.5,3,14],"faces":{"east":{"uv":[2,13,14,14],"texture":"#side","cullface":"up"},"up":{"uv":[2,13,14,14],"texture":"#side","cullface":"up","rotation":270}}},{"from":[2,5,2],"to":[2.5,7,14],"faces":{"east":{"uv":[2,9,14,11],"texture":"#side","cullface":"up"},"up":{"uv":[2,9,14,10],"texture":"#side","cullface":"up","rotation":270},"down":{"uv":[2,10,14,11],"texture":"#side","cullface":"up","rotation":90}}},{"from":[2,9,2],"to":[2.5,11,14],"faces":{"east":{"uv":[2,5,14,7],"texture":"#side","cullface":"up"},"up":{"uv":[2,5,14,6],"texture":"#side","cullface":"up","rotation":270},"down":{"uv":[2,6,14,7],"texture":"#side","cullface":"up","rotation":90}}},{"from":[2,13,2],"to":[2.5,16,14],"faces":{"east":{"uv":[2,0,14,3],"texture":"#side","cullface":"up"},"up":{"uv":[2,0,14,1],"texture":"#side","cullface":"up","rotation":270},"down":{"uv":[2,2,14,3],"texture":"#side","cullface":"up","rotation":90}}},{"from":[2,2,13.5],"to":[14,3,14],"faces":{"north":{"uv":[2,13,14,14],"texture":"#side","cullface":"up"},"up":{"uv":[2,13,14,14],"texture":"#side","cullface":"up","rotation":180}}},{"from":[2,5,13.5],"to":[14,7,14],"faces":{"north":{"uv":[2,9,14,11],"texture":"#side","cullface":"up"},"up":{"uv":[2,9,14,10],"texture":"#side","cullface":"up","rotation":180},"down":{"uv":[2,10,14,11],"texture":"#side","cullface":"up","rotation":180}}},{"from":[2,9,13.5],"to":[14,11,14],"faces":{"north":{"uv":[2,5,14,7],"texture":"#side","cullface":"up"},"up":{"uv":[2,5,14,6],"texture":"#side","cullface":"up","rotation":180},"down":{"uv":[2,6,14,7],"texture":"#side","cullface":"up","rotation":180}}},{"from":[2,13,13.5],"to":[14,16,14],"faces":{"north":{"uv":[2,0,14,3],"texture":"#side","cullface":"up"},"up":{"uv":[2,0,14,1],"texture":"#side","cullface":"up","rotation":180},"down":{"uv":[2,2,14,3],"texture":"#side","cullface":"up","rotation":180}}},{"from":[13.5,2,2],"to":[14,3,14],"faces":{"west":{"uv":[2,13,14,14],"texture":"#side","cullface":"up"},"up":{"uv":[2,13,14,14],"texture":"#side","cullface":"up","rotation":90}}},{"from":[13.5,5,2],"to":[14,7,14],"faces":{"west":{"uv":[2,9,14,11],"texture":"#side","cullface":"up"},"up":{"uv":[2,9,14,10],"texture":"#side","cullface":"up","rotation":90},"down":{"uv":[2,10,14,11],"texture":"#side","cullface":"up","rotation":270}}},{"from":[13.5,9,2],"to":[14,11,14],"faces":{"west":{"uv":[2,5,14,7],"texture":"#side","cullface":"up"},"up":{"uv":[2,5,14,6],"texture":"#side","cullface":"up","rotation":90},"down":{"uv":[2,6,14,7],"texture":"#side","cullface":"up","rotation":270}}},{"from":[13.5,13,2],"to":[14,16,14],"faces":{"west":{"uv":[2,0,14,3],"texture":"#side","cullface":"up"},"up":{"uv":[2,0,14,1],"texture":"#side","cullface":"up","rotation":90},"down":{"uv":[2,2,14,3],"texture":"#side","cullface":"up","rotation":270}}},{"from":[2,2,2],"to":[14,3,2.5],"faces":{"south":{"uv":[2,13,14,14],"texture":"#side","cullface":"up"},"up":{"uv":[2,13,14,14],"texture":"#side","cullface":"up"}}},{"from":[2,5,2],"to":[14,7,2.5],"faces":{"south":{"uv":[2,9,14,11],"texture":"#side","cullface":"up"},"up":{"uv":[2,9,14,10],"texture":"#side","cullface":"up"},"down":{"uv":[2,10,14,11],"texture":"#side","cullface":"up"}}},{"from":[2,9,2],"to":[14,11,2.5],"faces":{"south":{"uv":[2,5,14,7],"texture":"#side","cullface":"up"},"up":{"uv":[2,5,14,6],"texture":"#side","cullface":"up"},"down":{"uv":[2,6,14,7],"texture":"#side","cullface":"up"}}},{"from":[2,13,2],"to":[14,16,2.5],"faces":{"south":{"uv":[2,0,14,3],"texture":"#side","cullface":"up"},"up":{"uv":[2,0,14,1],"texture":"#side","cullface":"up"},"down":{"uv":[2,2,14,3],"texture":"#side","cullface":"up"}}}]}