{"parent":"block/door_bottom_left","textures":{"bottom":"block/crimson_door_bottom"},"elements":[{"from":[0,0,0],"to":[3,16,16],"faces":{"north":{"uv":[3,0,0,16],"texture":"#bottom","cullface":"north"},"east":{"uv":[16,0,0,16],"texture":"#bottom"},"south":{"uv":[0,0,3,16],"texture":"#bottom","cullface":"south"},"west":{"uv":[0,0,16,16],"texture":"#bottom","cullface":"west"},"down":{"uv":[16,13,0,16],"texture":"#bottom","cullface":"down","rotation":90}}},{"from":[-0.4921875,1,0.0078125],"to":[0,11,1],"faces":{"north":{"uv":[0,5,1,15],"texture":"#bottom","cullface":"west"},"south":{"uv":[0,5,1,15],"texture":"#bottom","cullface":"west"},"west":{"uv":[0,5,1,15],"texture":"#bottom","cullface":"west"}}},{"from":[-0.4921875,6,0.0078125],"to":[0,11,15.9921875],"faces":{"south":{"uv":[15,5,16,10],"texture":"#bottom","cullface":"west"},"west":{"uv":[0,5,16,10],"texture":"#bottom","cullface":"west"},"up":{"uv":[0,5,16,6],"texture":"#bottom","cullface":"west","rotation":90},"down":{"uv":[0,9,16,10],"texture":"#bottom","cullface":"west","rotation":270}}},{"from":[-0.4921875,1,0.0078125],"to":[0,5,4],"faces":{"south":{"uv":[3,11,4,15],"texture":"#bottom","cullface":"west"},"west":{"uv":[0,11,4,15],"texture":"#bottom","cullface":"west"},"up":{"uv":[0,11,4,12],"texture":"#bottom","cullface":"west","rotation":90},"down":{"uv":[0,14,4,15],"texture":"#bottom","cullface":"west","rotation":270}}},{"from":[-0.4921875,1,5],"to":[0,5,11],"faces":{"north":{"uv":[5,11,6,15],"texture":"#bottom","cullface":"west"},"south":{"uv":[10,11,11,15],"texture":"#bottom","cullface":"west"},"west":{"uv":[5,11,11,15],"texture":"#bottom","cullface":"west"},"up":{"uv":[5,11,11,12],"texture":"#bottom","cullface":"west","rotation":90},"down":{"uv":[5,14,11,15],"texture":"#bottom","cullface":"west","rotation":270}}},{"from":[-0.4921875,1,12],"to":[0,5,15],"faces":{"north":{"uv":[12,11,13,15],"texture":"#bottom","cullface":"west"},"south":{"uv":[14,11,15,15],"texture":"#bottom","cullface":"west"},"west":{"uv":[12,11,15,15],"texture":"#bottom","cullface":"west"},"up":{"uv":[12,11,15,12],"texture":"#bottom","cullface":"west","rotation":90},"down":{"uv":[12,14,15,15],"texture":"#bottom","cullface":"west","rotation":270}}},{"from":[-0.4921875,12,0.0078125],"to":[0,15.9921875,4],"faces":{"north":{"uv":[0,0,1,4],"texture":"#bottom","cullface":"west"},"south":{"uv":[3,0,4,4],"texture":"#bottom","cullface":"west"},"west":{"uv":[0,0,4,4],"texture":"#bottom","cullface":"west"},"down":{"uv":[0,3,4,4],"texture":"#bottom","cullface":"west","rotation":270}}},{"from":[0.0078125,6,16],"to":[3,11,16.492188],"faces":{"east":{"uv":[2,5,3,10],"texture":"#bottom"},"south":{"uv":[0,5,3,10],"texture":"#bottom"},"up":{"uv":[0,5,3,6],"texture":"#bottom"},"down":{"uv":[0,9,3,10],"texture":"#bottom"}}},{"from":[0.0078125,1,16],"to":[3,5,16.492188],"faces":{"east":{"uv":[2,11,3,15],"texture":"#bottom","cullface":"south"},"south":{"uv":[0,11,3,15],"texture":"#bottom","cullface":"south"},"up":{"uv":[0,11,3,12],"texture":"#bottom","cullface":"south"},"down":{"uv":[0,14,3,15],"texture":"#bottom","cullface":"south"}}},{"from":[0.0078125,1,16],"to":[1,11,16.492188],"faces":{"east":{"uv":[0,5,1,15],"texture":"#bottom","cullface":"south"},"south":{"uv":[0,5,1,15],"texture":"#bottom","cullface":"south"},"west":{"uv":[0,5,1,15],"texture":"#bottom","cullface":"south"}}},{"from":[0.0078125,12,16],"to":[3,15.9921875,16.492188],"faces":{"east":{"uv":[2,0,3,4],"texture":"#bottom","cullface":"south"},"south":{"uv":[0,0,3,4],"texture":"#bottom","cullface":"south"},"west":{"uv":[0,0,1,4],"texture":"#bottom","cullface":"south"},"down":{"uv":[0,3,3,4],"texture":"#bottom","cullface":"south"}}},{"from":[0.0078125,12,-0.4921875],"to":[3,15.9921875,0],"faces":{"north":{"uv":[3,0,0,4],"texture":"#bottom","cullface":"north"},"east":{"uv":[3,0,2,4],"texture":"#bottom","cullface":"north"},"west":{"uv":[1,0,0,4],"texture":"#bottom","cullface":"north"},"down":{"uv":[0,4,3,3],"texture":"#bottom","cullface":"north"}}},{"from":[0.0078125,6,-0.4921875],"to":[3,11,0],"faces":{"north":{"uv":[3,5,0,10],"texture":"#bottom","cullface":"north"},"east":{"uv":[3,5,2,10],"texture":"#bottom","cullface":"north"},"up":{"uv":[0,6,3,5],"texture":"#bottom","cullface":"north"},"down":{"uv":[0,10,3,9],"texture":"#bottom","cullface":"north"}}},{"from":[0.0078125,1,-0.4921875],"to":[1,11,0],"faces":{"north":{"uv":[1,5,0,15],"texture":"#bottom","cullface":"north"},"east":{"uv":[1,5,0,15],"texture":"#bottom","cullface":"north"},"west":{"uv":[1,5,0,15],"texture":"#bottom","cullface":"north"}}},{"from":[0.0078125,1,-0.4921875],"to":[3,5,0],"faces":{"north":{"uv":[3,11,0,15],"texture":"#bottom","cullface":"north"},"east":{"uv":[3,11,2,15],"texture":"#bottom","cullface":"north"},"up":{"uv":[0,12,3,11],"texture":"#bottom","cullface":"north"},"down":{"uv":[0,15,3,14],"texture":"#bottom","cullface":"north"}}},{"from":[-0.4921875,12,5],"to":[0,15.9921875,11],"faces":{"north":{"uv":[5,0,6,4],"texture":"#bottom","cullface":"west"},"south":{"uv":[10,0,11,4],"texture":"#bottom","cullface":"west"},"west":{"uv":[5,0,11,4],"texture":"#bottom","cullface":"west"},"up":{"uv":[5,0,11,1],"texture":"#bottom","cullface":"west","rotation":90},"down":{"uv":[5,3,11,4],"texture":"#bottom","cullface":"west","rotation":270}}},{"from":[-0.4921875,12,12],"to":[0,15,15],"faces":{"north":{"uv":[12,1,13,4],"texture":"#bottom","cullface":"west"},"south":{"uv":[14,1,15,4],"texture":"#bottom","cullface":"west"},"west":{"uv":[12,1,15,4],"texture":"#bottom","cullface":"west"},"up":{"uv":[12,1,15,2],"texture":"#bottom","cullface":"west","rotation":90},"down":{"uv":[12,3,15,4],"texture":"#bottom","cullface":"west","rotation":270}}},{"from":[3,12,0],"to":[3.5,16,4],"faces":{"north":{"uv":[1,0,0,4],"texture":"#bottom"},"east":{"uv":[4,0,0,4],"texture":"#bottom"},"south":{"uv":[4,0,3,4],"texture":"#bottom"},"down":{"uv":[0,4,4,3],"texture":"#bottom","rotation":270}}},{"from":[3,6,0],"to":[3.5,11,16],"faces":{"east":{"uv":[16,5,0,10],"texture":"#bottom","cullface":"south"},"south":{"uv":[16,5,15,10],"texture":"#bottom","cullface":"south"},"up":{"uv":[0,6,16,5],"texture":"#bottom","cullface":"south","rotation":90},"down":{"uv":[0,10,16,9],"texture":"#bottom","cullface":"south","rotation":270}}},{"from":[3,1,0],"to":[3.5,5,4],"faces":{"east":{"uv":[4,11,0,15],"texture":"#bottom"},"south":{"uv":[4,11,3,15],"texture":"#bottom"},"up":{"uv":[0,12,4,11],"texture":"#bottom","rotation":90},"down":{"uv":[0,15,4,14],"texture":"#bottom","rotation":270}}},{"from":[3,1,0],"to":[3.5,11,1],"faces":{"north":{"uv":[1,5,0,15],"texture":"#bottom"},"east":{"uv":[1,5,0,15],"texture":"#bottom"},"south":{"uv":[1,5,0,15],"texture":"#bottom"}}},{"from":[3,12,5],"to":[3.5,16,11],"faces":{"north":{"uv":[6,0,5,4],"texture":"#bottom"},"east":{"uv":[11,0,5,4],"texture":"#bottom"},"south":{"uv":[11,0,10,4],"texture":"#bottom"},"up":{"uv":[5,1,11,0],"texture":"#bottom","rotation":90},"down":{"uv":[5,4,11,3],"texture":"#bottom","rotation":270}}},{"from":[3,12,12],"to":[3.5,15,15],"faces":{"north":{"uv":[13,1,12,4],"texture":"#bottom"},"east":{"uv":[15,1,12,4],"texture":"#bottom"},"south":{"uv":[15,1,14,4],"texture":"#bottom"},"up":{"uv":[12,2,15,1],"texture":"#bottom","rotation":90},"down":{"uv":[12,4,15,3],"texture":"#bottom","rotation":270}}},{"from":[3,1,12],"to":[3.5,5,15],"faces":{"north":{"uv":[13,11,12,15],"texture":"#bottom"},"east":{"uv":[15,11,12,15],"texture":"#bottom"},"south":{"uv":[15,11,14,15],"texture":"#bottom"},"up":{"uv":[12,12,15,11],"texture":"#bottom","rotation":90},"down":{"uv":[12,15,15,14],"texture":"#bottom","rotation":270}}},{"from":[3,1,5],"to":[3.5,5,11],"faces":{"north":{"uv":[6,11,5,15],"texture":"#bottom"},"east":{"uv":[11,11,5,15],"texture":"#bottom"},"south":{"uv":[11,11,10,15],"texture":"#bottom"},"up":{"uv":[5,12,11,11],"texture":"#bottom","rotation":90},"down":{"uv":[5,15,11,14],"texture":"#bottom","rotation":270}}},{"from":[1,-0.4921875,12],"to":[3,0,15],"faces":{"north":{"uv":[13,13,12,15],"texture":"#bottom","cullface":"down","rotation":270},"east":{"uv":[12,14,15,13],"texture":"#bottom","cullface":"down","rotation":180},"south":{"uv":[15,13,14,15],"texture":"#bottom","cullface":"down","rotation":90},"west":{"uv":[12,15,15,14],"texture":"#bottom","cullface":"down"},"down":{"uv":[15,13,12,15],"texture":"#bottom","cullface":"down","rotation":90}}},{"from":[1,-0.4921875,5],"to":[3,0,11],"faces":{"north":{"uv":[6,13,5,15],"texture":"#bottom","cullface":"down","rotation":270},"east":{"uv":[5,14,11,13],"texture":"#bottom","cullface":"down","rotation":180},"south":{"uv":[11,13,10,15],"texture":"#bottom","cullface":"down","rotation":90},"west":{"uv":[5,15,11,14],"texture":"#bottom","cullface":"down"},"down":{"uv":[11,13,5,15],"texture":"#bottom","cullface":"down","rotation":90}}},{"from":[1,-0.4921875,0.0078125],"to":[3,0,4],"faces":{"north":{"uv":[1,13,0,15],"texture":"#bottom","cullface":"down","rotation":270},"east":{"uv":[0,14,4,13],"texture":"#bottom","cullface":"down","rotation":180},"south":{"uv":[4,13,3,15],"texture":"#bottom","cullface":"down","rotation":90},"west":{"uv":[0,15,4,14],"texture":"#bottom","cullface":"down"},"down":{"uv":[4,13,0,15],"texture":"#bottom","cullface":"down","rotation":90}}}]}