{"parent":"block/door_top_right_open","textures":{"top":"block/dark_oak_door_top"},"elements":[{"from":[0,0,0],"to":[3,1,16],"faces":{"east":{"uv":[16,15,0,16],"texture":"#top"},"west":{"uv":[0,15,16,16],"texture":"#top","cullface":"west"},"up":{"uv":[0,15,16,16],"texture":"#top","rotation":90}}},{"from":[0,0,0],"to":[3,16,2],"faces":{"north":{"uv":[3,0,0,16],"texture":"#top","cullface":"north"},"east":{"uv":[2,0,0,16],"texture":"#top"},"south":{"uv":[2,0,3,16],"texture":"#top"},"west":{"uv":[0,0,2,16],"texture":"#top","cullface":"west"}}},{"from":[-0.4921875,10,0.0078125],"to":[0,12,1],"faces":{"north":{"uv":[0,4,1,6],"texture":"#top","cullface":"west"},"south":{"uv":[0,4,1,6],"texture":"#top","cullface":"west"},"west":{"uv":[0,4,1,6],"texture":"#top","cullface":"west"},"up":{"uv":[0,4,1,5],"texture":"#top","cullface":"west","rotation":90},"down":{"uv":[0,5,1,6],"texture":"#top","cullface":"west","rotation":270}}},{"from":[-0.4921875,0.0078125,0.0078125],"to":[0,1,1],"faces":{"north":{"uv":[0,15,1,16],"texture":"#top","cullface":"west"},"south":{"uv":[0,15,1,16],"texture":"#top","cullface":"west"},"west":{"uv":[0,15,1,16],"texture":"#top","cullface":"west"},"up":{"uv":[0,15,1,16],"texture":"#top","cullface":"west","rotation":90}}},{"from":[0.0078125,0.0078125,-0.4921875],"to":[1,1,0],"faces":{"north":{"uv":[0,15,1,16],"texture":"#top","cullface":"north"},"east":{"uv":[0,15,1,16],"texture":"#top","cullface":"north"},"west":{"uv":[0,15,1,16],"texture":"#top","cullface":"north"},"up":{"uv":[0,15,1,16],"texture":"#top","cullface":"north","rotation":180}}},{"from":[0.0078125,10,-0.4921875],"to":[1,12,0],"faces":{"north":{"uv":[0,4,1,6],"texture":"#top","cullface":"north"},"east":{"uv":[0,4,1,6],"texture":"#top","cullface":"north"},"west":{"uv":[0,4,1,6],"texture":"#top","cullface":"north"},"up":{"uv":[0,4,1,5],"texture":"#top","cullface":"north","rotation":180},"down":{"uv":[0,5,1,6],"texture":"#top","cullface":"north","rotation":180}}},{"from":[2,10,16],"to":[3,12,16.492188],"faces":{"east":{"uv":[0,4,1,6],"texture":"#top","cullface":"south"},"south":{"uv":[0,4,1,6],"texture":"#top","cullface":"south"},"west":{"uv":[0,4,1,6],"texture":"#top","cullface":"south"},"up":{"uv":[1,5,0,4],"texture":"#top","cullface":"south","rotation":180},"down":{"uv":[1,6,0,5],"texture":"#top","cullface":"south","rotation":180}}},{"from":[2,0.0078125,16],"to":[3,1,16.492188],"faces":{"east":{"uv":[0,15,1,16],"texture":"#top","cullface":"south"},"south":{"uv":[0,15,1,16],"texture":"#top","cullface":"south"},"west":{"uv":[0,15,1,16],"texture":"#top","cullface":"south"},"up":{"uv":[1,16,0,15],"texture":"#top","cullface":"south","rotation":180}}},{"from":[0,0,14],"to":[3,16,16],"faces":{"north":{"uv":[14,0,15,16],"texture":"#top"},"east":{"uv":[16,0,14,16],"texture":"#top"},"south":{"uv":[3,0,0,16],"texture":"#top","cullface":"south"},"west":{"uv":[14,0,16,16],"texture":"#top","cullface":"west"}}},{"from":[0,1,7],"to":[3,14,9],"faces":{"north":{"uv":[7,2,8,15],"texture":"#top"},"east":{"uv":[9,2,7,15],"texture":"#top"},"south":{"uv":[8,2,9,15],"texture":"#top"},"west":{"uv":[7,2,9,15],"texture":"#top","cullface":"west"}}},{"from":[0,14,0],"to":[3,16,16],"faces":{"east":{"uv":[16,0,0,2],"texture":"#top"},"west":{"uv":[0,0,16,2],"texture":"#top","cullface":"west"},"up":{"uv":[0,0,16,3],"texture":"#top","cullface":"up","rotation":90},"down":{"uv":[0,1,16,2],"texture":"#top","rotation":270}}},{"from":[0.5,1,2],"to":[2.5,14,14],"faces":{"east":{"uv":[14,2,2,15],"texture":"#top"},"west":{"uv":[2,2,14,15],"texture":"#top","cullface":"west"}}},{"from":[-0.4921875,0.0078125,11],"to":[0,1,14],"faces":{"north":{"uv":[11,15,12,16],"texture":"#top","cullface":"west"},"south":{"uv":[13,15,14,16],"texture":"#top","cullface":"west"},"west":{"uv":[11,15,14,16],"texture":"#top","cullface":"west"},"up":{"uv":[11,15,14,16],"texture":"#top","cullface":"west","rotation":90},"down":{"uv":[11,15,14,16],"texture":"#top","cullface":"west","rotation":270}}},{"from":[3,0,11],"to":[3.5,1,14],"faces":{"north":{"uv":[12,15,11,16],"texture":"#top"},"east":{"uv":[14,15,11,16],"texture":"#top"},"south":{"uv":[14,15,13,16],"texture":"#top"},"up":{"uv":[11,16,14,15],"texture":"#top","rotation":90},"down":{"uv":[11,16,14,15],"texture":"#top","rotation":270}}},{"from":[3,0,0],"to":[3.5,1,1],"faces":{"north":{"uv":[1,15,0,16],"texture":"#top"},"east":{"uv":[1,15,0,16],"texture":"#top"},"south":{"uv":[1,15,0,16],"texture":"#top"},"up":{"uv":[0,16,1,15],"texture":"#top","rotation":90}}},{"from":[3,10,0],"to":[3.5,12,1],"faces":{"north":{"uv":[1,4,0,6],"texture":"#top"},"east":{"uv":[1,4,0,6],"texture":"#top"},"south":{"uv":[1,4,0,6],"texture":"#top"},"up":{"uv":[0,5,1,4],"texture":"#top","rotation":90},"down":{"uv":[0,6,1,5],"texture":"#top","rotation":270}}}]}