{"parent":"block/cube_bottom_top","textures":{"top":"block/dirt_path_top","side":"block/dirt_path_side","bottom":"block/dirt"},"elements":[{"from":[0,0,0],"to":[16,15,16],"faces":{"north":{"texture":"#side","cullface":"north"},"east":{"texture":"#side","cullface":"east"},"south":{"texture":"#side","cullface":"south"},"west":{"texture":"#side","cullface":"west"},"up":{"texture":"#top","cullface":"up"},"down":{"texture":"#bottom","cullface":"down"}}},{"from":[0.0078125,14,-0.4921875],"to":[15.9921875,15,0],"faces":{"north":{"uv":[0,1,16,2],"texture":"#side","cullface":"north"},"up":{"uv":[16,1,0,2],"texture":"#side","cullface":"north"},"down":{"uv":[16,1,0,2],"texture":"#side","cullface":"north"}}},{"from":[15,12,-0.4921875],"to":[15.9921875,15,0],"faces":{"north":{"uv":[0,1,1,4],"texture":"#side","cullface":"north"},"east":{"uv":[0,1,1,4],"texture":"#side","cullface":"north"},"west":{"uv":[0,1,1,4],"texture":"#side","cullface":"north"},"down":{"uv":[1,3,0,4],"texture":"#side","cullface":"north"}}},{"from":[0.0078125,13,-0.4921875],"to":[9,15,0],"faces":{"north":{"uv":[7,1,16,3],"texture":"#side","cullface":"north"},"west":{"uv":[15,1,16,3],"texture":"#side","cullface":"north"},"down":{"uv":[16,2,7,3],"texture":"#side","cullface":"north"}}},{"from":[1,12,-0.4921875],"to":[3,13,0],"faces":{"north":{"uv":[13,3,15,4],"texture":"#side","cullface":"north"},"east":{"uv":[13,3,14,4],"texture":"#side","cullface":"north"},"west":{"uv":[14,3,15,4],"texture":"#side","cullface":"north"},"down":{"uv":[15,3,13,4],"texture":"#side","cullface":"north"}}},{"from":[9,12,-0.4921875],"to":[10,14,0],"faces":{"north":{"uv":[6,2,7,4],"texture":"#side","cullface":"north"},"east":{"uv":[6,2,7,4],"texture":"#side","cullface":"north"},"west":{"uv":[6,2,7,4],"texture":"#side","cullface":"north"},"down":{"uv":[7,3,6,4],"texture":"#side","cullface":"north"}}},{"from":[7,11,-0.4921875],"to":[8,13,0],"faces":{"north":{"uv":[8,3,9,5],"texture":"#side","cullface":"north"},"east":{"uv":[8,3,9,5],"texture":"#side","cullface":"north"},"west":{"uv":[8,3,9,5],"texture":"#side","cullface":"north"},"down":{"uv":[9,4,8,5],"texture":"#side","cullface":"north"}}},{"from":[5,11,-0.4921875],"to":[6,12,0],"faces":{"north":{"uv":[10,4,11,5],"texture":"#side","cullface":"north"},"east":{"uv":[10,4,11,5],"texture":"#side","cullface":"north"},"west":{"uv":[10,4,11,5],"texture":"#side","cullface":"north"},"down":{"uv":[11,4,10,5],"texture":"#side","cullface":"north"}}},{"from":[4,12,-0.4921875],"to":[7,13,0],"faces":{"north":{"uv":[9,3,12,4],"texture":"#side","cullface":"north"},"west":{"uv":[11,3,12,4],"texture":"#side","cullface":"north"},"down":{"uv":[12,3,9,4],"texture":"#side","cullface":"north"}}},{"from":[11,11,-0.4921875],"to":[12,14,0],"faces":{"north":{"uv":[4,2,5,5],"texture":"#side","cullface":"north"},"east":{"uv":[4,2,5,5],"texture":"#side","cullface":"north"},"west":{"uv":[4,2,5,5],"texture":"#side","cullface":"north"},"down":{"uv":[5,4,4,5],"texture":"#side","cullface":"north"}}},{"from":[14,13,-0.4921875],"to":[15,14,0],"faces":{"north":{"uv":[1,2,2,3],"texture":"#side","cullface":"north"},"down":{"uv":[2,2,1,3],"texture":"#side","cullface":"north"}}},{"from":[12,12,-0.4921875],"to":[14,14,0],"faces":{"north":{"uv":[2,2,4,4],"texture":"#side","cullface":"north"},"east":{"uv":[2,2,3,4],"texture":"#side","cullface":"north"},"down":{"uv":[4,3,2,4],"texture":"#side","cullface":"north"}}},{"from":[-0.4921875,14,0.0078125],"to":[0,15,15.9921875],"faces":{"west":{"uv":[0,1,16,2],"texture":"#side","cullface":"west"},"up":{"uv":[16,1,0,2],"texture":"#side","cullface":"west","rotation":270},"down":{"uv":[16,1,0,2],"texture":"#side","cullface":"west","rotation":90}}},{"from":[-0.4921875,12,0.0078125],"to":[0,15,1],"faces":{"north":{"uv":[0,1,1,4],"texture":"#side","cullface":"west"},"south":{"uv":[0,1,1,4],"texture":"#side","cullface":"west"},"west":{"uv":[0,1,1,4],"texture":"#side","cullface":"west"},"down":{"uv":[1,3,0,4],"texture":"#side","cullface":"west","rotation":90}}},{"from":[-0.4921875,13,7],"to":[0,15,15.9921875],"faces":{"south":{"uv":[15,1,16,3],"texture":"#side","cullface":"west"},"west":{"uv":[7,1,16,3],"texture":"#side","cullface":"west"},"down":{"uv":[16,2,7,3],"texture":"#side","cullface":"west","rotation":90}}},{"from":[-0.4921875,12,13],"to":[0,13,15],"faces":{"north":{"uv":[13,3,14,4],"texture":"#side","cullface":"west"},"south":{"uv":[14,3,15,4],"texture":"#side","cullface":"west"},"west":{"uv":[13,3,15,4],"texture":"#side","cullface":"west"},"down":{"uv":[15,3,13,4],"texture":"#side","cullface":"west","rotation":90}}},{"from":[-0.4921875,12,6],"to":[0,14,7],"faces":{"north":{"uv":[6,2,7,4],"texture":"#side","cullface":"west"},"south":{"uv":[6,2,7,4],"texture":"#side","cullface":"west"},"west":{"uv":[6,2,7,4],"texture":"#side","cullface":"west"},"down":{"uv":[7,3,6,4],"texture":"#side","cullface":"west","rotation":90}}},{"from":[-0.4921875,11,8],"to":[0,13,9],"faces":{"north":{"uv":[8,3,9,5],"texture":"#side","cullface":"west"},"south":{"uv":[8,3,9,5],"texture":"#side","cullface":"west"},"west":{"uv":[8,3,9,5],"texture":"#side","cullface":"west"},"down":{"uv":[9,4,8,5],"texture":"#side","cullface":"west","rotation":90}}},{"from":[-0.4921875,11,10],"to":[0,12,11],"faces":{"north":{"uv":[10,4,11,5],"texture":"#side","cullface":"west"},"south":{"uv":[10,4,11,5],"texture":"#side","cullface":"west"},"west":{"uv":[10,4,11,5],"texture":"#side","cullface":"west"},"down":{"uv":[11,4,10,5],"texture":"#side","cullface":"west","rotation":90}}},{"from":[-0.4921875,12,9],"to":[0,13,12],"faces":{"south":{"uv":[11,3,12,4],"texture":"#side","cullface":"west"},"west":{"uv":[9,3,12,4],"texture":"#side","cullface":"west"},"down":{"uv":[12,3,9,4],"texture":"#side","cullface":"west","rotation":90}}},{"from":[-0.4921875,11,4],"to":[0,14,5],"faces":{"north":{"uv":[4,2,5,5],"texture":"#side","cullface":"west"},"south":{"uv":[4,2,5,5],"texture":"#side","cullface":"west"},"west":{"uv":[4,2,5,5],"texture":"#side","cullface":"west"},"down":{"uv":[5,4,4,5],"texture":"#side","cullface":"west","rotation":90}}},{"from":[-0.4921875,13,1],"to":[0,14,2],"faces":{"west":{"uv":[1,2,2,3],"texture":"#side","cullface":"west"},"down":{"uv":[2,2,1,3],"texture":"#side","cullface":"west","rotation":90}}},{"from":[-0.4921875,12,2],"to":[0,14,4],"faces":{"north":{"uv":[2,2,3,4],"texture":"#side","cullface":"west"},"west":{"uv":[2,2,4,4],"texture":"#side","cullface":"west"},"down":{"uv":[4,3,2,4],"texture":"#side","cullface":"west","rotation":90}}},{"from":[0.0078125,14,16],"to":[15.9921875,15,16.492188],"faces":{"south":{"uv":[0,1,16,2],"texture":"#side","cullface":"south"},"up":{"uv":[16,1,0,2],"texture":"#side","cullface":"south","rotation":180},"down":{"uv":[16,1,0,2],"texture":"#side","cullface":"south","rotation":180}}},{"from":[0.0078125,12,16],"to":[1,15,16.492188],"faces":{"east":{"uv":[0,1,1,4],"texture":"#side","cullface":"south"},"south":{"uv":[0,1,1,4],"texture":"#side","cullface":"south"},"west":{"uv":[0,1,1,4],"texture":"#side","cullface":"south"},"down":{"uv":[1,3,0,4],"texture":"#side","cullface":"south","rotation":180}}},{"from":[7,13,16],"to":[15.9921875,15,16.492188],"faces":{"east":{"uv":[15,1,16,3],"texture":"#side","cullface":"south"},"south":{"uv":[7,1,16,3],"texture":"#side","cullface":"south"},"down":{"uv":[16,2,7,3],"texture":"#side","cullface":"south","rotation":180}}},{"from":[13,12,16],"to":[15,13,16.492188],"faces":{"east":{"uv":[14,3,15,4],"texture":"#side","cullface":"south"},"south":{"uv":[13,3,15,4],"texture":"#side","cullface":"south"},"west":{"uv":[13,3,14,4],"texture":"#side","cullface":"south"},"down":{"uv":[15,3,13,4],"texture":"#side","cullface":"south","rotation":180}}},{"from":[6,12,16],"to":[7,14,16.492188],"faces":{"east":{"uv":[6,2,7,4],"texture":"#side","cullface":"south"},"south":{"uv":[6,2,7,4],"texture":"#side","cullface":"south"},"west":{"uv":[6,2,7,4],"texture":"#side","cullface":"south"},"down":{"uv":[7,3,6,4],"texture":"#side","cullface":"south","rotation":180}}},{"from":[8,11,16],"to":[9,13,16.492188],"faces":{"east":{"uv":[8,3,9,5],"texture":"#side","cullface":"south"},"south":{"uv":[8,3,9,5],"texture":"#side","cullface":"south"},"west":{"uv":[8,3,9,5],"texture":"#side","cullface":"south"},"down":{"uv":[9,4,8,5],"texture":"#side","cullface":"south","rotation":180}}},{"from":[10,11,16],"to":[11,12,16.492188],"faces":{"east":{"uv":[10,4,11,5],"texture":"#side","cullface":"south"},"south":{"uv":[10,4,11,5],"texture":"#side","cullface":"south"},"west":{"uv":[10,4,11,5],"texture":"#side","cullface":"south"},"down":{"uv":[11,4,10,5],"texture":"#side","cullface":"south","rotation":180}}},{"from":[9,12,16],"to":[12,13,16.492188],"faces":{"east":{"uv":[11,3,12,4],"texture":"#side","cullface":"south"},"south":{"uv":[9,3,12,4],"texture":"#side","cullface":"south"},"down":{"uv":[12,3,9,4],"texture":"#side","cullface":"south","rotation":180}}},{"from":[4,11,16],"to":[5,14,16.492188],"faces":{"east":{"uv":[4,2,5,5],"texture":"#side","cullface":"south"},"south":{"uv":[4,2,5,5],"texture":"#side","cullface":"south"},"west":{"uv":[4,2,5,5],"texture":"#side","cullface":"south"},"down":{"uv":[5,4,4,5],"texture":"#side","cullface":"south","rotation":180}}},{"from":[1,13,16],"to":[2,14,16.492188],"faces":{"south":{"uv":[1,2,2,3],"texture":"#side","cullface":"south"},"down":{"uv":[2,2,1,3],"texture":"#side","cullface":"south","rotation":180}}},{"from":[2,12,16],"to":[4,14,16.492188],"faces":{"south":{"uv":[2,2,4,4],"texture":"#side","cullface":"south"},"west":{"uv":[2,2,3,4],"texture":"#side","cullface":"south"},"down":{"uv":[4,3,2,4],"texture":"#side","cullface":"south","rotation":180}}},{"from":[16,14,0.0078125],"to":[16.492188,15,15.9921875],"faces":{"east":{"uv":[0,1,16,2],"texture":"#side","cullface":"east"},"up":{"uv":[16,1,0,2],"texture":"#side","cullface":"east","rotation":90},"down":{"uv":[16,1,0,2],"texture":"#side","cullface":"east","rotation":270}}},{"from":[16,12,15],"to":[16.492188,15,15.9921875],"faces":{"north":{"uv":[0,1,1,4],"texture":"#side","cullface":"east"},"east":{"uv":[0,1,1,4],"texture":"#side","cullface":"east"},"south":{"uv":[0,1,1,4],"texture":"#side","cullface":"east"},"down":{"uv":[1,3,0,4],"texture":"#side","cullface":"east","rotation":270}}},{"from":[16,13,0.0078125],"to":[16.492188,15,9],"faces":{"north":{"uv":[15,1,16,3],"texture":"#side","cullface":"east"},"east":{"uv":[7,1,16,3],"texture":"#side","cullface":"east"},"down":{"uv":[16,2,7,3],"texture":"#side","cullface":"east","rotation":270}}},{"from":[16,12,1],"to":[16.492188,13,3],"faces":{"north":{"uv":[14,3,15,4],"texture":"#side","cullface":"east"},"east":{"uv":[13,3,15,4],"texture":"#side","cullface":"east"},"south":{"uv":[13,3,14,4],"texture":"#side","cullface":"east"},"down":{"uv":[15,3,13,4],"texture":"#side","cullface":"east","rotation":270}}},{"from":[16,12,9],"to":[16.492188,14,10],"faces":{"north":{"uv":[6,2,7,4],"texture":"#side","cullface":"east"},"east":{"uv":[6,2,7,4],"texture":"#side","cullface":"east"},"south":{"uv":[6,2,7,4],"texture":"#side","cullface":"east"},"down":{"uv":[7,3,6,4],"texture":"#side","cullface":"east","rotation":270}}},{"from":[16,11,7],"to":[16.492188,13,8],"faces":{"north":{"uv":[8,3,9,5],"texture":"#side","cullface":"east"},"east":{"uv":[8,3,9,5],"texture":"#side","cullface":"east"},"south":{"uv":[8,3,9,5],"texture":"#side","cullface":"east"},"down":{"uv":[9,4,8,5],"texture":"#side","cullface":"east","rotation":270}}},{"from":[16,11,5],"to":[16.492188,12,6],"faces":{"north":{"uv":[10,4,11,5],"texture":"#side","cullface":"east"},"east":{"uv":[10,4,11,5],"texture":"#side","cullface":"east"},"south":{"uv":[10,4,11,5],"texture":"#side","cullface":"east"},"down":{"uv":[11,4,10,5],"texture":"#side","cullface":"east","rotation":270}}},{"from":[16,12,4],"to":[16.492188,13,7],"faces":{"north":{"uv":[11,3,12,4],"texture":"#side","cullface":"east"},"east":{"uv":[9,3,12,4],"texture":"#side","cullface":"east"},"down":{"uv":[12,3,9,4],"texture":"#side","cullface":"east","rotation":270}}},{"from":[16,11,11],"to":[16.492188,14,12],"faces":{"north":{"uv":[4,2,5,5],"texture":"#side","cullface":"east"},"east":{"uv":[4,2,5,5],"texture":"#side","cullface":"east"},"south":{"uv":[4,2,5,5],"texture":"#side","cullface":"east"},"down":{"uv":[5,4,4,5],"texture":"#side","cullface":"east","rotation":270}}},{"from":[16,13,14],"to":[16.492188,14,15],"faces":{"east":{"uv":[1,2,2,3],"texture":"#side","cullface":"east"},"down":{"uv":[2,2,1,3],"texture":"#side","cullface":"east","rotation":270}}},{"from":[16,12,12],"to":[16.492188,14,14],"faces":{"east":{"uv":[2,2,4,4],"texture":"#side","cullface":"east"},"south":{"uv":[2,2,3,4],"texture":"#side","cullface":"east"},"down":{"uv":[4,3,2,4],"texture":"#side","cullface":"east","rotation":270}}}]}