{"parent":"block/door_top_right_open","textures":{"top":"block/jungle_door_top"},"elements":[{"from":[-0.4921875,0.0078125,0.0078125],"to":[0,1,1],"faces":{"north":{"uv":[0,15,1,16],"texture":"#top","cullface":"north"},"south":{"uv":[0,15,1,16],"texture":"#top","cullface":"north"},"west":{"uv":[0,15,1,16],"texture":"#top","cullface":"north"},"up":{"uv":[0,15,1,16],"texture":"#top","cullface":"north","rotation":90}}},{"from":[-0.4921875,10,0.0078125],"to":[0,12,1],"faces":{"north":{"uv":[0,4,1,6],"texture":"#top","cullface":"north"},"south":{"uv":[0,4,1,6],"texture":"#top","cullface":"north"},"west":{"uv":[0,4,1,6],"texture":"#top","cullface":"north"},"up":{"uv":[0,4,1,5],"texture":"#top","cullface":"north","rotation":90},"down":{"uv":[0,5,1,6],"texture":"#top","cullface":"north","rotation":270}}},{"from":[2,0.0078125,16],"to":[3,1,16.492188],"faces":{"east":{"uv":[1,15,0,16],"texture":"#top","cullface":"south"},"south":{"uv":[1,15,0,16],"texture":"#top","cullface":"south"},"west":{"uv":[1,15,0,16],"texture":"#top","cullface":"south"},"up":{"uv":[1,15,0,16],"texture":"#top","cullface":"south"}}},{"from":[2,10,16],"to":[3,12,16.492188],"faces":{"east":{"uv":[1,4,0,6],"texture":"#top","cullface":"south"},"south":{"uv":[1,4,0,6],"texture":"#top","cullface":"south"},"west":{"uv":[1,4,0,6],"texture":"#top","cullface":"south"},"up":{"uv":[1,4,0,5],"texture":"#top","cullface":"south"},"down":{"uv":[1,5,0,6],"texture":"#top","cullface":"south"}}},{"from":[0.0078125,0.0078125,-0.4921875],"to":[1,1,0],"faces":{"north":{"uv":[1,15,0,16],"texture":"#top"},"east":{"uv":[1,15,0,16],"texture":"#top"},"west":{"uv":[1,15,0,16],"texture":"#top"},"up":{"uv":[0,16,1,15],"texture":"#top"}}},{"from":[0.0078125,10,-0.4921875],"to":[1,12,0],"faces":{"north":{"uv":[1,4,0,6],"texture":"#top","cullface":"north"},"east":{"uv":[1,4,0,6],"texture":"#top","cullface":"north"},"west":{"uv":[1,4,0,6],"texture":"#top","cullface":"north"},"up":{"uv":[0,5,1,4],"texture":"#top","cullface":"north"},"down":{"uv":[0,6,1,5],"texture":"#top","cullface":"north"}}},{"from":[-0.4921875,0.0078125,11],"to":[0,2,12],"faces":{"north":{"uv":[11,14,12,16],"texture":"#top","cullface":"north"},"south":{"uv":[11,14,12,16],"texture":"#top","cullface":"north"},"west":{"uv":[11,14,12,16],"texture":"#top","cullface":"north"},"down":{"uv":[11,15,12,16],"texture":"#top","cullface":"north","rotation":270}}},{"from":[-0.4921875,1,11],"to":[0,2,14],"faces":{"south":{"uv":[13,14,14,15],"texture":"#top","cullface":"north"},"west":{"uv":[11,14,14,15],"texture":"#top","cullface":"north"},"up":{"uv":[11,14,14,15],"texture":"#top","cullface":"north","rotation":90},"down":{"uv":[11,14,14,15],"texture":"#top","cullface":"north","rotation":270}}},{"from":[3,0,0],"to":[3.5,1,1],"faces":{"north":{"uv":[1,15,0,16],"texture":"#top"},"east":{"uv":[1,15,0,16],"texture":"#top"},"south":{"uv":[1,15,0,16],"texture":"#top"},"up":{"uv":[0,16,1,15],"texture":"#top","rotation":90}}},{"from":[3,10,0],"to":[3.5,12,1],"faces":{"north":{"uv":[1,4,0,6],"texture":"#top"},"east":{"uv":[1,4,0,6],"texture":"#top"},"south":{"uv":[1,4,0,6],"texture":"#top"},"up":{"uv":[0,5,1,4],"texture":"#top","rotation":90},"down":{"uv":[0,6,1,5],"texture":"#top","rotation":270}}},{"from":[3,0,11],"to":[3.5,2,12],"faces":{"north":{"uv":[12,14,11,16],"texture":"#top"},"east":{"uv":[12,14,11,16],"texture":"#top"},"south":{"uv":[12,14,11,16],"texture":"#top"},"down":{"uv":[11,16,12,15],"texture":"#top","rotation":270}}},{"from":[3,1,11],"to":[3.5,2,14],"faces":{"east":{"uv":[14,14,11,15],"texture":"#top"},"south":{"uv":[14,14,13,15],"texture":"#top"},"up":{"uv":[11,15,14,14],"texture":"#top","rotation":90},"down":{"uv":[11,15,14,14],"texture":"#top","rotation":270}}},{"from":[0,0,0],"to":[3,4,16],"faces":{"east":{"uv":[16,12,0,16],"texture":"#top"},"west":{"uv":[0,12,16,16],"texture":"#top","cullface":"west"},"up":{"uv":[0,12,16,13],"texture":"#top","rotation":90}}},{"from":[0,0,0],"to":[3,16,4],"faces":{"north":{"uv":[3,0,0,16],"texture":"#top","cullface":"north"},"east":{"uv":[4,0,0,16],"texture":"#top"},"south":{"uv":[3,0,4,16],"texture":"#top"},"west":{"uv":[0,0,4,16],"texture":"#top","cullface":"west"}}},{"from":[0,0,12],"to":[3,16,16],"faces":{"north":{"uv":[12,0,13,16],"texture":"#top"},"east":{"uv":[16,0,12,16],"texture":"#top"},"south":{"uv":[3,0,0,16],"texture":"#top","cullface":"south"},"west":{"uv":[12,0,16,16],"texture":"#top","cullface":"west"}}},{"from":[0,13,0],"to":[3,16,16],"faces":{"east":{"uv":[16,0,0,3],"texture":"#top"},"west":{"uv":[0,0,16,3],"texture":"#top","cullface":"west"},"up":{"uv":[0,0,16,3],"texture":"#top","cullface":"up","rotation":90},"down":{"uv":[0,2,16,3],"texture":"#top","rotation":270}}},{"from":[0,6,4],"to":[3,8,12],"faces":{"east":{"uv":[12,8,4,10],"texture":"#top"},"west":{"uv":[4,8,12,10],"texture":"#top","cullface":"west"},"up":{"uv":[4,8,12,9],"texture":"#top","rotation":90},"down":{"uv":[4,9,12,10],"texture":"#top","rotation":270}}},{"from":[0,4,4],"to":[3,6,6],"faces":{"east":{"uv":[6,10,4,12],"texture":"#top"},"south":{"uv":[5,10,6,12],"texture":"#top"},"west":{"uv":[4,10,6,12],"texture":"#top","cullface":"west"}}},{"from":[0,4,10],"to":[3,6,12],"faces":{"north":{"uv":[10,10,11,12],"texture":"#top"},"east":{"uv":[12,10,10,12],"texture":"#top"},"west":{"uv":[10,10,12,12],"texture":"#top","cullface":"west"}}},{"from":[0,4,9],"to":[3,5,10],"faces":{"north":{"uv":[9,11,10,12],"texture":"#top"},"east":{"uv":[10,11,9,12],"texture":"#top"},"west":{"uv":[9,11,10,12],"texture":"#top","cullface":"west"},"up":{"uv":[9,11,10,12],"texture":"#top","rotation":90}}},{"from":[0,4,6],"to":[3,5,7],"faces":{"east":{"uv":[7,11,6,12],"texture":"#top"},"south":{"uv":[6,11,7,12],"texture":"#top"},"west":{"uv":[6,11,7,12],"texture":"#top","cullface":"west"},"up":{"uv":[6,11,7,12],"texture":"#top","rotation":90}}},{"from":[0,11,4],"to":[3,12,5],"faces":{"east":{"uv":[5,4,4,5],"texture":"#top"},"south":{"uv":[4,4,5,5],"texture":"#top"},"west":{"uv":[4,4,5,5],"texture":"#top","cullface":"west"},"down":{"uv":[4,4,5,5],"texture":"#top","rotation":270}}},{"from":[0,11,11],"to":[3,12,12],"faces":{"north":{"uv":[11,4,12,5],"texture":"#top"},"east":{"uv":[12,4,11,5],"texture":"#top"},"west":{"uv":[11,4,12,5],"texture":"#top","cullface":"west"},"down":{"uv":[11,4,12,5],"texture":"#top","rotation":270}}},{"from":[0,12,10],"to":[3,13,12],"faces":{"east":{"uv":[12,3,10,4],"texture":"#top"},"west":{"uv":[10,3,12,4],"texture":"#top","cullface":"west"},"down":{"uv":[10,3,12,4],"texture":"#top","rotation":270}}},{"from":[0,12,4],"to":[3,13,6],"faces":{"east":{"uv":[6,3,4,4],"texture":"#top"},"west":{"uv":[4,3,6,4],"texture":"#top","cullface":"west"},"down":{"uv":[4,3,6,4],"texture":"#top","rotation":270}}},{"from":[0,8,6],"to":[3,13,7],"faces":{"north":{"uv":[6,3,7,8],"texture":"#top"},"east":{"uv":[7,3,6,8],"texture":"#top"},"south":{"uv":[6,3,7,8],"texture":"#top"},"west":{"uv":[6,3,7,8],"texture":"#top","cullface":"west"}}},{"from":[0,8,9],"to":[3,13,10],"faces":{"north":{"uv":[9,3,10,8],"texture":"#top"},"east":{"uv":[10,3,9,8],"texture":"#top"},"south":{"uv":[9,3,10,8],"texture":"#top"},"west":{"uv":[9,3,10,8],"texture":"#top","cullface":"west"}}}]}