{"parent":"block/door_bottom_left","textures":{"bottom":"block/jungle_door_bottom"},"elements":[{"from":[0,0,0],"to":[3,16,16],"faces":{"north":{"uv":[3,0,0,16],"texture":"#bottom","cullface":"north"},"east":{"uv":[16,0,0,16],"texture":"#bottom"},"south":{"uv":[0,0,3,16],"texture":"#bottom","cullface":"south"},"west":{"uv":[0,0,16,16],"texture":"#bottom","cullface":"west"},"down":{"uv":[16,13,0,16],"texture":"#bottom","cullface":"down","rotation":90}}},{"from":[-0.4921875,5,0.0078125],"to":[0,7,1],"faces":{"north":{"uv":[0,9,1,11],"texture":"#bottom","cullface":"west"},"south":{"uv":[0,9,1,11],"texture":"#bottom","cullface":"west"},"west":{"uv":[0,9,1,11],"texture":"#bottom","cullface":"west"},"up":{"uv":[0,9,1,10],"texture":"#bottom","cullface":"west","rotation":90},"down":{"uv":[0,10,1,11],"texture":"#bottom","cullface":"west","rotation":270}}},{"from":[-0.4921875,15,0.0078125],"to":[0,15.9921875,1],"faces":{"north":{"uv":[0,0,1,1],"texture":"#bottom","cullface":"west"},"south":{"uv":[0,0,1,1],"texture":"#bottom","cullface":"west"},"west":{"uv":[0,0,1,1],"texture":"#bottom","cullface":"west"},"down":{"uv":[0,0,1,1],"texture":"#bottom","cullface":"west","rotation":270}}},{"from":[0.0078125,5,16],"to":[1,7,16.492188],"faces":{"east":{"uv":[0,9,1,11],"texture":"#bottom","cullface":"south"},"south":{"uv":[0,9,1,11],"texture":"#bottom","cullface":"south"},"west":{"uv":[0,9,1,11],"texture":"#bottom","cullface":"south"},"up":{"uv":[0,9,1,10],"texture":"#bottom","cullface":"south"},"down":{"uv":[0,10,1,11],"texture":"#bottom","cullface":"south"}}},{"from":[0.0078125,15,16],"to":[1,15.9921875,16.492188],"faces":{"east":{"uv":[0,0,1,1],"texture":"#bottom","cullface":"south"},"south":{"uv":[0,0,1,1],"texture":"#bottom","cullface":"south"},"west":{"uv":[0,0,1,1],"texture":"#bottom","cullface":"south"},"down":{"uv":[0,0,1,1],"texture":"#bottom","cullface":"south"}}},{"from":[0.0078125,5,-0.4921875],"to":[1,7,0],"faces":{"north":{"uv":[1,9,0,11],"texture":"#bottom","cullface":"north"},"east":{"uv":[1,9,0,11],"texture":"#bottom","cullface":"north"},"west":{"uv":[1,9,0,11],"texture":"#bottom","cullface":"north"},"up":{"uv":[0,10,1,9],"texture":"#bottom","cullface":"north"},"down":{"uv":[0,11,1,10],"texture":"#bottom","cullface":"north"}}},{"from":[0.0078125,15,-0.4921875],"to":[1,15.9921875,0],"faces":{"north":{"uv":[1,0,0,1],"texture":"#bottom","cullface":"north"},"east":{"uv":[1,0,0,1],"texture":"#bottom","cullface":"north"},"west":{"uv":[1,0,0,1],"texture":"#bottom","cullface":"north"},"down":{"uv":[0,1,1,0],"texture":"#bottom","cullface":"north"}}},{"from":[3,15,0],"to":[3.5,16,1],"faces":{"north":{"uv":[1,0,0,1],"texture":"#bottom"},"east":{"uv":[1,0,0,1],"texture":"#bottom"},"south":{"uv":[1,0,0,1],"texture":"#bottom"},"down":{"uv":[0,1,1,0],"texture":"#bottom","rotation":270}}},{"from":[3,5,0],"to":[3.5,7,1],"faces":{"north":{"uv":[1,9,0,11],"texture":"#bottom"},"east":{"uv":[1,9,0,11],"texture":"#bottom"},"south":{"uv":[1,9,0,11],"texture":"#bottom"},"up":{"uv":[0,10,1,9],"texture":"#bottom","rotation":90},"down":{"uv":[0,11,1,10],"texture":"#bottom","rotation":270}}}]}