{"parent":"block/block","textures":{"particle":"block/scaffolding_top","top":"block/scaffolding_top","side":"block/scaffolding_side","bottom":"block/scaffolding_bottom"},"elements":[{"from":[0,2,0],"to":[2,14,2],"faces":{"north":{"uv":[14,2,16,14],"texture":"#side","cullface":"north"},"east":{"uv":[14,2,16,14],"texture":"#side"},"south":{"uv":[0,2,2,14],"texture":"#side"},"west":{"uv":[0,2,2,14],"texture":"#side","cullface":"west"},"down":{"uv":[0,14,2,16],"texture":"#bottom","cullface":"down"}}},{"from":[0,2,14],"to":[2,14,16],"faces":{"north":{"uv":[14,2,16,14],"texture":"#side"},"east":{"uv":[0,2,2,14],"texture":"#side"},"south":{"uv":[0,2,2,14],"texture":"#side","cullface":"south"},"west":{"uv":[14,2,16,14],"texture":"#side","cullface":"west"},"down":{"uv":[0,0,2,2],"texture":"#bottom","cullface":"down"}}},{"from":[14,2,14],"to":[16,14,16],"faces":{"north":{"uv":[0,2,2,14],"texture":"#side"},"east":{"uv":[0,2,2,14],"texture":"#side","cullface":"east"},"south":{"uv":[14,2,16,14],"texture":"#side","cullface":"south"},"west":{"uv":[14,2,16,14],"texture":"#side"},"down":{"uv":[14,0,16,2],"texture":"#bottom","cullface":"down"}}},{"from":[14,2,0],"to":[16,14,2],"faces":{"north":{"uv":[0,2,2,14],"texture":"#side","cullface":"north"},"east":{"uv":[14,2,16,14],"texture":"#side","cullface":"east"},"south":{"uv":[14,2,16,14],"texture":"#side"},"west":{"uv":[0,2,2,14],"texture":"#side"},"down":{"uv":[14,14,16,16],"texture":"#bottom","cullface":"down"}}},{"from":[4,15,2],"to":[13,16,3],"faces":{"south":{"uv":[4,2,13,3],"texture":"#top"}}},{"from":[4,15,4],"to":[13,16,5],"faces":{"north":{"uv":[4,4,13,5],"texture":"#top","rotation":180},"south":{"uv":[4,4,13,5],"texture":"#top"}}},{"from":[11,15,3],"to":[12,16,12],"faces":{"east":{"uv":[11,3,12,12],"texture":"#top","rotation":90},"west":{"uv":[11,3,12,12],"texture":"#top","rotation":270}}},{"from":[4,15,6],"to":[13,16,7],"faces":{"north":{"uv":[4,6,13,7],"texture":"#top","rotation":180},"south":{"uv":[4,6,13,7],"texture":"#top"}}},{"from":[4,15,8],"to":[13,16,9],"faces":{"north":{"uv":[4,8,13,9],"texture":"#top","rotation":180},"south":{"uv":[4,8,13,9],"texture":"#top"}}},{"from":[4,15,10],"to":[13,16,11],"faces":{"north":{"uv":[4,10,13,11],"texture":"#top","rotation":180},"south":{"uv":[4,10,13,11],"texture":"#top"}}},{"from":[9,15,3],"to":[10,16,12],"faces":{"east":{"uv":[9,3,10,12],"texture":"#top","rotation":90},"west":{"uv":[9,3,10,12],"texture":"#top","rotation":270}}},{"from":[7,15,3],"to":[8,16,12],"faces":{"east":{"uv":[7,3,8,12],"texture":"#top","rotation":90},"west":{"uv":[7,3,8,12],"texture":"#top","rotation":270}}},{"from":[5,15,3],"to":[6,16,12],"faces":{"east":{"uv":[5,3,6,12],"texture":"#top","rotation":90},"west":{"uv":[5,3,6,12],"texture":"#top","rotation":270}}},{"from":[2,15,2],"to":[4,16,14],"faces":{"east":{"uv":[3,2,4,14],"texture":"#top","rotation":90}}},{"from":[13,15,2],"to":[14,16,14],"faces":{"west":{"uv":[13,2,14,14],"texture":"#top","rotation":270}}},{"from":[4,15,12],"to":[13,16,14],"faces":{"north":{"uv":[4,12,13,13],"texture":"#top","rotation":180}}},{"from":[4,1,2],"to":[13,2,3],"faces":{"south":{"uv":[4,2,13,3],"texture":"#top"}}},{"from":[4,1,4],"to":[13,2,5],"faces":{"north":{"uv":[4,4,13,5],"texture":"#top","rotation":180},"south":{"uv":[4,4,13,5],"texture":"#top"}}},{"from":[11,1,3],"to":[12,2,12],"faces":{"east":{"uv":[11,3,12,12],"texture":"#top","rotation":90},"west":{"uv":[11,3,12,12],"texture":"#top","rotation":270}}},{"from":[4,1,6],"to":[13,2,7],"faces":{"north":{"uv":[4,6,13,7],"texture":"#top","rotation":180},"south":{"uv":[4,6,13,7],"texture":"#top"}}},{"from":[4,1,8],"to":[13,2,9],"faces":{"north":{"uv":[4,8,13,9],"texture":"#top","rotation":180},"south":{"uv":[4,8,13,9],"texture":"#top"}}},{"from":[4,1,10],"to":[13,2,11],"faces":{"north":{"uv":[4,10,13,11],"texture":"#top","rotation":180},"south":{"uv":[4,10,13,11],"texture":"#top"}}},{"from":[9,1,3],"to":[10,2,12],"faces":{"east":{"uv":[9,3,10,12],"texture":"#top","rotation":90},"west":{"uv":[9,3,10,12],"texture":"#top","rotation":270}}},{"from":[7,1,3],"to":[8,2,12],"faces":{"east":{"uv":[7,3,8,12],"texture":"#top","rotation":90},"west":{"uv":[7,3,8,12],"texture":"#top","rotation":270}}},{"from":[5,1,3],"to":[6,2,12],"faces":{"east":{"uv":[5,3,6,12],"texture":"#top","rotation":90},"west":{"uv":[5,3,6,12],"texture":"#top","rotation":270}}},{"from":[2,1,2],"to":[4,2,14],"faces":{"east":{"uv":[3,2,4,14],"texture":"#top","rotation":90}}},{"from":[13,1,2],"to":[14,2,14],"faces":{"west":{"uv":[13,2,14,14],"texture":"#top","rotation":270}}},{"from":[4,1,12],"to":[13,2,14],"faces":{"north":{"uv":[4,12,13,13],"texture":"#top","rotation":180}}},{"from":[0,14,0],"to":[16,16,16],"faces":{"north":{"uv":[0,0,16,2],"texture":"#side","cullface":"north"},"east":{"uv":[16,0,0,2],"texture":"#side","cullface":"east"},"south":{"uv":[0,0,16,2],"texture":"#side","cullface":"south"},"west":{"uv":[16,0,0,2],"texture":"#side","cullface":"west"},"up":{"uv":[0,0,16,16],"texture":"#top","cullface":"up"},"down":{"uv":[0,0,16,16],"texture":"#bottom"}}},{"from":[2,15,2],"to":[14,14,14],"faces":{"north":{"uv":[2,2,14,1],"texture":"#side"},"east":{"uv":[14,2,2,1],"texture":"#side"},"south":{"uv":[14,4,2,3],"texture":"#side"},"west":{"uv":[2,4,14,3],"texture":"#side"},"down":{"uv":[2,14,14,2],"texture":"#top"}}},{"from":[0,0,0],"to":[16,2,16],"faces":{"north":{"uv":[0,0,16,2],"texture":"#side","cullface":"north"},"east":{"uv":[16,0,0,2],"texture":"#side","cullface":"east"},"south":{"uv":[0,0,16,2],"texture":"#side","cullface":"south"},"west":{"uv":[16,0,0,2],"texture":"#side","cullface":"west"},"up":{"uv":[0,0,16,16],"texture":"#top"},"down":{"uv":[0,0,16,16],"texture":"#bottom","cullface":"down"}}},{"from":[2,1,2],"to":[14,0,14],"faces":{"north":{"uv":[2,2,14,1],"texture":"#side"},"east":{"uv":[14,2,2,1],"texture":"#side"},"south":{"uv":[14,4,2,3],"texture":"#side"},"west":{"uv":[2,4,14,3],"texture":"#side"},"down":{"uv":[2,14,14,2],"texture":"#top"}}}]}