{"parent":"block/tinted_cross","textures":{"cross":"block/sugar_cane"},"elements":[{"from":[2,0,2],"to":[4,16,4],"faces":{"north":{"uv":[5,0,7,16],"texture":"#cross","tintindex":0},"east":{"uv":[5,0,7,16],"texture":"#cross","tintindex":0},"south":{"uv":[5,0,7,16],"texture":"#cross","tintindex":0},"west":{"uv":[5,0,7,16],"texture":"#cross","tintindex":0},"up":{"uv":[1,1,3,3],"texture":"#cross","cullface":"up","tintindex":0},"down":{"uv":[1,1,3,3],"texture":"#cross","cullface":"down","tintindex":0}}},{"from":[2,7,4],"to":[3,9,5],"faces":{"east":{"uv":[3,2,4,4],"texture":"#cross","tintindex":0},"south":{"uv":[3,2,4,4],"texture":"#cross","tintindex":0},"west":{"uv":[3,2,4,4],"texture":"#cross","tintindex":0},"up":{"uv":[3,3,4,4],"texture":"#cross","tintindex":0},"down":{"uv":[3,2,4,4],"texture":"#cross","tintindex":0}}},{"from":[1,12,3],"to":[2,14,4],"faces":{"north":{"uv":[3,2,4,4],"texture":"#cross","tintindex":0},"south":{"uv":[3,2,4,4],"texture":"#cross","tintindex":0},"west":{"uv":[3,2,4,4],"texture":"#cross","tintindex":0},"up":{"uv":[3,3,4,4],"texture":"#cross","tintindex":0},"down":{"uv":[3,2,4,4],"texture":"#cross","tintindex":0}}},{"from":[3,13,1],"to":[4,15,2],"faces":{"north":{"uv":[3,2,4,4],"texture":"#cross","tintindex":0},"east":{"uv":[3,2,4,4],"texture":"#cross","tintindex":0},"west":{"uv":[3,2,4,4],"texture":"#cross","tintindex":0},"up":{"uv":[3,3,4,4],"texture":"#cross","tintindex":0},"down":{"uv":[3,2,4,4],"texture":"#cross","tintindex":0}}},{"from":[1,2,2],"to":[2,4,3],"faces":{"north":{"uv":[3,2,4,4],"texture":"#cross","tintindex":0},"south":{"uv":[3,2,4,4],"texture":"#cross","tintindex":0},"west":{"uv":[3,2,4,4],"texture":"#cross","tintindex":0},"up":{"uv":[3,3,4,4],"texture":"#cross","tintindex":0},"down":{"uv":[3,2,4,4],"texture":"#cross","tintindex":0}}},{"from":[4,6,3],"to":[5,8,4],"faces":{"north":{"uv":[3,2,4,4],"texture":"#cross","tintindex":0},"east":{"uv":[3,2,4,4],"texture":"#cross","tintindex":0},"south":{"uv":[3,2,4,4],"texture":"#cross","tintindex":0},"up":{"uv":[3,3,4,4],"texture":"#cross","tintindex":0},"down":{"uv":[3,2,4,4],"texture":"#cross","tintindex":0}}},{"from":[11,0,3],"to":[13,16,5],"faces":{"north":{"uv":[13,0,15,16],"texture":"#cross","tintindex":0},"east":{"uv":[13,0,15,16],"texture":"#cross","tintindex":0},"south":{"uv":[13,0,15,16],"texture":"#cross","tintindex":0},"west":{"uv":[13,0,15,16],"texture":"#cross","tintindex":0},"up":{"uv":[1,1,3,3],"texture":"#cross","cullface":"up","tintindex":0},"down":{"uv":[1,1,3,3],"texture":"#cross","cullface":"down","tintindex":0}}},{"from":[13,11,3],"to":[14,13,4],"faces":{"north":{"uv":[3,2,4,4],"texture":"#cross","tintindex":0},"east":{"uv":[3,2,4,4],"texture":"#cross","tintindex":0},"south":{"uv":[3,2,4,4],"texture":"#cross","tintindex":0},"up":{"uv":[3,3,4,4],"texture":"#cross","tintindex":0},"down":{"uv":[3,2,4,4],"texture":"#cross","tintindex":0}}},{"from":[13,3,4],"to":[14,5,5],"faces":{"north":{"uv":[3,2,4,4],"texture":"#cross","tintindex":0},"east":{"uv":[3,2,4,4],"texture":"#cross","tintindex":0},"south":{"uv":[3,2,4,4],"texture":"#cross","tintindex":0},"up":{"uv":[3,3,4,4],"texture":"#cross","tintindex":0},"down":{"uv":[3,2,4,4],"texture":"#cross","tintindex":0}}},{"from":[11,7,5],"to":[12,9,6],"faces":{"east":{"uv":[3,2,4,4],"texture":"#cross","tintindex":0},"south":{"uv":[3,2,4,4],"texture":"#cross","tintindex":0},"west":{"uv":[3,2,4,4],"texture":"#cross","tintindex":0},"up":{"uv":[3,3,4,4],"texture":"#cross","tintindex":0},"down":{"uv":[3,2,4,4],"texture":"#cross","tintindex":0}}},{"from":[11,8,2],"to":[12,10,3],"faces":{"north":{"uv":[3,2,4,4],"texture":"#cross","tintindex":0},"east":{"uv":[3,2,4,4],"texture":"#cross","tintindex":0},"west":{"uv":[3,2,4,4],"texture":"#cross","tintindex":0},"up":{"uv":[3,3,4,4],"texture":"#cross","tintindex":0},"down":{"uv":[3,2,4,4],"texture":"#cross","tintindex":0}}},{"from":[10,1,3],"to":[11,3,4],"faces":{"north":{"uv":[3,2,4,4],"texture":"#cross","tintindex":0},"south":{"uv":[3,2,4,4],"texture":"#cross","tintindex":0},"west":{"uv":[3,2,4,4],"texture":"#cross","tintindex":0},"up":{"uv":[3,3,4,4],"texture":"#cross","tintindex":0},"down":{"uv":[3,2,4,4],"texture":"#cross","tintindex":0}}},{"from":[3,0,11],"to":[5,16,13],"faces":{"north":{"uv":[1,0,3,16],"texture":"#cross","tintindex":0},"east":{"uv":[1,0,3,16],"texture":"#cross","tintindex":0},"south":{"uv":[1,0,3,16],"texture":"#cross","tintindex":0},"west":{"uv":[1,0,3,16],"texture":"#cross","tintindex":0},"up":{"uv":[1,1,3,3],"texture":"#cross","cullface":"up","tintindex":0},"down":{"uv":[1,1,3,3],"texture":"#cross","cullface":"down","tintindex":0}}},{"from":[2,1,12],"to":[3,3,13],"faces":{"north":{"uv":[3,2,4,4],"texture":"#cross","tintindex":0},"south":{"uv":[3,2,4,4],"texture":"#cross","tintindex":0},"west":{"uv":[3,2,4,4],"texture":"#cross","tintindex":0},"up":{"uv":[3,3,4,4],"texture":"#cross","tintindex":0},"down":{"uv":[3,2,4,4],"texture":"#cross","tintindex":0}}},{"from":[5,11,12],"to":[6,13,13],"faces":{"north":{"uv":[3,2,4,4],"texture":"#cross","tintindex":0},"east":{"uv":[3,2,4,4],"texture":"#cross","tintindex":0},"south":{"uv":[3,2,4,4],"texture":"#cross","tintindex":0},"up":{"uv":[3,3,4,4],"texture":"#cross","tintindex":0},"down":{"uv":[3,2,4,4],"texture":"#cross","tintindex":0}}},{"from":[3,8,13],"to":[4,10,14],"faces":{"east":{"uv":[3,2,4,4],"texture":"#cross","tintindex":0},"south":{"uv":[3,2,4,4],"texture":"#cross","tintindex":0},"west":{"uv":[3,2,4,4],"texture":"#cross","tintindex":0},"up":{"uv":[3,3,4,4],"texture":"#cross","tintindex":0},"down":{"uv":[3,2,4,4],"texture":"#cross","tintindex":0}}},{"from":[3,4,10],"to":[4,6,11],"faces":{"north":{"uv":[3,2,4,4],"texture":"#cross","tintindex":0},"east":{"uv":[3,2,4,4],"texture":"#cross","tintindex":0},"west":{"uv":[3,2,4,4],"texture":"#cross","tintindex":0},"up":{"uv":[3,3,4,4],"texture":"#cross","tintindex":0},"down":{"uv":[3,2,4,4],"texture":"#cross","tintindex":0}}},{"from":[12,0,12],"to":[14,16,14],"faces":{"north":{"uv":[1,0,3,16],"texture":"#cross","tintindex":0},"east":{"uv":[1,0,3,16],"texture":"#cross","tintindex":0},"south":{"uv":[1,0,3,16],"texture":"#cross","tintindex":0},"west":{"uv":[1,0,3,16],"texture":"#cross","tintindex":0},"up":{"uv":[1,1,3,3],"texture":"#cross","cullface":"up","tintindex":0},"down":{"uv":[1,1,3,3],"texture":"#cross","cullface":"down","tintindex":0}}},{"from":[13,12,11],"to":[14,14,12],"faces":{"north":{"uv":[3,2,4,4],"texture":"#cross","tintindex":0},"east":{"uv":[3,2,4,4],"texture":"#cross","tintindex":0},"west":{"uv":[3,2,4,4],"texture":"#cross","tintindex":0},"up":{"uv":[3,3,4,4],"texture":"#cross","tintindex":0},"down":{"uv":[3,2,4,4],"texture":"#cross","tintindex":0}}},{"from":[12,10,14],"to":[13,12,15],"faces":{"east":{"uv":[3,2,4,4],"texture":"#cross","tintindex":0},"south":{"uv":[3,2,4,4],"texture":"#cross","tintindex":0},"west":{"uv":[3,2,4,4],"texture":"#cross","tintindex":0},"up":{"uv":[3,3,4,4],"texture":"#cross","tintindex":0},"down":{"uv":[3,2,4,4],"texture":"#cross","tintindex":0}}},{"from":[14,4,13],"to":[15,6,14],"faces":{"north":{"uv":[3,2,4,4],"texture":"#cross","tintindex":0},"east":{"uv":[3,2,4,4],"texture":"#cross","tintindex":0},"south":{"uv":[3,2,4,4],"texture":"#cross","tintindex":0},"up":{"uv":[3,3,4,4],"texture":"#cross","tintindex":0},"down":{"uv":[3,2,4,4],"texture":"#cross","tintindex":0}}},{"from":[11,1,13],"to":[12,3,14],"faces":{"north":{"uv":[3,2,4,4],"texture":"#cross","tintindex":0},"south":{"uv":[3,2,4,4],"texture":"#cross","tintindex":0},"west":{"uv":[3,2,4,4],"texture":"#cross","tintindex":0},"up":{"uv":[3,3,4,4],"texture":"#cross","tintindex":0},"down":{"uv":[3,2,4,4],"texture":"#cross","tintindex":0}}},{"from":[8,0,7],"to":[10,16,9],"faces":{"north":{"uv":[9,0,11,16],"texture":"#cross","tintindex":0},"east":{"uv":[9,0,11,16],"texture":"#cross","tintindex":0},"south":{"uv":[9,0,11,16],"texture":"#cross","tintindex":0},"west":{"uv":[9,0,11,16],"texture":"#cross","tintindex":0},"up":{"uv":[1,1,3,3],"texture":"#cross","cullface":"up","tintindex":0},"down":{"uv":[1,1,3,3],"texture":"#cross","cullface":"down","tintindex":0}}},{"from":[10,5,7],"to":[11,7,8],"faces":{"north":{"uv":[3,2,4,4],"texture":"#cross","tintindex":0},"east":{"uv":[3,2,4,4],"texture":"#cross","tintindex":0},"south":{"uv":[3,2,4,4],"texture":"#cross","tintindex":0},"up":{"uv":[3,3,4,4],"texture":"#cross","tintindex":0},"down":{"uv":[3,2,4,4],"texture":"#cross","tintindex":0}}},{"from":[7,10,7],"to":[8,12,8],"faces":{"north":{"uv":[3,2,4,4],"texture":"#cross","tintindex":0},"south":{"uv":[3,2,4,4],"texture":"#cross","tintindex":0},"west":{"uv":[3,2,4,4],"texture":"#cross","tintindex":0},"up":{"uv":[3,3,4,4],"texture":"#cross","tintindex":0},"down":{"uv":[3,2,4,4],"texture":"#cross","tintindex":0}}},{"from":[8,4,9],"to":[9,6,10],"faces":{"east":{"uv":[3,2,4,4],"texture":"#cross","tintindex":0},"south":{"uv":[3,2,4,4],"texture":"#cross","tintindex":0},"west":{"uv":[3,2,4,4],"texture":"#cross","tintindex":0},"up":{"uv":[3,3,4,4],"texture":"#cross","tintindex":0},"down":{"uv":[3,2,4,4],"texture":"#cross","tintindex":0}}},{"from":[9,13,6],"to":[10,15,7],"faces":{"north":{"uv":[3,2,4,4],"texture":"#cross","tintindex":0},"east":{"uv":[3,2,4,4],"texture":"#cross","tintindex":0},"west":{"uv":[3,2,4,4],"texture":"#cross","tintindex":0},"up":{"uv":[3,3,4,4],"texture":"#cross","tintindex":0},"down":{"uv":[3,2,4,4],"texture":"#cross","tintindex":0}}}]}