{"parent":"block/door_top_right","textures":{"top":"block/warped_door_top"},"elements":[{"from":[0,0,0],"to":[3,16,16],"faces":{"north":{"uv":[3,0,0,16],"texture":"#top","cullface":"south"},"east":{"uv":[0,0,16,16],"texture":"#top"},"south":{"uv":[0,0,3,16],"texture":"#top","cullface":"north"},"west":{"uv":[16,0,0,16],"texture":"#top","cullface":"west"},"up":{"uv":[0,0,16,3],"texture":"#top","cullface":"up","rotation":270}}},{"from":[0.0078125,10,16],"to":[1,12,16.492188],"rotation":{"origin":[8,8,8],"axis":"y","angle":0.0},"faces":{"east":{"uv":[0,4,1,6],"texture":"#top","cullface":"north"},"south":{"uv":[0,4,1,6],"texture":"#top","cullface":"north"},"west":{"uv":[0,4,1,6],"texture":"#top","cullface":"north"},"up":{"uv":[0,4,1,5],"texture":"#top","cullface":"north"},"down":{"uv":[0,5,1,6],"texture":"#top","cullface":"north"}}},{"from":[1,8,16],"to":[3,9,16.492188],"rotation":{"origin":[8,8,8],"axis":"y","angle":0.0},"faces":{"east":{"uv":[2,7,3,8],"texture":"#top","cullface":"north"},"south":{"uv":[1,7,3,8],"texture":"#top","cullface":"north"},"west":{"uv":[1,7,2,8],"texture":"#top","cullface":"north"},"up":{"uv":[1,7,3,8],"texture":"#top","cullface":"north"},"down":{"uv":[1,7,3,8],"texture":"#top","cullface":"north"}}},{"from":[1,13,16],"to":[3,14,16.492188],"rotation":{"origin":[8,8,8],"axis":"y","angle":0.0},"faces":{"east":{"uv":[2,2,3,3],"texture":"#top","cullface":"north"},"south":{"uv":[1,2,3,3],"texture":"#top","cullface":"north"},"west":{"uv":[1,2,2,3],"texture":"#top","cullface":"north"},"up":{"uv":[1,2,3,3],"texture":"#top","cullface":"north"},"down":{"uv":[1,2,3,3],"texture":"#top","cullface":"north"}}},{"from":[0.0078125,3,16],"to":[1,7,16.492188],"rotation":{"origin":[8,8,8],"axis":"y","angle":0.0},"faces":{"east":{"uv":[0,9,1,13],"texture":"#top","cullface":"north"},"south":{"uv":[0,9,1,13],"texture":"#top","cullface":"north"},"west":{"uv":[0,9,1,13],"texture":"#top","cullface":"north"},"up":{"uv":[0,9,1,10],"texture":"#top","cullface":"north"},"down":{"uv":[0,12,1,13],"texture":"#top","cullface":"north"}}},{"from":[0.0078125,0.0078125,16],"to":[1,1,16.492188],"rotation":{"origin":[8,8,8],"axis":"y","angle":0.0},"faces":{"east":{"uv":[0,15,1,16],"texture":"#top","cullface":"north"},"south":{"uv":[0,15,1,16],"texture":"#top","cullface":"north"},"west":{"uv":[0,15,1,16],"texture":"#top","cullface":"north"},"up":{"uv":[0,15,1,16],"texture":"#top","cullface":"north"}}},{"from":[3,0,15],"to":[3.5,1,16],"rotation":{"origin":[4,0,0],"axis":"y","angle":0.0},"faces":{"north":{"uv":[0,15,1,16],"texture":"#top"},"east":{"uv":[0,15,1,16],"texture":"#top"},"south":{"uv":[0,15,1,16],"texture":"#top"},"up":{"uv":[1,16,0,15],"texture":"#top","rotation":90}}},{"from":[3,0,8],"to":[3.5,4,9],"rotation":{"origin":[4,0,7],"axis":"y","angle":0.0},"faces":{"north":{"uv":[7,12,8,16],"texture":"#top"},"east":{"uv":[7,12,8,16],"texture":"#top"},"south":{"uv":[7,12,8,16],"texture":"#top"},"up":{"uv":[8,13,7,12],"texture":"#top","rotation":90},"down":{"uv":[8,16,7,15],"texture":"#top","rotation":270}}},{"from":[3,3,15],"to":[3.5,7,16],"rotation":{"origin":[4,3,0],"axis":"y","angle":0.0},"faces":{"north":{"uv":[0,9,1,13],"texture":"#top"},"east":{"uv":[0,9,1,13],"texture":"#top"},"south":{"uv":[0,9,1,13],"texture":"#top"},"up":{"uv":[1,10,0,9],"texture":"#top","rotation":90},"down":{"uv":[1,13,0,12],"texture":"#top","rotation":270}}},{"from":[3,0,2],"to":[3.5,2,5],"rotation":{"origin":[4,0,11],"axis":"y","angle":0.0},"faces":{"north":{"uv":[13,14,14,16],"texture":"#top"},"east":{"uv":[11,14,14,16],"texture":"#top"},"south":{"uv":[11,14,12,16],"texture":"#top"},"up":{"uv":[14,15,11,14],"texture":"#top","rotation":90},"down":{"uv":[14,16,11,15],"texture":"#top","rotation":270}}},{"from":[3,13,0],"to":[3.5,14,3],"rotation":{"origin":[4,13,13],"axis":"y","angle":0.0},"faces":{"north":{"uv":[15,2,16,3],"texture":"#top"},"east":{"uv":[13,2,16,3],"texture":"#top"},"south":{"uv":[13,2,14,3],"texture":"#top"},"up":{"uv":[16,3,13,2],"texture":"#top","rotation":90},"down":{"uv":[16,3,13,2],"texture":"#top","rotation":270}}},{"from":[3,14,3],"to":[3.5,15,4],"rotation":{"origin":[4,14,12],"axis":"y","angle":0.0},"faces":{"north":{"uv":[12,1,13,2],"texture":"#top"},"east":{"uv":[12,1,13,2],"texture":"#top"},"south":{"uv":[12,1,13,2],"texture":"#top"},"up":{"uv":[13,2,12,1],"texture":"#top","rotation":90},"down":{"uv":[13,2,12,1],"texture":"#top","rotation":270}}},{"from":[3,14,7],"to":[3.5,15,8],"rotation":{"origin":[4,14,8],"axis":"y","angle":0.0},"faces":{"north":{"uv":[8,1,9,2],"texture":"#top"},"east":{"uv":[8,1,9,2],"texture":"#top"},"south":{"uv":[8,1,9,2],"texture":"#top"},"up":{"uv":[9,2,8,1],"texture":"#top","rotation":90},"down":{"uv":[9,2,8,1],"texture":"#top","rotation":270}}},{"from":[3,13,8],"to":[3.5,14,9],"rotation":{"origin":[4,13,7],"axis":"y","angle":0.0},"faces":{"north":{"uv":[7,2,8,3],"texture":"#top"},"east":{"uv":[7,2,8,3],"texture":"#top"},"south":{"uv":[7,2,8,3],"texture":"#top"},"up":{"uv":[8,3,7,2],"texture":"#top","rotation":90}}},{"from":[3,12,9],"to":[3.5,13,13],"rotation":{"origin":[4,12,6],"axis":"y","angle":0.0},"faces":{"north":{"uv":[6,3,7,4],"texture":"#top"},"east":{"uv":[3,3,7,4],"texture":"#top"},"south":{"uv":[3,3,4,4],"texture":"#top"},"up":{"uv":[7,4,3,3],"texture":"#top","rotation":90},"down":{"uv":[7,4,3,3],"texture":"#top","rotation":270}}},{"from":[3,10,11],"to":[3.5,12,12],"rotation":{"origin":[4,12,6],"axis":"y","angle":0.0},"faces":{"north":{"uv":[4,4,5,6],"texture":"#top"},"east":{"uv":[4,4,5,6],"texture":"#top"},"south":{"uv":[4,4,5,6],"texture":"#top"},"down":{"uv":[5,6,4,5],"texture":"#top","rotation":270}}},{"from":[3,9,12],"to":[3.5,10,13],"rotation":{"origin":[4,11,5],"axis":"y","angle":0.0},"faces":{"north":{"uv":[3,6,4,7],"texture":"#top"},"east":{"uv":[3,6,4,7],"texture":"#top"},"south":{"uv":[3,6,4,7],"texture":"#top"},"up":{"uv":[4,7,3,6],"texture":"#top","rotation":90},"down":{"uv":[4,7,3,6],"texture":"#top","rotation":270}}},{"from":[3,8,13],"to":[3.5,9,15],"rotation":{"origin":[4,10,4],"axis":"y","angle":0.0},"faces":{"north":{"uv":[2,7,3,8],"texture":"#top"},"east":{"uv":[1,7,3,8],"texture":"#top"},"south":{"uv":[1,7,2,8],"texture":"#top"},"up":{"uv":[3,8,1,7],"texture":"#top","rotation":90},"down":{"uv":[3,8,1,7],"texture":"#top","rotation":270}}},{"from":[3,13,13],"to":[3.5,14,15],"rotation":{"origin":[4,15,4],"axis":"y","angle":0.0},"faces":{"north":{"uv":[2,2,3,3],"texture":"#top"},"east":{"uv":[1,2,3,3],"texture":"#top"},"south":{"uv":[1,2,2,3],"texture":"#top"},"up":{"uv":[3,3,1,2],"texture":"#top","rotation":90}}},{"from":[3,10,15],"to":[3.5,12,16],"rotation":{"origin":[4,12,3],"axis":"y","angle":0.0},"faces":{"north":{"uv":[0,4,1,6],"texture":"#top"},"east":{"uv":[0,4,1,6],"texture":"#top"},"south":{"uv":[0,4,1,6],"texture":"#top"},"up":{"uv":[1,5,0,4],"texture":"#top","rotation":90},"down":{"uv":[1,6,0,5],"texture":"#top","rotation":270}}},{"from":[3,8,0],"to":[3.5,9,1],"rotation":{"origin":[4,10,18],"axis":"y","angle":0.0},"faces":{"north":{"uv":[15,7,16,8],"texture":"#top"},"east":{"uv":[15,7,16,8],"texture":"#top"},"south":{"uv":[15,7,16,8],"texture":"#top"},"up":{"uv":[16,8,15,7],"texture":"#top","rotation":90},"down":{"uv":[16,8,15,7],"texture":"#top","rotation":270}}},{"from":[3,7,1],"to":[3.5,8,3],"rotation":{"origin":[4,9,17],"axis":"y","angle":0.0},"faces":{"north":{"uv":[14,8,15,9],"texture":"#top"},"east":{"uv":[13,8,15,9],"texture":"#top"},"south":{"uv":[13,8,14,9],"texture":"#top"},"up":{"uv":[15,9,13,8],"texture":"#top","rotation":90},"down":{"uv":[15,9,13,8],"texture":"#top","rotation":270}}},{"from":[3,6,3],"to":[3.5,7,4],"rotation":{"origin":[4,8,16],"axis":"y","angle":0.0},"faces":{"north":{"uv":[12,9,13,10],"texture":"#top"},"east":{"uv":[12,9,13,10],"texture":"#top"},"south":{"uv":[12,9,13,10],"texture":"#top"},"up":{"uv":[13,10,12,9],"texture":"#top","rotation":90},"down":{"uv":[13,10,12,9],"texture":"#top","rotation":270}}},{"from":[3,5,0],"to":[3.5,6,1],"rotation":{"origin":[4,7,19],"axis":"y","angle":0.0},"faces":{"north":{"uv":[15,10,16,11],"texture":"#top"},"east":{"uv":[15,10,16,11],"texture":"#top"},"south":{"uv":[15,10,16,11],"texture":"#top"},"up":{"uv":[16,11,15,10],"texture":"#top","rotation":90},"down":{"uv":[16,11,15,10],"texture":"#top","rotation":270}}},{"from":[3,4,1],"to":[3.5,5,2],"rotation":{"origin":[4,6,18],"axis":"y","angle":0.0},"faces":{"north":{"uv":[14,11,15,12],"texture":"#top"},"east":{"uv":[14,11,15,12],"texture":"#top"},"south":{"uv":[14,11,15,12],"texture":"#top"},"up":{"uv":[15,12,14,11],"texture":"#top","rotation":90}}},{"from":[3,3,2],"to":[3.5,4,4],"rotation":{"origin":[4,5,17],"axis":"y","angle":0.0},"faces":{"north":{"uv":[13,12,14,13],"texture":"#top"},"east":{"uv":[12,12,14,13],"texture":"#top"},"south":{"uv":[12,12,13,13],"texture":"#top"},"up":{"uv":[14,13,12,12],"texture":"#top","rotation":90},"down":{"uv":[14,13,12,12],"texture":"#top","rotation":270}}},{"from":[3,4,4],"to":[3.5,5,5],"rotation":{"origin":[4,6,16],"axis":"y","angle":0.0},"faces":{"north":{"uv":[11,11,12,12],"texture":"#top"},"east":{"uv":[11,11,12,12],"texture":"#top"},"south":{"uv":[11,11,12,12],"texture":"#top"}}},{"from":[3,5,5],"to":[3.5,6,7],"rotation":{"origin":[4,7,15],"axis":"y","angle":0.0},"faces":{"north":{"uv":[10,10,11,11],"texture":"#top"},"east":{"uv":[9,10,11,11],"texture":"#top"},"south":{"uv":[9,10,10,11],"texture":"#top"},"up":{"uv":[11,11,9,10],"texture":"#top","rotation":90},"down":{"uv":[11,11,9,10],"texture":"#top","rotation":270}}},{"from":[3,4,6],"to":[3.5,5,8],"rotation":{"origin":[4,6,14],"axis":"y","angle":0.0},"faces":{"north":{"uv":[9,11,10,12],"texture":"#top"},"east":{"uv":[8,11,10,12],"texture":"#top"},"south":{"uv":[8,11,9,12],"texture":"#top"},"down":{"uv":[10,12,8,11],"texture":"#top","rotation":270}}},{"from":[3,13,8],"to":[3.5,13,15],"rotation":{"origin":[4,15,4],"axis":"y","angle":0.0},"faces":{"down":{"uv":[8,3,1,2],"texture":"#top","rotation":270}}},{"from":[3,4,1],"to":[3.5,4,5],"rotation":{"origin":[4,6,13],"axis":"y","angle":0.0},"faces":{"down":{"uv":[15,12,11,11],"texture":"#top","rotation":270}}},{"from":[3,5,4],"to":[3.5,5,8],"rotation":{"origin":[4,7,10],"axis":"y","angle":0.0},"faces":{"up":{"uv":[12,12,8,11],"texture":"#top","rotation":90}}},{"from":[0.0078125,10,-0.4921875],"to":[1,12,0],"rotation":{"origin":[8,8,8],"axis":"y","angle":0.0},"faces":{"north":{"uv":[1,4,0,6],"texture":"#top","cullface":"south"},"east":{"uv":[1,4,0,6],"texture":"#top","cullface":"south"},"west":{"uv":[1,4,0,6],"texture":"#top","cullface":"south"},"up":{"uv":[0,5,1,4],"texture":"#top","cullface":"south"},"down":{"uv":[0,6,1,5],"texture":"#top","cullface":"south"}}},{"from":[1,8,-0.4921875],"to":[3,9,0],"rotation":{"origin":[8,8,8],"axis":"y","angle":0.0},"faces":{"north":{"uv":[3,7,1,8],"texture":"#top","cullface":"south"},"east":{"uv":[3,7,2,8],"texture":"#top","cullface":"south"},"west":{"uv":[2,7,1,8],"texture":"#top","cullface":"south"},"up":{"uv":[1,8,3,7],"texture":"#top","cullface":"south"},"down":{"uv":[1,8,3,7],"texture":"#top","cullface":"south"}}},{"from":[1,13,-0.4921875],"to":[3,14,0],"rotation":{"origin":[8,8,8],"axis":"y","angle":0.0},"faces":{"north":{"uv":[3,2,1,3],"texture":"#top","cullface":"south"},"east":{"uv":[3,2,2,3],"texture":"#top","cullface":"south"},"west":{"uv":[2,2,1,3],"texture":"#top","cullface":"south"},"up":{"uv":[1,3,3,2],"texture":"#top","cullface":"south"},"down":{"uv":[1,3,3,2],"texture":"#top","cullface":"south"}}},{"from":[0.0078125,3,-0.4921875],"to":[1,7,0],"rotation":{"origin":[8,8,8],"axis":"y","angle":0.0},"faces":{"north":{"uv":[1,9,0,13],"texture":"#top","cullface":"south"},"east":{"uv":[1,9,0,13],"texture":"#top","cullface":"south"},"west":{"uv":[1,9,0,13],"texture":"#top","cullface":"south"},"up":{"uv":[0,10,1,9],"texture":"#top","cullface":"south"},"down":{"uv":[0,13,1,12],"texture":"#top","cullface":"south"}}},{"from":[0.0078125,0.0078125,-0.4921875],"to":[1,1,0],"rotation":{"origin":[8,8,8],"axis":"y","angle":0.0},"faces":{"north":{"uv":[1,15,0,16],"texture":"#top","cullface":"south"},"east":{"uv":[1,15,0,16],"texture":"#top","cullface":"south"},"west":{"uv":[1,15,0,16],"texture":"#top","cullface":"south"},"up":{"uv":[0,16,1,15],"texture":"#top","cullface":"south"}}},{"from":[-0.4921875,0.0078125,15],"to":[0,1,15.9921875],"rotation":{"origin":[-1,0,0],"axis":"y","angle":0.0},"faces":{"north":{"uv":[1,15,0,16],"texture":"#top","cullface":"west"},"south":{"uv":[1,15,0,16],"texture":"#top","cullface":"west"},"west":{"uv":[1,15,0,16],"texture":"#top","cullface":"west"},"up":{"uv":[1,15,0,16],"texture":"#top","cullface":"west","rotation":90}}},{"from":[-0.4921875,0.0078125,8],"to":[0,4,9],"rotation":{"origin":[-1,0,7],"axis":"y","angle":0.0},"faces":{"north":{"uv":[8,12,7,16],"texture":"#top","cullface":"west"},"south":{"uv":[8,12,7,16],"texture":"#top","cullface":"west"},"west":{"uv":[8,12,7,16],"texture":"#top","cullface":"west"},"up":{"uv":[8,12,7,13],"texture":"#top","cullface":"west","rotation":90},"down":{"uv":[8,15,7,16],"texture":"#top","cullface":"west","rotation":270}}},{"from":[-0.4921875,3,15],"to":[0,7,15.9921875],"rotation":{"origin":[-1,3,0],"axis":"y","angle":0.0},"faces":{"north":{"uv":[1,9,0,13],"texture":"#top","cullface":"west"},"south":{"uv":[1,9,0,13],"texture":"#top","cullface":"west"},"west":{"uv":[1,9,0,13],"texture":"#top","cullface":"west"},"up":{"uv":[1,9,0,10],"texture":"#top","cullface":"west","rotation":90},"down":{"uv":[1,12,0,13],"texture":"#top","cullface":"west","rotation":270}}},{"from":[-0.4921875,0.0078125,2],"to":[0,2,5],"rotation":{"origin":[-1,0,11],"axis":"y","angle":0.0},"faces":{"north":{"uv":[14,14,13,16],"texture":"#top","cullface":"west"},"south":{"uv":[12,14,11,16],"texture":"#top","cullface":"west"},"west":{"uv":[14,14,11,16],"texture":"#top","cullface":"west"},"up":{"uv":[14,14,11,15],"texture":"#top","cullface":"west","rotation":90},"down":{"uv":[14,15,11,16],"texture":"#top","cullface":"west","rotation":270}}},{"from":[-0.4921875,13,0.0078125],"to":[0,14,3],"rotation":{"origin":[-1,13,13],"axis":"y","angle":0.0},"faces":{"north":{"uv":[16,2,15,3],"texture":"#top","cullface":"west"},"south":{"uv":[14,2,13,3],"texture":"#top","cullface":"west"},"west":{"uv":[16,2,13,3],"texture":"#top","cullface":"west"},"up":{"uv":[16,2,13,3],"texture":"#top","cullface":"west","rotation":90},"down":{"uv":[16,2,13,3],"texture":"#top","cullface":"west","rotation":270}}},{"from":[-0.4921875,14,3],"to":[0,15,4],"rotation":{"origin":[-1,14,12],"axis":"y","angle":0.0},"faces":{"north":{"uv":[13,1,12,2],"texture":"#top","cullface":"west"},"south":{"uv":[13,1,12,2],"texture":"#top","cullface":"west"},"west":{"uv":[13,1,12,2],"texture":"#top","cullface":"west"},"up":{"uv":[13,1,12,2],"texture":"#top","cullface":"west","rotation":90},"down":{"uv":[13,1,12,2],"texture":"#top","cullface":"west","rotation":270}}},{"from":[-0.4921875,14,7],"to":[0,15,8],"rotation":{"origin":[-1,14,8],"axis":"y","angle":0.0},"faces":{"north":{"uv":[9,1,8,2],"texture":"#top","cullface":"west"},"south":{"uv":[9,1,8,2],"texture":"#top","cullface":"west"},"west":{"uv":[9,1,8,2],"texture":"#top","cullface":"west"},"up":{"uv":[9,1,8,2],"texture":"#top","cullface":"west","rotation":90},"down":{"uv":[9,1,8,2],"texture":"#top","cullface":"west","rotation":270}}},{"from":[-0.4921875,13,8],"to":[0,14,9],"rotation":{"origin":[-1,13,7],"axis":"y","angle":0.0},"faces":{"north":{"uv":[8,2,7,3],"texture":"#top","cullface":"west"},"south":{"uv":[8,2,7,3],"texture":"#top","cullface":"west"},"west":{"uv":[8,2,7,3],"texture":"#top","cullface":"west"},"up":{"uv":[8,2,7,3],"texture":"#top","cullface":"west","rotation":90}}},{"from":[-0.4921875,12,9],"to":[0,13,13],"rotation":{"origin":[-1,12,6],"axis":"y","angle":0.0},"faces":{"north":{"uv":[7,3,6,4],"texture":"#top","cullface":"west"},"south":{"uv":[4,3,3,4],"texture":"#top","cullface":"west"},"west":{"uv":[7,3,3,4],"texture":"#top","cullface":"west"},"up":{"uv":[7,3,3,4],"texture":"#top","cullface":"west","rotation":90},"down":{"uv":[7,3,3,4],"texture":"#top","cullface":"west","rotation":270}}},{"from":[-0.4921875,10,11],"to":[0,12,12],"rotation":{"origin":[-1,12,6],"axis":"y","angle":0.0},"faces":{"north":{"uv":[5,4,4,6],"texture":"#top","cullface":"west"},"south":{"uv":[5,4,4,6],"texture":"#top","cullface":"west"},"west":{"uv":[5,4,4,6],"texture":"#top","cullface":"west"},"down":{"uv":[5,5,4,6],"texture":"#top","cullface":"west","rotation":270}}},{"from":[-0.4921875,9,12],"to":[0,10,13],"rotation":{"origin":[-1,11,5],"axis":"y","angle":0.0},"faces":{"north":{"uv":[4,6,3,7],"texture":"#top","cullface":"west"},"south":{"uv":[4,6,3,7],"texture":"#top","cullface":"west"},"west":{"uv":[4,6,3,7],"texture":"#top","cullface":"west"},"up":{"uv":[4,6,3,7],"texture":"#top","cullface":"west","rotation":90},"down":{"uv":[4,6,3,7],"texture":"#top","cullface":"west","rotation":270}}},{"from":[-0.4921875,8,13],"to":[0,9,15],"rotation":{"origin":[-1,10,4],"axis":"y","angle":0.0},"faces":{"north":{"uv":[3,7,2,8],"texture":"#top","cullface":"west"},"south":{"uv":[2,7,1,8],"texture":"#top","cullface":"west"},"west":{"uv":[3,7,1,8],"texture":"#top","cullface":"west"},"up":{"uv":[3,7,1,8],"texture":"#top","cullface":"west","rotation":90},"down":{"uv":[3,7,1,8],"texture":"#top","cullface":"west","rotation":270}}},{"from":[-0.4921875,13,13],"to":[0,14,15],"rotation":{"origin":[-1,15,4],"axis":"y","angle":0.0},"faces":{"north":{"uv":[3,2,2,3],"texture":"#top","cullface":"west"},"south":{"uv":[2,2,1,3],"texture":"#top","cullface":"west"},"west":{"uv":[3,2,1,3],"texture":"#top","cullface":"west"},"up":{"uv":[3,2,1,3],"texture":"#top","cullface":"west","rotation":90}}},{"from":[-0.4921875,10,15],"to":[0,12,15.9921875],"rotation":{"origin":[-1,12,3],"axis":"y","angle":0.0},"faces":{"north":{"uv":[1,4,0,6],"texture":"#top","cullface":"west"},"south":{"uv":[1,4,0,6],"texture":"#top","cullface":"west"},"west":{"uv":[1,4,0,6],"texture":"#top","cullface":"west"},"up":{"uv":[1,4,0,5],"texture":"#top","cullface":"west","rotation":90},"down":{"uv":[1,5,0,6],"texture":"#top","cullface":"west","rotation":270}}},{"from":[-0.4921875,8,0.0078125],"to":[0,9,1],"rotation":{"origin":[-1,10,18],"axis":"y","angle":0.0},"faces":{"north":{"uv":[16,7,15,8],"texture":"#top","cullface":"west"},"south":{"uv":[16,7,15,8],"texture":"#top","cullface":"west"},"west":{"uv":[16,7,15,8],"texture":"#top","cullface":"west"},"up":{"uv":[16,7,15,8],"texture":"#top","cullface":"west","rotation":90},"down":{"uv":[16,7,15,8],"texture":"#top","cullface":"west","rotation":270}}},{"from":[-0.4921875,7,1],"to":[0,8,3],"rotation":{"origin":[-1,9,17],"axis":"y","angle":0.0},"faces":{"north":{"uv":[15,8,14,9],"texture":"#top","cullface":"west"},"south":{"uv":[14,8,13,9],"texture":"#top","cullface":"west"},"west":{"uv":[15,8,13,9],"texture":"#top","cullface":"west"},"up":{"uv":[15,8,13,9],"texture":"#top","cullface":"west","rotation":90},"down":{"uv":[15,8,13,9],"texture":"#top","cullface":"west","rotation":270}}},{"from":[-0.4921875,6,3],"to":[0,7,4],"rotation":{"origin":[-1,8,16],"axis":"y","angle":0.0},"faces":{"north":{"uv":[13,9,12,10],"texture":"#top","cullface":"west"},"south":{"uv":[13,9,12,10],"texture":"#top","cullface":"west"},"west":{"uv":[13,9,12,10],"texture":"#top","cullface":"west"},"up":{"uv":[13,9,12,10],"texture":"#top","cullface":"west","rotation":90},"down":{"uv":[13,9,12,10],"texture":"#top","cullface":"west","rotation":270}}},{"from":[-0.4921875,5,0.0078125],"to":[0,6,1],"rotation":{"origin":[-1,7,19],"axis":"y","angle":0.0},"faces":{"north":{"uv":[16,10,15,11],"texture":"#top","cullface":"west"},"south":{"uv":[16,10,15,11],"texture":"#top","cullface":"west"},"west":{"uv":[16,10,15,11],"texture":"#top","cullface":"west"},"up":{"uv":[16,10,15,11],"texture":"#top","cullface":"west","rotation":90},"down":{"uv":[16,10,15,11],"texture":"#top","cullface":"west","rotation":270}}},{"from":[-0.4921875,4,1],"to":[0,5,2],"rotation":{"origin":[-1,6,18],"axis":"y","angle":0.0},"faces":{"north":{"uv":[15,11,14,12],"texture":"#top","cullface":"west"},"south":{"uv":[15,11,14,12],"texture":"#top","cullface":"west"},"west":{"uv":[15,11,14,12],"texture":"#top","cullface":"west"},"up":{"uv":[15,11,14,12],"texture":"#top","cullface":"west","rotation":90}}},{"from":[-0.4921875,3,2],"to":[0,4,4],"rotation":{"origin":[-1,5,17],"axis":"y","angle":0.0},"faces":{"north":{"uv":[14,12,13,13],"texture":"#top","cullface":"west"},"south":{"uv":[13,12,12,13],"texture":"#top","cullface":"west"},"west":{"uv":[14,12,12,13],"texture":"#top","cullface":"west"},"up":{"uv":[14,12,12,13],"texture":"#top","cullface":"west","rotation":90},"down":{"uv":[14,12,12,13],"texture":"#top","cullface":"west","rotation":270}}},{"from":[-0.4921875,4,4],"to":[0,5,5],"rotation":{"origin":[-1,6,16],"axis":"y","angle":0.0},"faces":{"north":{"uv":[12,11,11,12],"texture":"#top","cullface":"west"},"south":{"uv":[12,11,11,12],"texture":"#top","cullface":"west"},"west":{"uv":[12,11,11,12],"texture":"#top","cullface":"west"}}},{"from":[-0.4921875,5,5],"to":[0,6,7],"rotation":{"origin":[-1,7,15],"axis":"y","angle":0.0},"faces":{"north":{"uv":[11,10,10,11],"texture":"#top","cullface":"west"},"south":{"uv":[10,10,9,11],"texture":"#top","cullface":"west"},"west":{"uv":[11,10,9,11],"texture":"#top","cullface":"west"},"up":{"uv":[11,10,9,11],"texture":"#top","cullface":"west","rotation":90},"down":{"uv":[11,10,9,11],"texture":"#top","cullface":"west","rotation":270}}},{"from":[-0.4921875,4,6],"to":[0,5,8],"rotation":{"origin":[-1,6,14],"axis":"y","angle":0.0},"faces":{"north":{"uv":[10,11,9,12],"texture":"#top","cullface":"west"},"south":{"uv":[9,11,8,12],"texture":"#top","cullface":"west"},"west":{"uv":[10,11,8,12],"texture":"#top","cullface":"west"},"down":{"uv":[10,11,8,12],"texture":"#top","cullface":"west","rotation":270}}},{"from":[-0.4921875,13,8],"to":[0,13,15],"rotation":{"origin":[-1,15,4],"axis":"y","angle":0.0},"faces":{"down":{"uv":[8,2,1,3],"texture":"#top","cullface":"west","rotation":270}}},{"from":[-0.4921875,4,1],"to":[0,4,5],"rotation":{"origin":[-1,6,13],"axis":"y","angle":0.0},"faces":{"down":{"uv":[15,11,11,12],"texture":"#top","cullface":"west","rotation":270}}},{"from":[-0.4921875,5,4],"to":[0,5,8],"rotation":{"origin":[-1,7,10],"axis":"y","angle":0.0},"faces":{"up":{"uv":[12,11,8,12],"texture":"#top","cullface":"west","rotation":90}}},{"from":[2,16,8],"to":[3,16.492188,9],"rotation":{"origin":[8,8,8],"axis":"y","angle":0.0},"faces":{"north":{"uv":[7,2,8,3],"texture":"#top","cullface":"up","rotation":90},"east":{"uv":[7,2,8,3],"texture":"#top","cullface":"up"},"south":{"uv":[7,2,8,3],"texture":"#top","cullface":"up","rotation":270},"west":{"uv":[7,2,8,3],"texture":"#top","cullface":"up","rotation":180},"up":{"uv":[8,3,7,2],"texture":"#top","cullface":"up","rotation":90}}},{"from":[2,16,13],"to":[3,16.492188,15],"rotation":{"origin":[8,8,8],"axis":"y","angle":0.0},"faces":{"north":{"uv":[2,2,3,3],"texture":"#top","cullface":"up","rotation":90},"east":{"uv":[1,2,3,3],"texture":"#top","cullface":"up"},"south":{"uv":[1,2,2,3],"texture":"#top","cullface":"up","rotation":270},"west":{"uv":[1,2,3,3],"texture":"#top","cullface":"up","rotation":180},"up":{"uv":[3,3,1,2],"texture":"#top","cullface":"up","rotation":90}}},{"from":[1,16,7],"to":[2,16.492188,8],"rotation":{"origin":[8,8,8],"axis":"y","angle":0.0},"faces":{"north":{"uv":[8,1,9,2],"texture":"#top","cullface":"up","rotation":90},"east":{"uv":[8,1,9,2],"texture":"#top","cullface":"up"},"south":{"uv":[8,1,9,2],"texture":"#top","cullface":"up","rotation":270},"west":{"uv":[8,1,9,2],"texture":"#top","cullface":"up","rotation":180},"up":{"uv":[9,2,8,1],"texture":"#top","cullface":"up","rotation":90}}},{"from":[1,16,3],"to":[2,16.492188,4],"rotation":{"origin":[8,8,8],"axis":"y","angle":0.0},"faces":{"north":{"uv":[12,1,13,2],"texture":"#top","cullface":"up","rotation":90},"east":{"uv":[12,1,13,2],"texture":"#top","cullface":"up"},"south":{"uv":[12,1,13,2],"texture":"#top","cullface":"up","rotation":270},"west":{"uv":[12,1,13,2],"texture":"#top","cullface":"up","rotation":180},"up":{"uv":[13,2,12,1],"texture":"#top","cullface":"up","rotation":90}}},{"from":[2,16,0.0078125],"to":[3,16.492188,3],"rotation":{"origin":[8,8,8],"axis":"y","angle":0.0},"faces":{"north":{"uv":[15,2,16,3],"texture":"#top","cullface":"up","rotation":90},"east":{"uv":[13,2,16,3],"texture":"#top","cullface":"up"},"south":{"uv":[13,2,14,3],"texture":"#top","cullface":"up","rotation":270},"west":{"uv":[13,2,16,3],"texture":"#top","cullface":"up","rotation":180},"up":{"uv":[16,3,13,2],"texture":"#top","cullface":"up","rotation":90}}}]}