{"parent":"block/door_bottom_left_open","elements":[{"from":[0,0,14],"to":[3,16,16],"faces":{"north":{"uv":[2,0,1,16],"texture":"#bottom"},"east":{"uv":[0,0,2,16],"texture":"#bottom"},"south":{"uv":[0,0,3,16],"texture":"#bottom","cullface":"north"},"west":{"uv":[2,0,0,16],"texture":"#bottom","cullface":"west"}}},{"from":[0,0,0],"to":[3,3,16],"faces":{"east":{"uv":[0,13,16,16],"texture":"#bottom"},"west":{"uv":[16,13,0,16],"texture":"#bottom","cullface":"west"},"up":{"uv":[16,13,0,14],"texture":"#bottom","rotation":90},"down":{"uv":[16,13,0,16],"texture":"#bottom","cullface":"down","rotation":270}}},{"from":[0,7,3],"to":[3,9,14],"faces":{"east":{"uv":[2,7,13,9],"texture":"#bottom"},"west":{"uv":[13,7,2,9],"texture":"#bottom","cullface":"west"},"up":{"uv":[13,7,2,8],"texture":"#bottom","rotation":90},"down":{"uv":[13,8,2,9],"texture":"#bottom","rotation":270}}},{"from":[0,13,3],"to":[3,15,14],"faces":{"east":{"uv":[2,1,13,3],"texture":"#bottom"},"west":{"uv":[13,1,2,3],"texture":"#bottom","cullface":"west"},"up":{"uv":[13,1,2,2],"texture":"#bottom","rotation":90},"down":{"uv":[13,2,2,3],"texture":"#bottom","rotation":270}}},{"from":[0.5,3,2],"to":[2.5,16,14],"faces":{"east":{"uv":[2,0,14,13],"texture":"#bottom"},"west":{"uv":[14,0,2,13],"texture":"#bottom","cullface":"west"}}},{"from":[0,3,8],"to":[3,16,9],"faces":{"north":{"uv":[9,0,8,13],"texture":"#bottom"},"east":{"uv":[7,0,8,13],"texture":"#bottom"},"south":{"uv":[8,0,7,13],"texture":"#bottom"},"west":{"uv":[8,0,7,13],"texture":"#bottom","cullface":"west"}}},{"from":[0,0,0],"to":[3,16,3],"faces":{"north":{"uv":[0,0,3,16],"texture":"#bottom","cullface":"south"},"east":{"uv":[13,0,16,16],"texture":"#bottom"},"south":{"uv":[14,0,13,16],"texture":"#bottom"},"west":{"uv":[16,0,13,16],"texture":"#bottom","cullface":"west"}}},{"from":[-0.4921875,4,15],"to":[0,6,15.9921875],"faces":{"north":{"uv":[1,10,0,12],"texture":"#bottom"},"south":{"uv":[1,10,0,12],"texture":"#bottom"},"west":{"uv":[1,10,0,12],"texture":"#bottom"},"up":{"uv":[1,10,0,11],"texture":"#bottom","rotation":90},"down":{"uv":[1,11,0,12],"texture":"#bottom","rotation":270}}},{"from":[-0.4921875,15,15],"to":[0,15.9921875,15.9921875],"faces":{"north":{"uv":[1,0,0,1],"texture":"#bottom"},"south":{"uv":[1,0,0,1],"texture":"#bottom"},"west":{"uv":[1,0,0,1],"texture":"#bottom"},"down":{"uv":[1,0,0,1],"texture":"#bottom","rotation":270}}},{"from":[3,15,15],"to":[3.5,16,16],"faces":{"north":{"uv":[0,0,1,1],"texture":"#bottom"},"east":{"uv":[0,0,1,1],"texture":"#bottom"},"south":{"uv":[0,0,1,1],"texture":"#bottom"},"down":{"uv":[1,1,0,0],"texture":"#bottom","rotation":270}}},{"from":[3,4,15],"to":[3.5,6,16],"faces":{"north":{"uv":[0,10,1,12],"texture":"#bottom"},"east":{"uv":[0,10,1,12],"texture":"#bottom"},"south":{"uv":[0,10,1,12],"texture":"#bottom"},"up":{"uv":[1,11,0,10],"texture":"#bottom","rotation":90},"down":{"uv":[1,12,0,11],"texture":"#bottom","rotation":270}}},{"from":[2,15,-0.4921875],"to":[3,15.9921875,0],"faces":{"north":{"uv":[0,0,1,1],"texture":"#bottom"},"east":{"uv":[0,0,1,1],"texture":"#bottom"},"west":{"uv":[0,0,1,1],"texture":"#bottom"},"down":{"uv":[1,1,0,0],"texture":"#bottom"}}},{"from":[2,4,-0.4921875],"to":[3,6,0],"faces":{"north":{"uv":[0,10,1,12],"texture":"#bottom"},"east":{"uv":[0,10,1,12],"texture":"#bottom"},"west":{"uv":[0,10,1,12],"texture":"#bottom"},"up":{"uv":[1,11,0,10],"texture":"#bottom"},"down":{"uv":[1,12,0,11],"texture":"#bottom"}}},{"from":[0.0078125,15,16],"to":[1,15.9921875,16.492188],"faces":{"east":{"uv":[0,0,1,1],"texture":"#bottom"},"south":{"uv":[0,0,1,1],"texture":"#bottom"},"west":{"uv":[0,0,1,1],"texture":"#bottom"},"down":{"uv":[0,0,1,1],"texture":"#bottom"}}},{"from":[0.0078125,4,16],"to":[1,6,16.492188],"faces":{"east":{"uv":[0,10,1,12],"texture":"#bottom"},"south":{"uv":[0,10,1,12],"texture":"#bottom"},"west":{"uv":[0,10,1,12],"texture":"#bottom"},"up":{"uv":[0,10,1,11],"texture":"#bottom"},"down":{"uv":[0,11,1,12],"texture":"#bottom"}}}]}