{"parent":"block/door_top_right_open","elements":[{"from":[0,0,0],"to":[3,16,2],"faces":{"north":{"uv":[3,0,0,16],"texture":"#top","cullface":"north"},"east":{"uv":[2,0,0,16],"texture":"#top"},"south":{"uv":[1,0,2,16],"texture":"#top"},"west":{"uv":[0,0,2,16],"texture":"#top","cullface":"west"}}},{"from":[0,3,2],"to":[3,5,13],"faces":{"east":{"uv":[13,11,2,13],"texture":"#top"},"west":{"uv":[2,11,13,13],"texture":"#top","cullface":"west"},"up":{"uv":[2,11,13,12],"texture":"#top","rotation":90},"down":{"uv":[2,12,13,13],"texture":"#top","rotation":270}}},{"from":[0.5,0,2],"to":[2.5,3,13],"faces":{"east":{"uv":[13,13,2,16],"texture":"#top"},"west":{"uv":[2,13,13,16],"texture":"#top"}}},{"from":[0,0,13],"to":[3,16,16],"faces":{"north":{"uv":[13,0,14,16],"texture":"#top"},"east":{"uv":[16,0,13,16],"texture":"#top"},"south":{"uv":[3,0,0,16],"texture":"#top","cullface":"south"},"west":{"uv":[13,0,16,16],"texture":"#top","cullface":"west"}}},{"from":[0,13,0],"to":[3,16,16],"faces":{"east":{"uv":[16,0,0,3],"texture":"#top"},"west":{"uv":[0,0,16,3],"texture":"#top","cullface":"west"},"up":{"uv":[0,0,16,3],"texture":"#top","cullface":"up","rotation":90},"down":{"uv":[0,2,16,3],"texture":"#top","rotation":270}}},{"from":[0,8,3],"to":[3,10,13],"faces":{"east":{"uv":[13,6,3,8],"texture":"#top"},"west":{"uv":[3,6,13,8],"texture":"#top","cullface":"west"},"up":{"uv":[3,6,13,7],"texture":"#top","rotation":90},"down":{"uv":[3,7,13,8],"texture":"#top","rotation":270}}},{"from":[0,5,7],"to":[3,13,9],"faces":{"east":{"uv":[9,3,7,11],"texture":"#top"},"south":{"uv":[8,3,9,11],"texture":"#top"},"west":{"uv":[7,3,9,11],"texture":"#top","cullface":"west"}}},{"from":[0,0,7],"to":[3,13,8],"faces":{"north":{"uv":[7,3,8,16],"texture":"#top"},"east":{"uv":[8,3,7,16],"texture":"#top"},"south":{"uv":[7,3,8,16],"texture":"#top"},"west":{"uv":[7,3,8,16],"texture":"#top","cullface":"west"}}},{"from":[0,5,2],"to":[3,13,3],"faces":{"east":{"uv":[3,3,2,11],"texture":"#top","cullface":"west"},"south":{"uv":[2,3,3,11],"texture":"#top"},"west":{"uv":[2,3,3,11],"texture":"#top","cullface":"west"}}},{"from":[-0.4921875,0.0078125,0.0078125],"to":[0,1,1],"faces":{"north":{"uv":[1,15,0,16],"texture":"#top","cullface":"west"},"south":{"uv":[1,15,0,16],"texture":"#top","cullface":"west"},"west":{"uv":[1,15,0,16],"texture":"#top","cullface":"west"},"up":{"uv":[0,16,1,15],"texture":"#top","cullface":"west","rotation":90}}},{"from":[-0.4921875,10,0.0078125],"to":[0,12,1],"faces":{"north":{"uv":[1,4,0,6],"texture":"#top","cullface":"west"},"south":{"uv":[1,4,0,6],"texture":"#top","cullface":"west"},"west":{"uv":[1,4,0,6],"texture":"#top","cullface":"west"},"up":{"uv":[0,5,1,4],"texture":"#top","cullface":"west","rotation":90},"down":{"uv":[0,6,1,5],"texture":"#top","cullface":"west","rotation":270}}},{"from":[2,0.0078125,16],"to":[3,1,16.492188],"faces":{"east":{"uv":[0,15,1,16],"texture":"#top","cullface":"south"},"south":{"uv":[0,15,1,16],"texture":"#top","cullface":"south"},"west":{"uv":[0,15,1,16],"texture":"#top","cullface":"south"},"up":{"uv":[1,16,0,15],"texture":"#top","cullface":"south"}}},{"from":[2,10,16],"to":[3,12,16.492188],"faces":{"east":{"uv":[0,4,1,6],"texture":"#top","cullface":"south"},"south":{"uv":[0,4,1,6],"texture":"#top","cullface":"south"},"west":{"uv":[0,4,1,6],"texture":"#top","cullface":"south"},"up":{"uv":[1,5,0,4],"texture":"#top","cullface":"south"},"down":{"uv":[1,6,0,5],"texture":"#top","cullface":"south"}}},{"from":[0.0078125,0.0078125,-0.4921875],"to":[1,1,0],"faces":{"north":{"uv":[0,15,1,16],"texture":"#top","cullface":"north"},"east":{"uv":[0,15,1,16],"texture":"#top","cullface":"north"},"west":{"uv":[0,15,1,16],"texture":"#top","cullface":"north"},"up":{"uv":[0,15,1,16],"texture":"#top","cullface":"north"}}},{"from":[0.0078125,10,-0.4921875],"to":[1,12,0],"faces":{"north":{"uv":[0,4,1,6],"texture":"#top","cullface":"north"},"east":{"uv":[0,4,1,6],"texture":"#top","cullface":"north"},"west":{"uv":[0,4,1,6],"texture":"#top","cullface":"north"},"up":{"uv":[0,4,1,5],"texture":"#top","cullface":"north"},"down":{"uv":[0,5,1,6],"texture":"#top","cullface":"north"}}},{"from":[-0.4921875,1,11],"to":[0.5,2,14],"faces":{"south":{"uv":[13,14,14,15],"texture":"#top","cullface":"west"},"west":{"uv":[11,14,14,15],"texture":"#top","cullface":"west"},"up":{"uv":[11,14,14,15],"texture":"#top","cullface":"west","rotation":90},"down":{"uv":[11,14,14,15],"texture":"#top","rotation":270}}},{"from":[-0.4921875,0.0078125,11],"to":[0.5,2,12],"faces":{"north":{"uv":[11,14,12,16],"texture":"#top"},"south":{"uv":[11,14,12,16],"texture":"#top"},"west":{"uv":[11,14,12,16],"texture":"#top","cullface":"west"},"down":{"uv":[11,16,12,15],"texture":"#top","rotation":270}}},{"from":[3,10,0],"to":[3.5,12,1],"faces":{"north":{"uv":[0,4,1,6],"texture":"#top"},"east":{"uv":[0,4,1,6],"texture":"#top"},"south":{"uv":[0,4,1,6],"texture":"#top"},"up":{"uv":[0,4,1,5],"texture":"#top","rotation":90},"down":{"uv":[0,5,1,6],"texture":"#top","rotation":270}}},{"from":[3,0,0],"to":[3.5,1,1],"faces":{"north":{"uv":[0,15,1,16],"texture":"#top"},"east":{"uv":[0,15,1,16],"texture":"#top"},"south":{"uv":[0,15,1,16],"texture":"#top"},"up":{"uv":[0,15,1,16],"texture":"#top","rotation":90}}},{"from":[2.5,1,11],"to":[3.5,2,14],"faces":{"east":{"uv":[14,14,11,15],"texture":"#top"},"south":{"uv":[14,14,13,15],"texture":"#top"},"up":{"uv":[11,15,14,14],"texture":"#top","rotation":90},"down":{"uv":[11,15,14,14],"texture":"#top","rotation":270}}},{"from":[2.5,0,11],"to":[3.5,2,12],"faces":{"north":{"uv":[12,14,11,16],"texture":"#top"},"east":{"uv":[12,14,11,16],"texture":"#top"},"south":{"uv":[12,14,11,16],"texture":"#top"},"down":{"uv":[11,15,12,16],"texture":"#top","rotation":270}}}]}