{"parent":"block/door_top_right","elements":[{"from":[0,0,14],"to":[3,16,16],"faces":{"north":{"uv":[2,0,1,16],"texture":"#top"},"east":{"uv":[0,0,2,16],"texture":"#top"},"south":{"uv":[0,0,3,16],"texture":"#top","cullface":"north"},"west":{"uv":[2,0,0,16],"texture":"#top","cullface":"west"}}},{"from":[0,3,3],"to":[3,5,14],"faces":{"east":{"uv":[2,11,13,13],"texture":"#top"},"west":{"uv":[13,11,2,13],"texture":"#top","cullface":"west"},"up":{"uv":[13,11,2,12],"texture":"#top","rotation":90},"down":{"uv":[13,12,2,13],"texture":"#top","rotation":270}}},{"from":[0.5,0,3],"to":[2.5,3,14],"faces":{"east":{"uv":[2,13,13,16],"texture":"#top"},"west":{"uv":[13,13,2,16],"texture":"#top"}}},{"from":[0,0,0],"to":[3,16,3],"faces":{"north":{"uv":[3,0,0,16],"texture":"#top","cullface":"south"},"east":{"uv":[13,0,16,16],"texture":"#top"},"south":{"uv":[14,0,13,16],"texture":"#top"},"west":{"uv":[16,0,13,16],"texture":"#top","cullface":"west"}}},{"from":[0,13,0],"to":[3,16,16],"faces":{"east":{"uv":[0,0,16,3],"texture":"#top"},"west":{"uv":[16,0,0,3],"texture":"#top","cullface":"west"},"up":{"uv":[0,0,16,3],"texture":"#top","cullface":"up","rotation":270},"down":{"uv":[16,2,0,3],"texture":"#top","rotation":270}}},{"from":[0,8,3],"to":[3,10,13],"faces":{"east":{"uv":[3,6,13,8],"texture":"#top"},"west":{"uv":[13,6,3,8],"texture":"#top","cullface":"west"},"up":{"uv":[13,6,3,7],"texture":"#top","rotation":90},"down":{"uv":[13,7,3,8],"texture":"#top","rotation":270}}},{"from":[0,5,7],"to":[3,13,9],"faces":{"north":{"uv":[9,3,8,11],"texture":"#top"},"east":{"uv":[7,3,9,11],"texture":"#top"},"west":{"uv":[9,3,7,11],"texture":"#top","cullface":"west"}}},{"from":[0,0,8],"to":[3,13,9],"faces":{"north":{"uv":[8,3,7,16],"texture":"#top"},"east":{"uv":[7,3,8,16],"texture":"#top"},"south":{"uv":[8,3,7,16],"texture":"#top"},"west":{"uv":[8,3,7,16],"texture":"#top","cullface":"west"}}},{"from":[0,5,13],"to":[3,13,14],"faces":{"north":{"uv":[3,3,2,11],"texture":"#top"},"east":{"uv":[2,3,3,11],"texture":"#top","cullface":"west"},"west":{"uv":[3,3,2,11],"texture":"#top","cullface":"west"}}},{"from":[-0.4921875,0.0078125,15],"to":[0,1,15.9921875],"faces":{"north":{"uv":[0,15,1,16],"texture":"#top","cullface":"west"},"south":{"uv":[0,15,1,16],"texture":"#top","cullface":"west"},"west":{"uv":[0,15,1,16],"texture":"#top","cullface":"west"},"up":{"uv":[1,16,0,15],"texture":"#top","cullface":"west","rotation":90}}},{"from":[-0.4921875,10,15],"to":[0,12,15.9921875],"faces":{"north":{"uv":[0,4,1,6],"texture":"#top","cullface":"west"},"south":{"uv":[0,4,1,6],"texture":"#top","cullface":"west"},"west":{"uv":[0,4,1,6],"texture":"#top","cullface":"west"},"up":{"uv":[1,5,0,4],"texture":"#top","cullface":"west","rotation":90},"down":{"uv":[1,6,0,5],"texture":"#top","cullface":"west","rotation":270}}},{"from":[0.0078125,0.0078125,-0.4921875],"to":[1,1,0],"faces":{"north":{"uv":[0,15,1,16],"texture":"#top","cullface":"south"},"east":{"uv":[0,15,1,16],"texture":"#top","cullface":"south"},"west":{"uv":[0,15,1,16],"texture":"#top","cullface":"south"},"up":{"uv":[0,15,1,16],"texture":"#top","cullface":"south"}}},{"from":[0.0078125,10,-0.4921875],"to":[1,12,0],"faces":{"north":{"uv":[0,4,1,6],"texture":"#top","cullface":"south"},"east":{"uv":[0,4,1,6],"texture":"#top","cullface":"south"},"west":{"uv":[0,4,1,6],"texture":"#top","cullface":"south"},"up":{"uv":[0,4,1,5],"texture":"#top","cullface":"south"},"down":{"uv":[0,5,1,6],"texture":"#top","cullface":"south"}}},{"from":[0.0078125,0.0078125,16],"to":[1,1,16.492188],"faces":{"east":{"uv":[1,15,0,16],"texture":"#top","cullface":"north"},"south":{"uv":[1,15,0,16],"texture":"#top","cullface":"north"},"west":{"uv":[1,15,0,16],"texture":"#top","cullface":"north"},"up":{"uv":[0,16,1,15],"texture":"#top","cullface":"north"}}},{"from":[0.0078125,10,16],"to":[1,12,16.492188],"faces":{"east":{"uv":[1,4,0,6],"texture":"#top","cullface":"north"},"south":{"uv":[1,4,0,6],"texture":"#top","cullface":"north"},"west":{"uv":[1,4,0,6],"texture":"#top","cullface":"north"},"up":{"uv":[0,5,1,4],"texture":"#top","cullface":"north"},"down":{"uv":[0,6,1,5],"texture":"#top","cullface":"north"}}},{"from":[-0.4921875,1,2],"to":[0.5,2,5],"faces":{"north":{"uv":[14,14,13,15],"texture":"#top","cullface":"west"},"west":{"uv":[14,14,11,15],"texture":"#top","cullface":"west"},"up":{"uv":[14,14,11,15],"texture":"#top","cullface":"west","rotation":90},"down":{"uv":[14,14,11,15],"texture":"#top","rotation":270}}},{"from":[-0.4921875,0.0078125,4],"to":[0.5,2,5],"faces":{"north":{"uv":[12,14,11,16],"texture":"#top"},"south":{"uv":[12,14,11,16],"texture":"#top"},"west":{"uv":[12,14,11,16],"texture":"#top","cullface":"west"},"down":{"uv":[12,16,11,15],"texture":"#top","rotation":270}}},{"from":[3,10,15],"to":[3.5,12,16],"faces":{"north":{"uv":[1,4,0,6],"texture":"#top"},"east":{"uv":[1,4,0,6],"texture":"#top"},"south":{"uv":[1,4,0,6],"texture":"#top"},"up":{"uv":[1,4,0,5],"texture":"#top","rotation":90},"down":{"uv":[1,5,0,6],"texture":"#top","rotation":270}}},{"from":[3,0,15],"to":[3.5,1,16],"faces":{"north":{"uv":[1,15,0,16],"texture":"#top"},"east":{"uv":[1,15,0,16],"texture":"#top"},"south":{"uv":[1,15,0,16],"texture":"#top"},"up":{"uv":[1,15,0,16],"texture":"#top","rotation":90}}},{"from":[2.5,1,2],"to":[3.5,2,5],"faces":{"north":{"uv":[13,14,14,15],"texture":"#top"},"east":{"uv":[11,14,14,15],"texture":"#top"},"up":{"uv":[14,15,11,14],"texture":"#top","rotation":90},"down":{"uv":[14,15,11,14],"texture":"#top","rotation":270}}},{"from":[2.5,0,4],"to":[3.5,2,5],"faces":{"north":{"uv":[11,14,12,16],"texture":"#top"},"east":{"uv":[11,14,12,16],"texture":"#top"},"south":{"uv":[11,14,12,16],"texture":"#top"},"down":{"uv":[12,15,11,16],"texture":"#top","rotation":270}}}]}