{"parent":"block/cube_all","elements":[{"from":[0,0,0],"to":[16,16,16],"faces":{"north":{"uv":[0,0,16,16],"texture":"#all","cullface":"north"},"east":{"uv":[0,0,16,16],"texture":"#all","cullface":"east"},"south":{"uv":[0,0,16,16],"texture":"#all","cullface":"south"},"west":{"uv":[0,0,16,16],"texture":"#all","cullface":"west"},"up":{"uv":[0,0,16,16],"texture":"#all","cullface":"up"},"down":{"uv":[0,0,16,16],"texture":"#all","cullface":"down"}}},{"from":[8,1,-0.4921875],"to":[10,2,0],"faces":{"north":{"uv":[6,14,8,15],"texture":"#all","cullface":"north"},"east":{"uv":[6,14,7,15],"texture":"#all","cullface":"north"},"west":{"uv":[7,14,8,15],"texture":"#all","cullface":"north"},"up":{"uv":[8,14,6,15],"texture":"#all","cullface":"north"},"down":{"uv":[8,14,6,15],"texture":"#all","cullface":"north"}}},{"from":[11,2,-0.4921875],"to":[13,3,0],"faces":{"north":{"uv":[3,13,5,14],"texture":"#all","cullface":"north"},"east":{"uv":[3,13,4,14],"texture":"#all","cullface":"north"},"west":{"uv":[4,13,5,14],"texture":"#all","cullface":"north"},"down":{"uv":[5,13,3,14],"texture":"#all","cullface":"north"}}},{"from":[9,3,-0.4921875],"to":[14,4,0],"faces":{"north":{"uv":[2,12,7,13],"texture":"#all","cullface":"north"},"east":{"uv":[2,12,3,13],"texture":"#all","cullface":"north"},"west":{"uv":[6,12,7,13],"texture":"#all","cullface":"north"},"up":{"uv":[7,12,2,13],"texture":"#all","cullface":"north"},"down":{"uv":[7,12,2,13],"texture":"#all","cullface":"north"}}},{"from":[3,3,-0.4921875],"to":[6,4,0],"faces":{"north":{"uv":[10,12,13,13],"texture":"#all","cullface":"north"},"west":{"uv":[12,12,13,13],"texture":"#all","cullface":"north"},"up":{"uv":[13,12,10,13],"texture":"#all","cullface":"north"},"down":{"uv":[13,12,10,13],"texture":"#all","cullface":"north"}}},{"from":[4,2,-0.4921875],"to":[6,4,0],"faces":{"north":{"uv":[10,12,12,14],"texture":"#all","cullface":"north"},"east":{"uv":[10,12,11,14],"texture":"#all","cullface":"north"},"west":{"uv":[11,12,12,14],"texture":"#all","cullface":"north"},"down":{"uv":[12,13,10,14],"texture":"#all","cullface":"north"}}},{"from":[1,5,-0.4921875],"to":[3,6,0],"faces":{"north":{"uv":[13,10,15,11],"texture":"#all","cullface":"north"},"east":{"uv":[13,10,14,11],"texture":"#all","cullface":"north"},"west":{"uv":[14,10,15,11],"texture":"#all","cullface":"north"},"up":{"uv":[15,10,13,11],"texture":"#all","cullface":"north"},"down":{"uv":[15,10,13,11],"texture":"#all","cullface":"north"}}},{"from":[3,8,-0.4921875],"to":[5,10,0],"faces":{"north":{"uv":[11,6,13,8],"texture":"#all","cullface":"north"},"east":{"uv":[11,6,12,8],"texture":"#all","cullface":"north"},"west":{"uv":[12,6,13,8],"texture":"#all","cullface":"north"},"down":{"uv":[13,7,11,8],"texture":"#all","cullface":"north"}}},{"from":[3,9,-0.4921875],"to":[6,10,0],"faces":{"north":{"uv":[10,6,13,7],"texture":"#all","cullface":"north"},"east":{"uv":[10,6,11,7],"texture":"#all","cullface":"north"},"up":{"uv":[13,6,10,7],"texture":"#all","cullface":"north"},"down":{"uv":[13,6,10,7],"texture":"#all","cullface":"north"}}},{"from":[2,13,-0.4921875],"to":[4,14,0],"faces":{"north":{"uv":[12,2,14,3],"texture":"#all","cullface":"north"},"east":{"uv":[12,2,13,3],"texture":"#all","cullface":"north"},"west":{"uv":[13,2,14,3],"texture":"#all","cullface":"north"},"up":{"uv":[14,2,12,3],"texture":"#all","cullface":"north"},"down":{"uv":[14,2,12,3],"texture":"#all","cullface":"north"}}},{"from":[13,11,-0.4921875],"to":[15,12,0],"faces":{"north":{"uv":[1,4,3,5],"texture":"#all","cullface":"north"},"east":{"uv":[1,4,2,5],"texture":"#all","cullface":"north"},"west":{"uv":[2,4,3,5],"texture":"#all","cullface":"north"},"up":{"uv":[3,4,1,5],"texture":"#all","cullface":"north"},"down":{"uv":[3,4,1,5],"texture":"#all","cullface":"north"}}},{"from":[6,11,-0.4921875],"to":[9,12,0],"faces":{"north":{"uv":[7,4,10,5],"texture":"#all","cullface":"north"},"east":{"uv":[7,4,8,5],"texture":"#all","cullface":"north"},"west":{"uv":[9,4,10,5],"texture":"#all","cullface":"north"},"down":{"uv":[10,4,7,5],"texture":"#all","cullface":"north"}}},{"from":[5,12,-0.4921875],"to":[11,13,0],"faces":{"north":{"uv":[5,3,11,4],"texture":"#all","cullface":"north"},"east":{"uv":[5,3,6,4],"texture":"#all","cullface":"north"},"west":{"uv":[10,3,11,4],"texture":"#all","cullface":"north"},"up":{"uv":[11,3,5,4],"texture":"#all","cullface":"north"},"down":{"uv":[11,3,5,4],"texture":"#all","cullface":"north"}}},{"from":[7,13,-0.4921875],"to":[10,14,0],"faces":{"north":{"uv":[6,2,9,3],"texture":"#all","cullface":"north"},"east":{"uv":[6,2,7,3],"texture":"#all","cullface":"north"},"west":{"uv":[8,2,9,3],"texture":"#all","cullface":"north"},"up":{"uv":[9,2,6,3],"texture":"#all","cullface":"north"}}},{"from":[10,6,-0.4921875],"to":[12,9,0],"faces":{"north":{"uv":[4,7,6,10],"texture":"#all","cullface":"north"},"east":{"uv":[4,7,5,10],"texture":"#all","cullface":"north"},"west":{"uv":[5,7,6,10],"texture":"#all","cullface":"north"},"down":{"uv":[6,9,4,10],"texture":"#all","cullface":"north"}}},{"from":[9,8,-0.4921875],"to":[12,9,0],"faces":{"north":{"uv":[4,7,7,8],"texture":"#all","cullface":"north"},"west":{"uv":[6,7,7,8],"texture":"#all","cullface":"north"},"up":{"uv":[7,7,4,8],"texture":"#all","cullface":"north"}}},{"from":[8,7,-0.4921875],"to":[13,8,0],"faces":{"north":{"uv":[3,8,8,9],"texture":"#all","cullface":"north"},"east":{"uv":[3,8,4,9],"texture":"#all","cullface":"north"},"west":{"uv":[7,8,8,9],"texture":"#all","cullface":"north"},"up":{"uv":[8,8,3,9],"texture":"#all","cullface":"north"},"down":{"uv":[8,8,3,9],"texture":"#all","cullface":"north"}}},{"from":[16,1,8],"to":[16.492188,2,10],"faces":{"north":{"uv":[7,14,8,15],"texture":"#all","cullface":"east"},"east":{"uv":[6,14,8,15],"texture":"#all","cullface":"east"},"south":{"uv":[6,14,7,15],"texture":"#all","cullface":"east"},"up":{"uv":[8,14,6,15],"texture":"#all","cullface":"east","rotation":90},"down":{"uv":[8,14,6,15],"texture":"#all","cullface":"east","rotation":270}}},{"from":[16,2,11],"to":[16.492188,3,13],"faces":{"north":{"uv":[4,13,5,14],"texture":"#all","cullface":"east"},"east":{"uv":[3,13,5,14],"texture":"#all","cullface":"east"},"south":{"uv":[3,13,4,14],"texture":"#all","cullface":"east"},"down":{"uv":[5,13,3,14],"texture":"#all","cullface":"east","rotation":270}}},{"from":[16,3,9],"to":[16.492188,4,14],"faces":{"north":{"uv":[6,12,7,13],"texture":"#all","cullface":"east"},"east":{"uv":[2,12,7,13],"texture":"#all","cullface":"east"},"south":{"uv":[2,12,3,13],"texture":"#all","cullface":"east"},"up":{"uv":[7,12,2,13],"texture":"#all","cullface":"east","rotation":90},"down":{"uv":[7,12,2,13],"texture":"#all","cullface":"east","rotation":270}}},{"from":[16,3,3],"to":[16.492188,4,6],"faces":{"north":{"uv":[12,12,13,13],"texture":"#all","cullface":"east"},"east":{"uv":[10,12,13,13],"texture":"#all","cullface":"east"},"up":{"uv":[13,12,10,13],"texture":"#all","cullface":"east","rotation":90},"down":{"uv":[13,12,10,13],"texture":"#all","cullface":"east","rotation":270}}},{"from":[16,2,4],"to":[16.492188,4,6],"faces":{"north":{"uv":[11,12,12,14],"texture":"#all","cullface":"east"},"east":{"uv":[10,12,12,14],"texture":"#all","cullface":"east"},"south":{"uv":[10,12,11,14],"texture":"#all","cullface":"east"},"down":{"uv":[12,13,10,14],"texture":"#all","cullface":"east","rotation":270}}},{"from":[16,5,1],"to":[16.492188,6,3],"faces":{"north":{"uv":[14,10,15,11],"texture":"#all","cullface":"east"},"east":{"uv":[13,10,15,11],"texture":"#all","cullface":"east"},"south":{"uv":[13,10,14,11],"texture":"#all","cullface":"east"},"up":{"uv":[15,10,13,11],"texture":"#all","cullface":"east","rotation":90},"down":{"uv":[15,10,13,11],"texture":"#all","cullface":"east","rotation":270}}},{"from":[16,8,3],"to":[16.492188,10,5],"faces":{"north":{"uv":[12,6,13,8],"texture":"#all","cullface":"east"},"east":{"uv":[11,6,13,8],"texture":"#all","cullface":"east"},"south":{"uv":[11,6,12,8],"texture":"#all","cullface":"east"},"down":{"uv":[13,7,11,8],"texture":"#all","cullface":"east","rotation":270}}},{"from":[16,9,3],"to":[16.492188,10,6],"faces":{"east":{"uv":[10,6,13,7],"texture":"#all","cullface":"east"},"south":{"uv":[10,6,11,7],"texture":"#all","cullface":"east"},"up":{"uv":[13,6,10,7],"texture":"#all","cullface":"east","rotation":90},"down":{"uv":[13,6,10,7],"texture":"#all","cullface":"east","rotation":270}}},{"from":[16,13,2],"to":[16.492188,14,4],"faces":{"north":{"uv":[13,2,14,3],"texture":"#all","cullface":"east"},"east":{"uv":[12,2,14,3],"texture":"#all","cullface":"east"},"south":{"uv":[12,2,13,3],"texture":"#all","cullface":"east"},"up":{"uv":[14,2,12,3],"texture":"#all","cullface":"east","rotation":90},"down":{"uv":[14,2,12,3],"texture":"#all","cullface":"east","rotation":270}}},{"from":[16,11,13],"to":[16.492188,12,15],"faces":{"north":{"uv":[2,4,3,5],"texture":"#all","cullface":"east"},"east":{"uv":[1,4,3,5],"texture":"#all","cullface":"east"},"south":{"uv":[1,4,2,5],"texture":"#all","cullface":"east"},"up":{"uv":[3,4,1,5],"texture":"#all","cullface":"east","rotation":90},"down":{"uv":[3,4,1,5],"texture":"#all","cullface":"east","rotation":270}}},{"from":[16,11,6],"to":[16.492188,12,9],"faces":{"north":{"uv":[9,4,10,5],"texture":"#all","cullface":"east"},"east":{"uv":[7,4,10,5],"texture":"#all","cullface":"east"},"south":{"uv":[7,4,8,5],"texture":"#all","cullface":"east"},"down":{"uv":[10,4,7,5],"texture":"#all","cullface":"east","rotation":270}}},{"from":[16,12,5],"to":[16.492188,13,11],"faces":{"north":{"uv":[10,3,11,4],"texture":"#all","cullface":"east"},"east":{"uv":[5,3,11,4],"texture":"#all","cullface":"east"},"south":{"uv":[5,3,6,4],"texture":"#all","cullface":"east"},"up":{"uv":[11,3,5,4],"texture":"#all","cullface":"east","rotation":90},"down":{"uv":[11,3,5,4],"texture":"#all","cullface":"east","rotation":270}}},{"from":[16,13,7],"to":[16.492188,14,10],"faces":{"north":{"uv":[8,2,9,3],"texture":"#all","cullface":"east"},"east":{"uv":[6,2,9,3],"texture":"#all","cullface":"east"},"south":{"uv":[6,2,7,3],"texture":"#all","cullface":"east"},"up":{"uv":[9,2,6,3],"texture":"#all","cullface":"east","rotation":90}}},{"from":[16,6,10],"to":[16.492188,9,12],"faces":{"north":{"uv":[5,7,6,10],"texture":"#all","cullface":"east"},"east":{"uv":[4,7,6,10],"texture":"#all","cullface":"east"},"south":{"uv":[4,7,5,10],"texture":"#all","cullface":"east"},"down":{"uv":[6,9,4,10],"texture":"#all","cullface":"east","rotation":270}}},{"from":[16,8,9],"to":[16.492188,9,12],"faces":{"north":{"uv":[6,7,7,8],"texture":"#all","cullface":"east"},"east":{"uv":[4,7,7,8],"texture":"#all","cullface":"east"},"up":{"uv":[7,7,4,8],"texture":"#all","cullface":"east","rotation":90}}},{"from":[16,7,8],"to":[16.492188,8,13],"faces":{"north":{"uv":[7,8,8,9],"texture":"#all","cullface":"east"},"east":{"uv":[3,8,8,9],"texture":"#all","cullface":"east"},"south":{"uv":[3,8,4,9],"texture":"#all","cullface":"east"},"up":{"uv":[8,8,3,9],"texture":"#all","cullface":"east","rotation":90},"down":{"uv":[8,8,3,9],"texture":"#all","cullface":"east","rotation":270}}},{"from":[6,1,16],"to":[8,2,16.492188],"faces":{"east":{"uv":[7,14,8,15],"texture":"#all","cullface":"south"},"south":{"uv":[6,14,8,15],"texture":"#all","cullface":"south"},"west":{"uv":[6,14,7,15],"texture":"#all","cullface":"south"},"up":{"uv":[8,14,6,15],"texture":"#all","cullface":"south","rotation":180},"down":{"uv":[8,14,6,15],"texture":"#all","cullface":"south","rotation":180}}},{"from":[3,2,16],"to":[5,3,16.492188],"faces":{"east":{"uv":[4,13,5,14],"texture":"#all","cullface":"south"},"south":{"uv":[3,13,5,14],"texture":"#all","cullface":"south"},"west":{"uv":[3,13,4,14],"texture":"#all","cullface":"south"},"down":{"uv":[5,13,3,14],"texture":"#all","cullface":"south","rotation":180}}},{"from":[2,3,16],"to":[7,4,16.492188],"faces":{"east":{"uv":[6,12,7,13],"texture":"#all","cullface":"south"},"south":{"uv":[2,12,7,13],"texture":"#all","cullface":"south"},"west":{"uv":[2,12,3,13],"texture":"#all","cullface":"south"},"up":{"uv":[7,12,2,13],"texture":"#all","cullface":"south","rotation":180},"down":{"uv":[7,12,2,13],"texture":"#all","cullface":"south","rotation":180}}},{"from":[10,3,16],"to":[13,4,16.492188],"faces":{"east":{"uv":[12,12,13,13],"texture":"#all","cullface":"south"},"south":{"uv":[10,12,13,13],"texture":"#all","cullface":"south"},"up":{"uv":[13,12,10,13],"texture":"#all","cullface":"south","rotation":180},"down":{"uv":[13,12,10,13],"texture":"#all","cullface":"south","rotation":180}}},{"from":[10,2,16],"to":[12,4,16.492188],"faces":{"east":{"uv":[11,12,12,14],"texture":"#all","cullface":"south"},"south":{"uv":[10,12,12,14],"texture":"#all","cullface":"south"},"west":{"uv":[10,12,11,14],"texture":"#all","cullface":"south"},"down":{"uv":[12,13,10,14],"texture":"#all","cullface":"south","rotation":180}}},{"from":[13,5,16],"to":[15,6,16.492188],"faces":{"east":{"uv":[14,10,15,11],"texture":"#all","cullface":"south"},"south":{"uv":[13,10,15,11],"texture":"#all","cullface":"south"},"west":{"uv":[13,10,14,11],"texture":"#all","cullface":"south"},"up":{"uv":[15,10,13,11],"texture":"#all","cullface":"south","rotation":180},"down":{"uv":[15,10,13,11],"texture":"#all","cullface":"south","rotation":180}}},{"from":[11,8,16],"to":[13,10,16.492188],"faces":{"east":{"uv":[12,6,13,8],"texture":"#all","cullface":"south"},"south":{"uv":[11,6,13,8],"texture":"#all","cullface":"south"},"west":{"uv":[11,6,12,8],"texture":"#all","cullface":"south"},"down":{"uv":[13,7,11,8],"texture":"#all","cullface":"south","rotation":180}}},{"from":[10,9,16],"to":[13,10,16.492188],"faces":{"south":{"uv":[10,6,13,7],"texture":"#all","cullface":"south"},"west":{"uv":[10,6,11,7],"texture":"#all","cullface":"south"},"up":{"uv":[13,6,10,7],"texture":"#all","cullface":"south","rotation":180},"down":{"uv":[13,6,10,7],"texture":"#all","cullface":"south","rotation":180}}},{"from":[12,13,16],"to":[14,14,16.492188],"faces":{"east":{"uv":[13,2,14,3],"texture":"#all","cullface":"south"},"south":{"uv":[12,2,14,3],"texture":"#all","cullface":"south"},"west":{"uv":[12,2,13,3],"texture":"#all","cullface":"south"},"up":{"uv":[14,2,12,3],"texture":"#all","cullface":"south","rotation":180},"down":{"uv":[14,2,12,3],"texture":"#all","cullface":"south","rotation":180}}},{"from":[1,11,16],"to":[3,12,16.492188],"faces":{"east":{"uv":[2,4,3,5],"texture":"#all","cullface":"south"},"south":{"uv":[1,4,3,5],"texture":"#all","cullface":"south"},"west":{"uv":[1,4,2,5],"texture":"#all","cullface":"south"},"up":{"uv":[3,4,1,5],"texture":"#all","cullface":"south","rotation":180},"down":{"uv":[3,4,1,5],"texture":"#all","cullface":"south","rotation":180}}},{"from":[7,11,16],"to":[10,12,16.492188],"faces":{"east":{"uv":[9,4,10,5],"texture":"#all","cullface":"south"},"south":{"uv":[7,4,10,5],"texture":"#all","cullface":"south"},"west":{"uv":[7,4,8,5],"texture":"#all","cullface":"south"},"down":{"uv":[10,4,7,5],"texture":"#all","cullface":"south","rotation":180}}},{"from":[5,12,16],"to":[11,13,16.492188],"faces":{"east":{"uv":[10,3,11,4],"texture":"#all","cullface":"south"},"south":{"uv":[5,3,11,4],"texture":"#all","cullface":"south"},"west":{"uv":[5,3,6,4],"texture":"#all","cullface":"south"},"up":{"uv":[11,3,5,4],"texture":"#all","cullface":"south","rotation":180},"down":{"uv":[11,3,5,4],"texture":"#all","cullface":"south","rotation":180}}},{"from":[6,13,16],"to":[9,14,16.492188],"faces":{"east":{"uv":[8,2,9,3],"texture":"#all","cullface":"south"},"south":{"uv":[6,2,9,3],"texture":"#all","cullface":"south"},"west":{"uv":[6,2,7,3],"texture":"#all","cullface":"south"},"up":{"uv":[9,2,6,3],"texture":"#all","cullface":"south","rotation":180}}},{"from":[4,6,16],"to":[6,9,16.492188],"faces":{"east":{"uv":[5,7,6,10],"texture":"#all","cullface":"south"},"south":{"uv":[4,7,6,10],"texture":"#all","cullface":"south"},"west":{"uv":[4,7,5,10],"texture":"#all","cullface":"south"},"down":{"uv":[6,9,4,10],"texture":"#all","cullface":"south","rotation":180}}},{"from":[4,8,16],"to":[7,9,16.492188],"faces":{"east":{"uv":[6,7,7,8],"texture":"#all","cullface":"south"},"south":{"uv":[4,7,7,8],"texture":"#all","cullface":"south"},"up":{"uv":[7,7,4,8],"texture":"#all","cullface":"south","rotation":180}}},{"from":[3,7,16],"to":[8,8,16.492188],"faces":{"east":{"uv":[7,8,8,9],"texture":"#all","cullface":"south"},"south":{"uv":[3,8,8,9],"texture":"#all","cullface":"south"},"west":{"uv":[3,8,4,9],"texture":"#all","cullface":"south"},"up":{"uv":[8,8,3,9],"texture":"#all","cullface":"south","rotation":180},"down":{"uv":[8,8,3,9],"texture":"#all","cullface":"south","rotation":180}}},{"from":[-0.4921875,1,6],"to":[0,2,8],"faces":{"north":{"uv":[6,14,7,15],"texture":"#all","cullface":"west"},"south":{"uv":[7,14,8,15],"texture":"#all","cullface":"west"},"west":{"uv":[6,14,8,15],"texture":"#all","cullface":"west"},"up":{"uv":[8,14,6,15],"texture":"#all","cullface":"west","rotation":270},"down":{"uv":[8,14,6,15],"texture":"#all","cullface":"west","rotation":90}}},{"from":[-0.4921875,2,3],"to":[0,3,5],"faces":{"north":{"uv":[3,13,4,14],"texture":"#all","cullface":"west"},"south":{"uv":[4,13,5,14],"texture":"#all","cullface":"west"},"west":{"uv":[3,13,5,14],"texture":"#all","cullface":"west"},"down":{"uv":[5,13,3,14],"texture":"#all","cullface":"west","rotation":90}}},{"from":[-0.4921875,3,2],"to":[0,4,7],"faces":{"north":{"uv":[2,12,3,13],"texture":"#all","cullface":"west"},"south":{"uv":[6,12,7,13],"texture":"#all","cullface":"west"},"west":{"uv":[2,12,7,13],"texture":"#all","cullface":"west"},"up":{"uv":[7,12,2,13],"texture":"#all","cullface":"west","rotation":270},"down":{"uv":[7,12,2,13],"texture":"#all","cullface":"west","rotation":90}}},{"from":[-0.4921875,3,10],"to":[0,4,13],"faces":{"south":{"uv":[12,12,13,13],"texture":"#all","cullface":"west"},"west":{"uv":[10,12,13,13],"texture":"#all","cullface":"west"},"up":{"uv":[13,12,10,13],"texture":"#all","cullface":"west","rotation":270},"down":{"uv":[13,12,10,13],"texture":"#all","cullface":"west","rotation":90}}},{"from":[-0.4921875,2,10],"to":[0,4,12],"faces":{"north":{"uv":[10,12,11,14],"texture":"#all","cullface":"west"},"south":{"uv":[11,12,12,14],"texture":"#all","cullface":"west"},"west":{"uv":[10,12,12,14],"texture":"#all","cullface":"west"},"down":{"uv":[12,13,10,14],"texture":"#all","cullface":"west","rotation":90}}},{"from":[-0.4921875,5,13],"to":[0,6,15],"faces":{"north":{"uv":[13,10,14,11],"texture":"#all","cullface":"west"},"south":{"uv":[14,10,15,11],"texture":"#all","cullface":"west"},"west":{"uv":[13,10,15,11],"texture":"#all","cullface":"west"},"up":{"uv":[15,10,13,11],"texture":"#all","cullface":"west","rotation":270},"down":{"uv":[15,10,13,11],"texture":"#all","cullface":"west","rotation":90}}},{"from":[-0.4921875,8,11],"to":[0,10,13],"faces":{"north":{"uv":[11,6,12,8],"texture":"#all","cullface":"west"},"south":{"uv":[12,6,13,8],"texture":"#all","cullface":"west"},"west":{"uv":[11,6,13,8],"texture":"#all","cullface":"west"},"down":{"uv":[13,7,11,8],"texture":"#all","cullface":"west","rotation":90}}},{"from":[-0.4921875,9,10],"to":[0,10,13],"faces":{"north":{"uv":[10,6,11,7],"texture":"#all","cullface":"west"},"west":{"uv":[10,6,13,7],"texture":"#all","cullface":"west"},"up":{"uv":[13,6,10,7],"texture":"#all","cullface":"west","rotation":270},"down":{"uv":[13,6,10,7],"texture":"#all","cullface":"west","rotation":90}}},{"from":[-0.4921875,13,12],"to":[0,14,14],"faces":{"north":{"uv":[12,2,13,3],"texture":"#all","cullface":"west"},"south":{"uv":[13,2,14,3],"texture":"#all","cullface":"west"},"west":{"uv":[12,2,14,3],"texture":"#all","cullface":"west"},"up":{"uv":[14,2,12,3],"texture":"#all","cullface":"west","rotation":270},"down":{"uv":[14,2,12,3],"texture":"#all","cullface":"west","rotation":90}}},{"from":[-0.4921875,11,1],"to":[0,12,3],"faces":{"north":{"uv":[1,4,2,5],"texture":"#all","cullface":"west"},"south":{"uv":[2,4,3,5],"texture":"#all","cullface":"west"},"west":{"uv":[1,4,3,5],"texture":"#all","cullface":"west"},"up":{"uv":[3,4,1,5],"texture":"#all","cullface":"west","rotation":270},"down":{"uv":[3,4,1,5],"texture":"#all","cullface":"west","rotation":90}}},{"from":[-0.4921875,11,7],"to":[0,12,10],"faces":{"north":{"uv":[7,4,8,5],"texture":"#all","cullface":"west"},"south":{"uv":[9,4,10,5],"texture":"#all","cullface":"west"},"west":{"uv":[7,4,10,5],"texture":"#all","cullface":"west"},"down":{"uv":[10,4,7,5],"texture":"#all","cullface":"west","rotation":90}}},{"from":[-0.4921875,12,5],"to":[0,13,11],"faces":{"north":{"uv":[5,3,6,4],"texture":"#all","cullface":"west"},"south":{"uv":[10,3,11,4],"texture":"#all","cullface":"west"},"west":{"uv":[5,3,11,4],"texture":"#all","cullface":"west"},"up":{"uv":[11,3,5,4],"texture":"#all","cullface":"west","rotation":270},"down":{"uv":[11,3,5,4],"texture":"#all","cullface":"west","rotation":90}}},{"from":[-0.4921875,13,6],"to":[0,14,9],"faces":{"north":{"uv":[6,2,7,3],"texture":"#all","cullface":"west"},"south":{"uv":[8,2,9,3],"texture":"#all","cullface":"west"},"west":{"uv":[6,2,9,3],"texture":"#all","cullface":"west"},"up":{"uv":[9,2,6,3],"texture":"#all","cullface":"west","rotation":270}}},{"from":[-0.4921875,6,4],"to":[0,9,6],"faces":{"north":{"uv":[4,7,5,10],"texture":"#all","cullface":"west"},"south":{"uv":[5,7,6,10],"texture":"#all","cullface":"west"},"west":{"uv":[4,7,6,10],"texture":"#all","cullface":"west"},"down":{"uv":[6,9,4,10],"texture":"#all","cullface":"west","rotation":90}}},{"from":[-0.4921875,8,4],"to":[0,9,7],"faces":{"south":{"uv":[6,7,7,8],"texture":"#all","cullface":"west"},"west":{"uv":[4,7,7,8],"texture":"#all","cullface":"west"},"up":{"uv":[7,7,4,8],"texture":"#all","cullface":"west","rotation":270}}},{"from":[-0.4921875,7,3],"to":[0,8,8],"faces":{"north":{"uv":[3,8,4,9],"texture":"#all","cullface":"west"},"south":{"uv":[7,8,8,9],"texture":"#all","cullface":"west"},"west":{"uv":[3,8,8,9],"texture":"#all","cullface":"west"},"up":{"uv":[8,8,3,9],"texture":"#all","cullface":"west","rotation":270},"down":{"uv":[8,8,3,9],"texture":"#all","cullface":"west","rotation":90}}},{"from":[6,16,14],"to":[8,16.492188,15],"faces":{"north":{"uv":[8,14,6,15],"texture":"#all","cullface":"up"},"east":{"uv":[7,14,8,15],"texture":"#all","cullface":"up","rotation":90},"south":{"uv":[8,14,6,15],"texture":"#all","cullface":"up","rotation":180},"west":{"uv":[6,14,7,15],"texture":"#all","cullface":"up","rotation":270},"up":{"uv":[6,14,8,15],"texture":"#all","cullface":"up"}}},{"from":[3,16,13],"to":[5,16.492188,14],"faces":{"east":{"uv":[4,13,5,14],"texture":"#all","cullface":"up","rotation":90},"south":{"uv":[5,13,3,14],"texture":"#all","cullface":"up","rotation":180},"west":{"uv":[3,13,4,14],"texture":"#all","cullface":"up","rotation":270},"up":{"uv":[3,13,5,14],"texture":"#all","cullface":"up"}}},{"from":[2,16,12],"to":[7,16.492188,13],"faces":{"north":{"uv":[7,12,2,13],"texture":"#all","cullface":"up"},"east":{"uv":[6,12,7,13],"texture":"#all","cullface":"up","rotation":90},"south":{"uv":[7,12,2,13],"texture":"#all","cullface":"up","rotation":180},"west":{"uv":[2,12,3,13],"texture":"#all","cullface":"up","rotation":270},"up":{"uv":[2,12,7,13],"texture":"#all","cullface":"up"}}},{"from":[10,16,12],"to":[13,16.492188,13],"faces":{"north":{"uv":[13,12,10,13],"texture":"#all","cullface":"up"},"east":{"uv":[12,12,13,13],"texture":"#all","cullface":"up","rotation":90},"south":{"uv":[13,12,10,13],"texture":"#all","cullface":"up","rotation":180},"up":{"uv":[10,12,13,13],"texture":"#all","cullface":"up"}}},{"from":[10,16,12],"to":[12,16.492188,14],"faces":{"east":{"uv":[11,12,12,14],"texture":"#all","cullface":"up","rotation":90},"south":{"uv":[12,13,10,14],"texture":"#all","cullface":"up","rotation":180},"west":{"uv":[10,12,11,14],"texture":"#all","cullface":"up","rotation":270},"up":{"uv":[10,12,12,14],"texture":"#all","cullface":"up"}}},{"from":[13,16,10],"to":[15,16.492188,11],"faces":{"north":{"uv":[15,10,13,11],"texture":"#all","cullface":"up"},"east":{"uv":[14,10,15,11],"texture":"#all","cullface":"up","rotation":90},"south":{"uv":[15,10,13,11],"texture":"#all","cullface":"up","rotation":180},"west":{"uv":[13,10,14,11],"texture":"#all","cullface":"up","rotation":270},"up":{"uv":[13,10,15,11],"texture":"#all","cullface":"up"}}},{"from":[11,16,6],"to":[13,16.492188,8],"faces":{"east":{"uv":[12,6,13,8],"texture":"#all","cullface":"up","rotation":90},"south":{"uv":[13,7,11,8],"texture":"#all","cullface":"up","rotation":180},"west":{"uv":[11,6,12,8],"texture":"#all","cullface":"up","rotation":270},"up":{"uv":[11,6,13,8],"texture":"#all","cullface":"up"}}},{"from":[10,16,6],"to":[13,16.492188,7],"faces":{"north":{"uv":[13,6,10,7],"texture":"#all","cullface":"up"},"south":{"uv":[13,6,10,7],"texture":"#all","cullface":"up","rotation":180},"west":{"uv":[10,6,11,7],"texture":"#all","cullface":"up","rotation":270},"up":{"uv":[10,6,13,7],"texture":"#all","cullface":"up"}}},{"from":[12,16,2],"to":[14,16.492188,3],"faces":{"north":{"uv":[14,2,12,3],"texture":"#all","cullface":"up"},"east":{"uv":[13,2,14,3],"texture":"#all","cullface":"up","rotation":90},"south":{"uv":[14,2,12,3],"texture":"#all","cullface":"up","rotation":180},"west":{"uv":[12,2,13,3],"texture":"#all","cullface":"up","rotation":270},"up":{"uv":[12,2,14,3],"texture":"#all","cullface":"up"}}},{"from":[1,16,4],"to":[3,16.492188,5],"faces":{"north":{"uv":[3,4,1,5],"texture":"#all","cullface":"up"},"east":{"uv":[2,4,3,5],"texture":"#all","cullface":"up","rotation":90},"south":{"uv":[3,4,1,5],"texture":"#all","cullface":"up","rotation":180},"west":{"uv":[1,4,2,5],"texture":"#all","cullface":"up","rotation":270},"up":{"uv":[1,4,3,5],"texture":"#all","cullface":"up"}}},{"from":[7,16,4],"to":[10,16.492188,5],"faces":{"east":{"uv":[9,4,10,5],"texture":"#all","cullface":"up","rotation":90},"south":{"uv":[10,4,7,5],"texture":"#all","cullface":"up","rotation":180},"west":{"uv":[7,4,8,5],"texture":"#all","cullface":"up","rotation":270},"up":{"uv":[7,4,10,5],"texture":"#all","cullface":"up"}}},{"from":[5,16,3],"to":[11,16.492188,4],"faces":{"north":{"uv":[11,3,5,4],"texture":"#all","cullface":"up"},"east":{"uv":[10,3,11,4],"texture":"#all","cullface":"up","rotation":90},"south":{"uv":[11,3,5,4],"texture":"#all","cullface":"up","rotation":180},"west":{"uv":[5,3,6,4],"texture":"#all","cullface":"up","rotation":270},"up":{"uv":[5,3,11,4],"texture":"#all","cullface":"up"}}},{"from":[6,16,2],"to":[9,16.492188,3],"faces":{"north":{"uv":[9,2,6,3],"texture":"#all","cullface":"up"},"east":{"uv":[8,2,9,3],"texture":"#all","cullface":"up","rotation":90},"west":{"uv":[6,2,7,3],"texture":"#all","cullface":"up","rotation":270},"up":{"uv":[6,2,9,3],"texture":"#all","cullface":"up"}}},{"from":[4,16,7],"to":[6,16.492188,10],"faces":{"east":{"uv":[5,7,6,10],"texture":"#all","cullface":"up","rotation":90},"south":{"uv":[6,9,4,10],"texture":"#all","cullface":"up","rotation":180},"west":{"uv":[4,7,5,10],"texture":"#all","cullface":"up","rotation":270},"up":{"uv":[4,7,6,10],"texture":"#all","cullface":"up"}}},{"from":[4,16,7],"to":[7,16.492188,8],"faces":{"north":{"uv":[7,7,4,8],"texture":"#all","cullface":"up"},"east":{"uv":[6,7,7,8],"texture":"#all","cullface":"up","rotation":90},"up":{"uv":[4,7,7,8],"texture":"#all","cullface":"up"}}},{"from":[3,16,8],"to":[8,16.492188,9],"faces":{"north":{"uv":[8,8,3,9],"texture":"#all","cullface":"up"},"east":{"uv":[7,8,8,9],"texture":"#all","cullface":"up","rotation":90},"south":{"uv":[8,8,3,9],"texture":"#all","cullface":"up","rotation":180},"west":{"uv":[3,8,4,9],"texture":"#all","cullface":"up","rotation":270},"up":{"uv":[3,8,8,9],"texture":"#all","cullface":"up"}}},{"from":[6,-0.4921875,1],"to":[8,0,2],"faces":{"north":{"uv":[8,14,6,15],"texture":"#all","cullface":"down"},"east":{"uv":[7,14,8,15],"texture":"#all","cullface":"down","rotation":270},"south":{"uv":[8,14,6,15],"texture":"#all","cullface":"down","rotation":180},"west":{"uv":[6,14,7,15],"texture":"#all","cullface":"down","rotation":90},"down":{"uv":[6,14,8,15],"texture":"#all","cullface":"down"}}},{"from":[3,-0.4921875,2],"to":[5,0,3],"faces":{"north":{"uv":[5,13,3,14],"texture":"#all","cullface":"down"},"east":{"uv":[4,13,5,14],"texture":"#all","cullface":"down","rotation":270},"west":{"uv":[3,13,4,14],"texture":"#all","cullface":"down","rotation":90},"down":{"uv":[3,13,5,14],"texture":"#all","cullface":"down"}}},{"from":[2,-0.4921875,3],"to":[7,0,4],"faces":{"north":{"uv":[7,12,2,13],"texture":"#all","cullface":"down"},"east":{"uv":[6,12,7,13],"texture":"#all","cullface":"down","rotation":270},"south":{"uv":[7,12,2,13],"texture":"#all","cullface":"down","rotation":180},"west":{"uv":[2,12,3,13],"texture":"#all","cullface":"down","rotation":90},"down":{"uv":[2,12,7,13],"texture":"#all","cullface":"down"}}},{"from":[10,-0.4921875,3],"to":[13,0,4],"faces":{"north":{"uv":[13,12,10,13],"texture":"#all","cullface":"down"},"east":{"uv":[12,12,13,13],"texture":"#all","cullface":"down","rotation":270},"south":{"uv":[13,12,10,13],"texture":"#all","cullface":"down","rotation":180},"down":{"uv":[10,12,13,13],"texture":"#all","cullface":"down"}}},{"from":[10,-0.4921875,2],"to":[12,0,4],"faces":{"north":{"uv":[12,13,10,14],"texture":"#all","cullface":"down"},"east":{"uv":[11,12,12,14],"texture":"#all","cullface":"down","rotation":270},"west":{"uv":[10,12,11,14],"texture":"#all","cullface":"down","rotation":90},"down":{"uv":[10,12,12,14],"texture":"#all","cullface":"down"}}},{"from":[13,-0.4921875,5],"to":[15,0,6],"faces":{"north":{"uv":[15,10,13,11],"texture":"#all","cullface":"down"},"east":{"uv":[14,10,15,11],"texture":"#all","cullface":"down","rotation":270},"south":{"uv":[15,10,13,11],"texture":"#all","cullface":"down","rotation":180},"west":{"uv":[13,10,14,11],"texture":"#all","cullface":"down","rotation":90},"down":{"uv":[13,10,15,11],"texture":"#all","cullface":"down"}}},{"from":[11,-0.4921875,8],"to":[13,0,10],"faces":{"north":{"uv":[13,7,11,8],"texture":"#all","cullface":"down"},"east":{"uv":[12,6,13,8],"texture":"#all","cullface":"down","rotation":270},"west":{"uv":[11,6,12,8],"texture":"#all","cullface":"down","rotation":90},"down":{"uv":[11,6,13,8],"texture":"#all","cullface":"down"}}},{"from":[10,-0.4921875,9],"to":[13,0,10],"faces":{"north":{"uv":[13,6,10,7],"texture":"#all","cullface":"down"},"south":{"uv":[13,6,10,7],"texture":"#all","cullface":"down","rotation":180},"west":{"uv":[10,6,11,7],"texture":"#all","cullface":"down","rotation":90},"down":{"uv":[10,6,13,7],"texture":"#all","cullface":"down"}}},{"from":[12,-0.4921875,13],"to":[14,0,14],"faces":{"north":{"uv":[14,2,12,3],"texture":"#all","cullface":"down"},"east":{"uv":[13,2,14,3],"texture":"#all","cullface":"down","rotation":270},"south":{"uv":[14,2,12,3],"texture":"#all","cullface":"down","rotation":180},"west":{"uv":[12,2,13,3],"texture":"#all","cullface":"down","rotation":90},"down":{"uv":[12,2,14,3],"texture":"#all","cullface":"down"}}},{"from":[1,-0.4921875,11],"to":[3,0,12],"faces":{"north":{"uv":[3,4,1,5],"texture":"#all","cullface":"down"},"east":{"uv":[2,4,3,5],"texture":"#all","cullface":"down","rotation":270},"south":{"uv":[3,4,1,5],"texture":"#all","cullface":"down","rotation":180},"west":{"uv":[1,4,2,5],"texture":"#all","cullface":"down","rotation":90},"down":{"uv":[1,4,3,5],"texture":"#all","cullface":"down"}}},{"from":[7,-0.4921875,11],"to":[10,0,12],"faces":{"north":{"uv":[10,4,7,5],"texture":"#all","cullface":"down"},"east":{"uv":[9,4,10,5],"texture":"#all","cullface":"down","rotation":270},"west":{"uv":[7,4,8,5],"texture":"#all","cullface":"down","rotation":90},"down":{"uv":[7,4,10,5],"texture":"#all","cullface":"down"}}},{"from":[5,-0.4921875,12],"to":[11,0,13],"faces":{"north":{"uv":[11,3,5,4],"texture":"#all","cullface":"down"},"east":{"uv":[10,3,11,4],"texture":"#all","cullface":"down","rotation":270},"south":{"uv":[11,3,5,4],"texture":"#all","cullface":"down","rotation":180},"west":{"uv":[5,3,6,4],"texture":"#all","cullface":"down","rotation":90},"down":{"uv":[5,3,11,4],"texture":"#all","cullface":"down"}}},{"from":[6,-0.4921875,13],"to":[9,0,14],"faces":{"east":{"uv":[8,2,9,3],"texture":"#all","cullface":"down","rotation":270},"south":{"uv":[9,2,6,3],"texture":"#all","cullface":"down","rotation":180},"west":{"uv":[6,2,7,3],"texture":"#all","cullface":"down","rotation":90},"down":{"uv":[6,2,9,3],"texture":"#all","cullface":"down"}}},{"from":[4,-0.4921875,6],"to":[6,0,9],"faces":{"north":{"uv":[6,9,4,10],"texture":"#all","cullface":"down"},"east":{"uv":[5,7,6,10],"texture":"#all","cullface":"down","rotation":270},"west":{"uv":[4,7,5,10],"texture":"#all","cullface":"down","rotation":90},"down":{"uv":[4,7,6,10],"texture":"#all","cullface":"down"}}},{"from":[4,-0.4921875,8],"to":[7,0,9],"faces":{"east":{"uv":[6,7,7,8],"texture":"#all","cullface":"down","rotation":270},"south":{"uv":[7,7,4,8],"texture":"#all","cullface":"down","rotation":180},"down":{"uv":[4,7,7,8],"texture":"#all","cullface":"down"}}},{"from":[3,-0.4921875,7],"to":[8,0,8],"faces":{"north":{"uv":[8,8,3,9],"texture":"#all","cullface":"down"},"east":{"uv":[7,8,8,9],"texture":"#all","cullface":"down","rotation":270},"south":{"uv":[8,8,3,9],"texture":"#all","cullface":"down","rotation":180},"west":{"uv":[3,8,4,9],"texture":"#all","cullface":"down","rotation":90},"down":{"uv":[3,8,8,9],"texture":"#all","cullface":"down"}}}]}