{"parent":"block/template/outer_stairs_all","elements":[{"from":[0,0,0],"to":[16,8,16],"faces":{"north":{"texture":"#all","cullface":"north"},"east":{"texture":"#all","cullface":"east"},"south":{"texture":"#all","cullface":"south"},"west":{"texture":"#all","cullface":"west"},"up":{"texture":"#all"},"down":{"texture":"#all","cullface":"down"}}},{"from":[0,8,8],"to":[8,16,16],"faces":{"north":{"texture":"#all"},"east":{"texture":"#all"},"south":{"texture":"#all","cullface":"south"},"west":{"texture":"#all","cullface":"west"},"up":{"texture":"#all","cullface":"up"}}},{"from":[-0.4921875,0.0078125,11],"to":[0,1,15.9921875],"faces":{"north":{"uv":[11,15,12,16],"texture":"#all","cullface":"west"},"south":{"uv":[15,15,16,16],"texture":"#all","cullface":"west"},"west":{"uv":[11,15,16,16],"texture":"#all","cullface":"west"},"up":{"uv":[16,15,11,16],"texture":"#all","cullface":"west","rotation":270},"down":{"uv":[16,15,11,16],"texture":"#all","cullface":"west","rotation":90}}},{"from":[-0.4921875,1,12],"to":[0,2,14],"faces":{"north":{"uv":[12,14,13,15],"texture":"#all","cullface":"west"},"south":{"uv":[13,14,14,15],"texture":"#all","cullface":"west"},"west":{"uv":[12,14,14,15],"texture":"#all","cullface":"west"},"up":{"uv":[14,14,12,15],"texture":"#all","cullface":"west","rotation":270}}},{"from":[-0.4921875,0.0078125,8],"to":[0,1,9],"faces":{"north":{"uv":[8,15,9,16],"texture":"#all","cullface":"west"},"south":{"uv":[8,15,9,16],"texture":"#all","cullface":"west"},"west":{"uv":[8,15,9,16],"texture":"#all","cullface":"west"},"down":{"uv":[9,15,8,16],"texture":"#all","cullface":"west","rotation":90}}},{"from":[-0.4921875,1,7],"to":[0,5,10],"faces":{"north":{"uv":[7,11,8,15],"texture":"#all","cullface":"west"},"south":{"uv":[9,11,10,15],"texture":"#all","cullface":"west"},"west":{"uv":[7,11,10,15],"texture":"#all","cullface":"west"},"down":{"uv":[10,14,7,15],"texture":"#all","cullface":"west","rotation":90}}},{"from":[-0.4921875,2,6],"to":[0,4,11],"faces":{"south":{"uv":[10,12,11,14],"texture":"#all","cullface":"west"},"west":{"uv":[6,12,11,14],"texture":"#all","cullface":"west"},"up":{"uv":[11,12,6,13],"texture":"#all","cullface":"west","rotation":270},"down":{"uv":[11,13,6,14],"texture":"#all","cullface":"west","rotation":90}}},{"from":[-0.4921875,2,6],"to":[0,5,10],"faces":{"north":{"uv":[6,11,7,14],"texture":"#all","cullface":"west"},"west":{"uv":[6,11,10,14],"texture":"#all","cullface":"west"},"up":{"uv":[10,11,6,12],"texture":"#all","cullface":"west","rotation":270}}},{"from":[-0.4921875,0.0078125,0.0078125],"to":[0,2,6],"faces":{"north":{"uv":[0,14,1,16],"texture":"#all","cullface":"west"},"south":{"uv":[5,14,6,16],"texture":"#all","cullface":"west"},"west":{"uv":[0,14,6,16],"texture":"#all","cullface":"west"},"up":{"uv":[6,14,0,15],"texture":"#all","cullface":"west","rotation":270},"down":{"uv":[6,15,0,16],"texture":"#all","cullface":"west","rotation":90}}},{"from":[-0.4921875,2,1],"to":[0,3,5],"faces":{"north":{"uv":[1,13,2,14],"texture":"#all","cullface":"west"},"south":{"uv":[4,13,5,14],"texture":"#all","cullface":"west"},"west":{"uv":[1,13,5,14],"texture":"#all","cullface":"west"},"up":{"uv":[5,13,1,14],"texture":"#all","cullface":"west","rotation":270}}},{"from":[-0.4921875,3,2],"to":[0,4,4],"faces":{"north":{"uv":[2,12,3,13],"texture":"#all","cullface":"west"},"south":{"uv":[3,12,4,13],"texture":"#all","cullface":"west"},"west":{"uv":[2,12,4,13],"texture":"#all","cullface":"west"},"up":{"uv":[4,12,2,13],"texture":"#all","cullface":"west","rotation":270}}},{"from":[-0.4921875,5,2],"to":[0,8,3],"faces":{"north":{"uv":[2,8,3,11],"texture":"#all","cullface":"west"},"south":{"uv":[2,8,3,11],"texture":"#all","cullface":"west"},"west":{"uv":[2,8,3,11],"texture":"#all","cullface":"west"},"down":{"uv":[3,10,2,11],"texture":"#all","cullface":"west","rotation":90}}},{"from":[-0.4921875,6,1],"to":[0,7,4],"faces":{"north":{"uv":[1,9,2,10],"texture":"#all","cullface":"west"},"west":{"uv":[1,9,4,10],"texture":"#all","cullface":"west"},"up":{"uv":[4,9,1,10],"texture":"#all","cullface":"west","rotation":270},"down":{"uv":[4,9,1,10],"texture":"#all","cullface":"west","rotation":90}}},{"from":[-0.4921875,6,2],"to":[0,8,4],"faces":{"south":{"uv":[3,8,4,10],"texture":"#all","cullface":"west"},"west":{"uv":[2,8,4,10],"texture":"#all","cullface":"west"},"up":{"uv":[4,8,2,9],"texture":"#all","cullface":"west","rotation":270}}},{"from":[-0.4921875,6,5],"to":[0,7,10],"faces":{"north":{"uv":[5,9,6,10],"texture":"#all","cullface":"west"},"south":{"uv":[9,9,10,10],"texture":"#all","cullface":"west"},"west":{"uv":[5,9,10,10],"texture":"#all","cullface":"west"},"up":{"uv":[10,9,5,10],"texture":"#all","cullface":"west","rotation":270},"down":{"uv":[10,9,5,10],"texture":"#all","cullface":"west","rotation":90}}},{"from":[-0.4921875,7,7],"to":[0,8,12],"faces":{"north":{"uv":[7,8,8,9],"texture":"#all","cullface":"west"},"south":{"uv":[11,8,12,9],"texture":"#all","cullface":"west"},"west":{"uv":[7,8,12,9],"texture":"#all","cullface":"west"},"up":{"uv":[12,8,7,9],"texture":"#all","cullface":"west","rotation":270},"down":{"uv":[12,8,7,9],"texture":"#all","cullface":"west","rotation":90}}},{"from":[-0.4921875,8,8],"to":[0,9,11],"faces":{"north":{"uv":[8,7,9,8],"texture":"#all","cullface":"west"},"south":{"uv":[10,7,11,8],"texture":"#all","cullface":"west"},"west":{"uv":[8,7,11,8],"texture":"#all","cullface":"west"},"up":{"uv":[11,7,8,8],"texture":"#all","cullface":"west","rotation":270}}},{"from":[-0.4921875,2,14],"to":[0,6,15.9921875],"faces":{"north":{"uv":[14,10,15,14],"texture":"#all","cullface":"west"},"south":{"uv":[15,10,16,14],"texture":"#all","cullface":"west"},"west":{"uv":[14,10,16,14],"texture":"#all","cullface":"west"},"up":{"uv":[16,10,14,11],"texture":"#all","cullface":"west","rotation":270},"down":{"uv":[16,13,14,14],"texture":"#all","cullface":"west","rotation":90}}},{"from":[-0.4921875,3,12],"to":[0,5,15.9921875],"faces":{"north":{"uv":[12,11,13,13],"texture":"#all","cullface":"west"},"west":{"uv":[12,11,16,13],"texture":"#all","cullface":"west"},"up":{"uv":[16,11,12,12],"texture":"#all","cullface":"west","rotation":270},"down":{"uv":[16,12,12,13],"texture":"#all","cullface":"west","rotation":90}}},{"from":[-0.4921875,5,13],"to":[0,7,15],"faces":{"north":{"uv":[13,9,14,11],"texture":"#all","cullface":"west"},"south":{"uv":[14,9,15,11],"texture":"#all","cullface":"west"},"west":{"uv":[13,9,15,11],"texture":"#all","cullface":"west"},"up":{"uv":[15,9,13,10],"texture":"#all","cullface":"west","rotation":270}}},{"from":[-0.4921875,8,15],"to":[0,11,15.9921875],"faces":{"north":{"uv":[15,5,16,8],"texture":"#all","cullface":"west"},"south":{"uv":[15,5,16,8],"texture":"#all","cullface":"west"},"west":{"uv":[15,5,16,8],"texture":"#all","cullface":"west"},"down":{"uv":[16,7,15,8],"texture":"#all","cullface":"west","rotation":90}}},{"from":[-0.4921875,8,13],"to":[0,13,14],"faces":{"north":{"uv":[13,3,14,8],"texture":"#all","cullface":"west"},"south":{"uv":[13,3,14,8],"texture":"#all","cullface":"west"},"west":{"uv":[13,3,14,8],"texture":"#all","cullface":"west"},"down":{"uv":[14,7,13,8],"texture":"#all","cullface":"west","rotation":90}}},{"from":[-0.4921875,9,11],"to":[0,13,14],"faces":{"north":{"uv":[11,3,12,7],"texture":"#all","cullface":"west"},"west":{"uv":[11,3,14,7],"texture":"#all","cullface":"west"},"up":{"uv":[14,3,11,4],"texture":"#all","cullface":"west","rotation":270},"down":{"uv":[14,6,11,7],"texture":"#all","cullface":"west","rotation":90}}},{"from":[-0.4921875,11,10],"to":[0,12,15],"faces":{"north":{"uv":[10,4,11,5],"texture":"#all","cullface":"west"},"south":{"uv":[14,4,15,5],"texture":"#all","cullface":"west"},"west":{"uv":[10,4,15,5],"texture":"#all","cullface":"west"},"up":{"uv":[15,4,10,5],"texture":"#all","cullface":"west","rotation":270},"down":{"uv":[15,4,10,5],"texture":"#all","cullface":"west","rotation":90}}},{"from":[-0.4921875,10,9],"to":[0,11,11],"faces":{"north":{"uv":[9,5,10,6],"texture":"#all","cullface":"west"},"west":{"uv":[9,5,11,6],"texture":"#all","cullface":"west"},"down":{"uv":[11,5,9,6],"texture":"#all","cullface":"west","rotation":90}}},{"from":[-0.4921875,14,8],"to":[0,15.9921875,11],"faces":{"south":{"uv":[10,0,11,2],"texture":"#all","cullface":"west"},"west":{"uv":[8,0,11,2],"texture":"#all","cullface":"west"},"up":{"uv":[11,0,8,1],"texture":"#all","cullface":"west","rotation":270},"down":{"uv":[11,1,8,2],"texture":"#all","cullface":"west","rotation":90}}},{"from":[-0.4921875,12,8],"to":[0,15.9921875,9],"faces":{"north":{"uv":[8,0,9,4],"texture":"#all","cullface":"west"},"south":{"uv":[8,1,9,4],"texture":"#all","cullface":"west"},"west":{"uv":[8,0,9,4],"texture":"#all","cullface":"west"},"down":{"uv":[9,3,8,4],"texture":"#all","cullface":"west","rotation":90}}},{"from":[-0.4921875,13,9],"to":[0,14,10],"faces":{"south":{"uv":[9,2,10,3],"texture":"#all","cullface":"west"},"west":{"uv":[9,2,10,3],"texture":"#all","cullface":"west"},"down":{"uv":[10,2,9,3],"texture":"#all","cullface":"west","rotation":90}}},{"from":[-0.4921875,13,14],"to":[0,15.9921875,15.9921875],"faces":{"north":{"uv":[14,0,15,3],"texture":"#all","cullface":"west"},"south":{"uv":[15,0,16,3],"texture":"#all","cullface":"west"},"west":{"uv":[14,0,16,3],"texture":"#all","cullface":"west"},"down":{"uv":[16,2,14,3],"texture":"#all","cullface":"west","rotation":90}}},{"from":[-0.4921875,14,13],"to":[0,15,15.9921875],"faces":{"north":{"uv":[13,1,14,2],"texture":"#all","cullface":"west"},"west":{"uv":[13,1,16,2],"texture":"#all","cullface":"west"},"down":{"uv":[16,1,13,2],"texture":"#all","cullface":"west","rotation":90}}},{"from":[-0.4921875,15,12],"to":[0,15.9921875,15.9921875],"faces":{"north":{"uv":[12,0,13,1],"texture":"#all","cullface":"west"},"west":{"uv":[12,0,16,1],"texture":"#all","cullface":"west"},"up":{"uv":[16,0,12,1],"texture":"#all","cullface":"west","rotation":270},"down":{"uv":[16,0,12,1],"texture":"#all","cullface":"west","rotation":90}}},{"from":[-0.4921875,11,9],"to":[0,11,15.9921875],"rotation":{"origin":[0,10,-0.5],"axis":"y","angle":0.0},"faces":{"up":{"uv":[16,5,9,6],"texture":"#all","cullface":"west","rotation":270}}},{"from":[11,0.0078125,16],"to":[15.9921875,1,16.492188],"faces":{"east":{"uv":[15,15,16,16],"texture":"#all","cullface":"south"},"south":{"uv":[11,15,16,16],"texture":"#all","cullface":"south"},"west":{"uv":[11,15,12,16],"texture":"#all","cullface":"south"},"up":{"uv":[16,15,11,16],"texture":"#all","cullface":"south","rotation":180},"down":{"uv":[16,15,11,16],"texture":"#all","cullface":"south","rotation":180}}},{"from":[12,1,16],"to":[14,2,16.492188],"faces":{"east":{"uv":[13,14,14,15],"texture":"#all","cullface":"south"},"south":{"uv":[12,14,14,15],"texture":"#all","cullface":"south"},"west":{"uv":[12,14,13,15],"texture":"#all","cullface":"south"},"up":{"uv":[14,14,12,15],"texture":"#all","cullface":"south","rotation":180}}},{"from":[8,0.0078125,16],"to":[9,1,16.492188],"faces":{"east":{"uv":[8,15,9,16],"texture":"#all","cullface":"south"},"south":{"uv":[8,15,9,16],"texture":"#all","cullface":"south"},"west":{"uv":[8,15,9,16],"texture":"#all","cullface":"south"},"down":{"uv":[9,15,8,16],"texture":"#all","cullface":"south","rotation":180}}},{"from":[7,1,16],"to":[10,5,16.492188],"faces":{"east":{"uv":[9,11,10,15],"texture":"#all","cullface":"south"},"south":{"uv":[7,11,10,15],"texture":"#all","cullface":"south"},"west":{"uv":[7,11,8,15],"texture":"#all","cullface":"south"},"down":{"uv":[10,14,7,15],"texture":"#all","cullface":"south","rotation":180}}},{"from":[6,2,16],"to":[11,4,16.492188],"faces":{"east":{"uv":[10,12,11,14],"texture":"#all","cullface":"south"},"south":{"uv":[6,12,11,14],"texture":"#all","cullface":"south"},"up":{"uv":[11,12,6,13],"texture":"#all","cullface":"south","rotation":180},"down":{"uv":[11,13,6,14],"texture":"#all","cullface":"south","rotation":180}}},{"from":[6,2,16],"to":[10,5,16.492188],"faces":{"south":{"uv":[6,11,10,14],"texture":"#all","cullface":"south"},"west":{"uv":[6,11,7,14],"texture":"#all","cullface":"south"},"up":{"uv":[10,11,6,12],"texture":"#all","cullface":"south","rotation":180}}},{"from":[0.0078125,0.0078125,16],"to":[6,2,16.492188],"faces":{"east":{"uv":[5,14,6,16],"texture":"#all","cullface":"south"},"south":{"uv":[0,14,6,16],"texture":"#all","cullface":"south"},"west":{"uv":[0,14,1,16],"texture":"#all","cullface":"south"},"up":{"uv":[6,14,0,15],"texture":"#all","cullface":"south","rotation":180},"down":{"uv":[6,15,0,16],"texture":"#all","cullface":"south","rotation":180}}},{"from":[1,2,16],"to":[5,3,16.492188],"faces":{"east":{"uv":[4,13,5,14],"texture":"#all","cullface":"south"},"south":{"uv":[1,13,5,14],"texture":"#all","cullface":"south"},"west":{"uv":[1,13,2,14],"texture":"#all","cullface":"south"},"up":{"uv":[5,13,1,14],"texture":"#all","cullface":"south","rotation":180}}},{"from":[2,3,16],"to":[4,4,16.492188],"faces":{"east":{"uv":[3,12,4,13],"texture":"#all","cullface":"south"},"south":{"uv":[2,12,4,13],"texture":"#all","cullface":"south"},"west":{"uv":[2,12,3,13],"texture":"#all","cullface":"south"},"up":{"uv":[4,12,2,13],"texture":"#all","cullface":"south","rotation":180}}},{"from":[2,5,16],"to":[3,6,16.492188],"faces":{"east":{"uv":[2,10,3,11],"texture":"#all","cullface":"south"},"south":{"uv":[2,10,3,11],"texture":"#all","cullface":"south"},"down":{"uv":[3,10,2,11],"texture":"#all","cullface":"south","rotation":180}}},{"from":[1,6,16],"to":[4,7,16.492188],"faces":{"south":{"uv":[1,9,4,10],"texture":"#all","cullface":"south"},"west":{"uv":[1,9,2,10],"texture":"#all","cullface":"south"},"up":{"uv":[4,9,1,10],"texture":"#all","cullface":"south","rotation":180},"down":{"uv":[4,9,1,10],"texture":"#all","cullface":"south","rotation":180}}},{"from":[2,6,16],"to":[4,8,16.492188],"faces":{"east":{"uv":[3,8,4,10],"texture":"#all","cullface":"south"},"south":{"uv":[2,8,4,10],"texture":"#all","cullface":"south"}}},{"from":[5,6,16],"to":[10,7,16.492188],"faces":{"east":{"uv":[9,9,10,10],"texture":"#all","cullface":"south"},"south":{"uv":[5,9,10,10],"texture":"#all","cullface":"south"},"west":{"uv":[5,9,6,10],"texture":"#all","cullface":"south"},"up":{"uv":[10,9,5,10],"texture":"#all","cullface":"south","rotation":180},"down":{"uv":[10,9,5,10],"texture":"#all","cullface":"south","rotation":180}}},{"from":[7,7,16],"to":[12,8,16.492188],"faces":{"east":{"uv":[11,8,12,9],"texture":"#all","cullface":"south"},"south":{"uv":[7,8,12,9],"texture":"#all","cullface":"south"},"west":{"uv":[7,8,8,9],"texture":"#all","cullface":"south"},"down":{"uv":[12,8,7,9],"texture":"#all","cullface":"south","rotation":180}}},{"from":[14,2,16],"to":[15.9921875,6,16.492188],"faces":{"east":{"uv":[15,10,16,14],"texture":"#all","cullface":"south"},"south":{"uv":[14,10,16,14],"texture":"#all","cullface":"south"},"west":{"uv":[14,10,15,14],"texture":"#all","cullface":"south"},"up":{"uv":[16,10,14,11],"texture":"#all","cullface":"south","rotation":180},"down":{"uv":[16,13,14,14],"texture":"#all","cullface":"south","rotation":180}}},{"from":[12,3,16],"to":[15.9921875,5,16.492188],"faces":{"south":{"uv":[12,11,16,13],"texture":"#all","cullface":"south"},"west":{"uv":[12,11,13,13],"texture":"#all","cullface":"south"},"up":{"uv":[16,11,12,12],"texture":"#all","cullface":"south","rotation":180},"down":{"uv":[16,12,12,13],"texture":"#all","cullface":"south","rotation":180}}},{"from":[13,5,16],"to":[15,7,16.492188],"faces":{"east":{"uv":[14,9,15,11],"texture":"#all","cullface":"south"},"south":{"uv":[13,9,15,11],"texture":"#all","cullface":"south"},"west":{"uv":[13,9,14,11],"texture":"#all","cullface":"south"},"up":{"uv":[15,9,13,10],"texture":"#all","cullface":"south","rotation":180}}},{"from":[4,8,16],"to":[6,12,16.492188],"faces":{"east":{"uv":[5,4,6,8],"texture":"#all","cullface":"south"},"south":{"uv":[4,4,6,8],"texture":"#all","cullface":"south"},"west":{"uv":[4,4,5,8],"texture":"#all","cullface":"south"},"up":{"uv":[6,4,4,5],"texture":"#all","cullface":"south","rotation":180}}},{"from":[4,8,16],"to":[7,10,16.492188],"faces":{"east":{"uv":[6,6,7,8],"texture":"#all","cullface":"south"},"south":{"uv":[4,6,7,8],"texture":"#all","cullface":"south"},"up":{"uv":[7,6,4,7],"texture":"#all","cullface":"south","rotation":180},"down":{"uv":[7,7,4,8],"texture":"#all","cullface":"south","rotation":180}}},{"from":[3,9,16],"to":[4,10,16.492188],"faces":{"south":{"uv":[3,6,4,7],"texture":"#all","cullface":"south"},"west":{"uv":[3,6,4,7],"texture":"#all","cullface":"south"},"down":{"uv":[4,6,3,7],"texture":"#all","cullface":"south","rotation":180}}},{"from":[2,10,16],"to":[4,11,16.492188],"faces":{"south":{"uv":[2,5,4,6],"texture":"#all","cullface":"south"},"up":{"uv":[4,5,2,6],"texture":"#all","cullface":"south","rotation":180},"down":{"uv":[4,5,2,6],"texture":"#all","cullface":"south","rotation":180}}},{"from":[0.0078125,8,16],"to":[2,10,16.492188],"faces":{"east":{"uv":[1,6,2,8],"texture":"#all","cullface":"south"},"south":{"uv":[0,6,2,8],"texture":"#all","cullface":"south"},"up":{"uv":[2,6,0,7],"texture":"#all","cullface":"south","rotation":180},"down":{"uv":[2,7,0,8],"texture":"#all","cullface":"south","rotation":180}}},{"from":[0.0078125,8,16],"to":[1,11,16.492188],"faces":{"east":{"uv":[0,5,1,8],"texture":"#all","cullface":"south"},"south":{"uv":[0,5,1,8],"texture":"#all","cullface":"south"},"west":{"uv":[0,5,1,8],"texture":"#all","cullface":"south"},"up":{"uv":[1,5,0,6],"texture":"#all","cullface":"south","rotation":180}}},{"from":[1,13,16],"to":[5,15,16.492188],"faces":{"east":{"uv":[4,1,5,3],"texture":"#all","cullface":"south"},"south":{"uv":[1,1,5,3],"texture":"#all","cullface":"south"},"west":{"uv":[1,1,2,3],"texture":"#all","cullface":"south"},"up":{"uv":[5,1,1,2],"texture":"#all","cullface":"south","rotation":180},"down":{"uv":[5,2,1,3],"texture":"#all","cullface":"south","rotation":180}}},{"from":[2,12,16],"to":[3,15.9921875,16.492188],"faces":{"east":{"uv":[2,0,3,4],"texture":"#all","cullface":"south"},"south":{"uv":[2,0,3,4],"texture":"#all","cullface":"south"},"west":{"uv":[2,0,3,4],"texture":"#all","cullface":"south"},"down":{"uv":[3,3,2,4],"texture":"#all","cullface":"south","rotation":180}}},{"from":[2,15,16],"to":[4,15.9921875,16.492188],"faces":{"east":{"uv":[3,0,4,1],"texture":"#all","cullface":"south"},"south":{"uv":[2,0,4,1],"texture":"#all","cullface":"south"},"up":{"uv":[4,0,2,1],"texture":"#all","cullface":"south","rotation":180}}},{"from":[6,12,16],"to":[7,15,16.492188],"faces":{"south":{"uv":[6,1,7,4],"texture":"#all","cullface":"south"},"west":{"uv":[6,1,7,4],"texture":"#all","cullface":"south"},"up":{"uv":[7,1,6,2],"texture":"#all","cullface":"south","rotation":180},"down":{"uv":[7,3,6,4],"texture":"#all","cullface":"south","rotation":180}}},{"from":[7,11,16],"to":[8,15.9921875,16.492188],"faces":{"east":{"uv":[7,0,8,5],"texture":"#all","cullface":"south"},"south":{"uv":[7,0,8,5],"texture":"#all","cullface":"south"},"west":{"uv":[7,0,8,5],"texture":"#all","cullface":"south"},"up":{"uv":[8,0,7,1],"texture":"#all","cullface":"south","rotation":180},"down":{"uv":[8,4,7,5],"texture":"#all","cullface":"south","rotation":180}}},{"from":[2,5,16],"to":[2,11,16.492188],"rotation":{"origin":[13,5,-0.5],"axis":"y","angle":0.0},"faces":{"west":{"uv":[2,5,3,11],"texture":"#all","cullface":"south"}}},{"from":[2,8,16],"to":[12,8,16.492188],"rotation":{"origin":[4,7,-0.5],"axis":"y","angle":0.0},"faces":{"up":{"uv":[12,8,2,9],"texture":"#all","cullface":"south","rotation":180}}},{"from":[16,0.0078125,0.0078125],"to":[16.492188,1,5],"faces":{"north":{"uv":[15,15,16,16],"texture":"#all","cullface":"east"},"east":{"uv":[11,15,16,16],"texture":"#all","cullface":"east"},"south":{"uv":[11,15,12,16],"texture":"#all","cullface":"east"},"up":{"uv":[16,15,11,16],"texture":"#all","cullface":"east","rotation":90},"down":{"uv":[16,15,11,16],"texture":"#all","cullface":"east","rotation":270}}},{"from":[16,1,2],"to":[16.492188,2,4],"faces":{"north":{"uv":[13,14,14,15],"texture":"#all","cullface":"east"},"east":{"uv":[12,14,14,15],"texture":"#all","cullface":"east"},"south":{"uv":[12,14,13,15],"texture":"#all","cullface":"east"},"up":{"uv":[14,14,12,15],"texture":"#all","cullface":"east","rotation":90}}},{"from":[16,0.0078125,7],"to":[16.492188,1,8],"faces":{"north":{"uv":[8,15,9,16],"texture":"#all","cullface":"east"},"east":{"uv":[8,15,9,16],"texture":"#all","cullface":"east"},"south":{"uv":[8,15,9,16],"texture":"#all","cullface":"east"},"down":{"uv":[9,15,8,16],"texture":"#all","cullface":"east","rotation":270}}},{"from":[16,1,6],"to":[16.492188,5,9],"faces":{"north":{"uv":[9,11,10,15],"texture":"#all","cullface":"east"},"east":{"uv":[7,11,10,15],"texture":"#all","cullface":"east"},"south":{"uv":[7,11,8,15],"texture":"#all","cullface":"east"},"down":{"uv":[10,14,7,15],"texture":"#all","cullface":"east","rotation":270}}},{"from":[16,2,5],"to":[16.492188,4,10],"faces":{"north":{"uv":[10,12,11,14],"texture":"#all","cullface":"east"},"east":{"uv":[6,12,11,14],"texture":"#all","cullface":"east"},"up":{"uv":[11,12,6,13],"texture":"#all","cullface":"east","rotation":90},"down":{"uv":[11,13,6,14],"texture":"#all","cullface":"east","rotation":270}}},{"from":[16,2,6],"to":[16.492188,5,10],"faces":{"east":{"uv":[6,11,10,14],"texture":"#all","cullface":"east"},"south":{"uv":[6,11,7,14],"texture":"#all","cullface":"east"},"up":{"uv":[10,11,6,12],"texture":"#all","cullface":"east","rotation":90}}},{"from":[16,0.0078125,10],"to":[16.492188,2,15.9921875],"faces":{"north":{"uv":[5,14,6,16],"texture":"#all","cullface":"east"},"east":{"uv":[0,14,6,16],"texture":"#all","cullface":"east"},"south":{"uv":[0,14,1,16],"texture":"#all","cullface":"east"},"up":{"uv":[6,14,0,15],"texture":"#all","cullface":"east","rotation":90},"down":{"uv":[6,15,0,16],"texture":"#all","cullface":"east","rotation":270}}},{"from":[16,2,11],"to":[16.492188,3,15],"faces":{"north":{"uv":[4,13,5,14],"texture":"#all","cullface":"east"},"east":{"uv":[1,13,5,14],"texture":"#all","cullface":"east"},"south":{"uv":[1,13,2,14],"texture":"#all","cullface":"east"},"up":{"uv":[5,13,1,14],"texture":"#all","cullface":"east","rotation":90}}},{"from":[16,3,12],"to":[16.492188,4,14],"faces":{"north":{"uv":[3,12,4,13],"texture":"#all","cullface":"east"},"east":{"uv":[2,12,4,13],"texture":"#all","cullface":"east"},"south":{"uv":[2,12,3,13],"texture":"#all","cullface":"east"},"up":{"uv":[4,12,2,13],"texture":"#all","cullface":"east","rotation":90}}},{"from":[16,5,13],"to":[16.492188,8,14],"faces":{"north":{"uv":[2,8,3,11],"texture":"#all","cullface":"east"},"east":{"uv":[2,8,3,11],"texture":"#all","cullface":"east"},"south":{"uv":[2,8,3,11],"texture":"#all","cullface":"east"},"down":{"uv":[3,10,2,11],"texture":"#all","cullface":"east","rotation":270}}},{"from":[16,6,12],"to":[16.492188,7,15],"faces":{"east":{"uv":[1,9,4,10],"texture":"#all","cullface":"east"},"south":{"uv":[1,9,2,10],"texture":"#all","cullface":"east"},"up":{"uv":[4,9,1,10],"texture":"#all","cullface":"east","rotation":90},"down":{"uv":[4,9,1,10],"texture":"#all","cullface":"east","rotation":270}}},{"from":[16,6,12],"to":[16.492188,8,14],"faces":{"north":{"uv":[3,8,4,10],"texture":"#all","cullface":"east"},"east":{"uv":[2,8,4,10],"texture":"#all","cullface":"east"},"up":{"uv":[4,8,2,9],"texture":"#all","cullface":"east","rotation":90}}},{"from":[16,6,6],"to":[16.492188,7,11],"faces":{"north":{"uv":[9,9,10,10],"texture":"#all","cullface":"east"},"east":{"uv":[5,9,10,10],"texture":"#all","cullface":"east"},"south":{"uv":[5,9,6,10],"texture":"#all","cullface":"east"},"up":{"uv":[10,9,5,10],"texture":"#all","cullface":"east","rotation":90},"down":{"uv":[10,9,5,10],"texture":"#all","cullface":"east","rotation":270}}},{"from":[16,7,4],"to":[16.492188,8,9],"faces":{"north":{"uv":[11,8,12,9],"texture":"#all","cullface":"east"},"east":{"uv":[7,8,12,9],"texture":"#all","cullface":"east"},"south":{"uv":[7,8,8,9],"texture":"#all","cullface":"east"},"up":{"uv":[12,8,7,9],"texture":"#all","cullface":"east","rotation":90},"down":{"uv":[12,8,7,9],"texture":"#all","cullface":"east","rotation":270}}},{"from":[16,2,0.0078125],"to":[16.492188,6,2],"faces":{"north":{"uv":[15,10,16,14],"texture":"#all","cullface":"east"},"east":{"uv":[14,10,16,14],"texture":"#all","cullface":"east"},"south":{"uv":[14,10,15,14],"texture":"#all","cullface":"east"},"up":{"uv":[16,10,14,11],"texture":"#all","cullface":"east","rotation":90},"down":{"uv":[16,13,14,14],"texture":"#all","cullface":"east","rotation":270}}},{"from":[16,3,0.0078125],"to":[16.492188,5,4],"faces":{"east":{"uv":[12,11,16,13],"texture":"#all","cullface":"east"},"south":{"uv":[12,11,13,13],"texture":"#all","cullface":"east"},"up":{"uv":[16,11,12,12],"texture":"#all","cullface":"east","rotation":90},"down":{"uv":[16,12,12,13],"texture":"#all","cullface":"east","rotation":270}}},{"from":[16,5,1],"to":[16.492188,7,3],"faces":{"north":{"uv":[14,9,15,11],"texture":"#all","cullface":"east"},"east":{"uv":[13,9,15,11],"texture":"#all","cullface":"east"},"south":{"uv":[13,9,14,11],"texture":"#all","cullface":"east"},"up":{"uv":[15,9,13,10],"texture":"#all","cullface":"east","rotation":90}}},{"from":[8,8,10],"to":[8.5,12,12],"faces":{"north":{"uv":[5,4,6,8],"texture":"#all"},"east":{"uv":[4,4,6,8],"texture":"#all"},"south":{"uv":[4,4,5,8],"texture":"#all"},"up":{"uv":[6,4,4,5],"texture":"#all","rotation":90}}},{"from":[8,8,9],"to":[8.5,10,12],"faces":{"north":{"uv":[6,6,7,8],"texture":"#all"},"east":{"uv":[4,6,7,8],"texture":"#all"},"up":{"uv":[7,6,4,7],"texture":"#all","rotation":90},"down":{"uv":[7,7,4,8],"texture":"#all","rotation":270}}},{"from":[8,9,12],"to":[8.5,10,13],"faces":{"east":{"uv":[3,6,4,7],"texture":"#all"},"south":{"uv":[3,6,4,7],"texture":"#all"},"down":{"uv":[4,6,3,7],"texture":"#all","rotation":270}}},{"from":[8,10,12],"to":[8.5,11,14],"faces":{"east":{"uv":[2,5,4,6],"texture":"#all"},"south":{"uv":[2,5,3,6],"texture":"#all"},"up":{"uv":[4,5,2,6],"texture":"#all","rotation":90},"down":{"uv":[4,5,2,6],"texture":"#all","rotation":270}}},{"from":[8,8,14],"to":[8.5,10,16],"faces":{"north":{"uv":[1,6,2,8],"texture":"#all"},"east":{"uv":[0,6,2,8],"texture":"#all"},"up":{"uv":[2,6,0,7],"texture":"#all","rotation":90},"down":{"uv":[2,7,0,8],"texture":"#all","rotation":270}}},{"from":[8,8,15],"to":[8.5,11,16],"faces":{"north":{"uv":[0,5,1,8],"texture":"#all"},"east":{"uv":[0,5,1,8],"texture":"#all"},"south":{"uv":[0,5,1,8],"texture":"#all"},"up":{"uv":[1,5,0,6],"texture":"#all","rotation":90}}},{"from":[8,13,11],"to":[8.5,15,15],"faces":{"north":{"uv":[4,1,5,3],"texture":"#all"},"east":{"uv":[1,1,5,3],"texture":"#all"},"south":{"uv":[1,1,2,3],"texture":"#all"},"up":{"uv":[5,1,1,2],"texture":"#all","rotation":90},"down":{"uv":[5,2,1,3],"texture":"#all","rotation":270}}},{"from":[8,12,13],"to":[8.5,16,14],"faces":{"north":{"uv":[2,0,3,4],"texture":"#all"},"east":{"uv":[2,0,3,4],"texture":"#all"},"south":{"uv":[2,0,3,4],"texture":"#all"},"down":{"uv":[3,3,2,4],"texture":"#all","rotation":270}}},{"from":[8,15,12],"to":[8.5,16,14],"faces":{"north":{"uv":[3,0,4,1],"texture":"#all"},"east":{"uv":[2,0,4,1],"texture":"#all"},"up":{"uv":[4,0,2,1],"texture":"#all","rotation":90}}},{"from":[8,12,9],"to":[8.5,15,10],"faces":{"east":{"uv":[6,1,7,4],"texture":"#all"},"south":{"uv":[6,1,7,4],"texture":"#all"},"up":{"uv":[7,1,6,2],"texture":"#all","rotation":90},"down":{"uv":[7,3,6,4],"texture":"#all","rotation":270}}},{"from":[8,11,8],"to":[8.5,16,9],"faces":{"north":{"uv":[7,0,8,5],"texture":"#all"},"east":{"uv":[7,0,8,5],"texture":"#all"},"south":{"uv":[7,0,8,5],"texture":"#all"},"up":{"uv":[8,0,7,1],"texture":"#all","rotation":90},"down":{"uv":[8,4,7,5],"texture":"#all","rotation":270}}},{"from":[0.0078125,0.0078125,-0.4921875],"to":[5,1,0],"faces":{"north":{"uv":[11,15,16,16],"texture":"#all","cullface":"north"},"east":{"uv":[11,15,12,16],"texture":"#all","cullface":"north"},"west":{"uv":[15,15,16,16],"texture":"#all","cullface":"north"},"up":{"uv":[16,15,11,16],"texture":"#all","cullface":"north"},"down":{"uv":[16,15,11,16],"texture":"#all","cullface":"north"}}},{"from":[2,1,-0.4921875],"to":[4,2,0],"faces":{"north":{"uv":[12,14,14,15],"texture":"#all","cullface":"north"},"east":{"uv":[12,14,13,15],"texture":"#all","cullface":"north"},"west":{"uv":[13,14,14,15],"texture":"#all","cullface":"north"},"up":{"uv":[14,14,12,15],"texture":"#all","cullface":"north"}}},{"from":[7,0.0078125,-0.4921875],"to":[8,1,0],"faces":{"north":{"uv":[8,15,9,16],"texture":"#all","cullface":"north"},"east":{"uv":[8,15,9,16],"texture":"#all","cullface":"north"},"west":{"uv":[8,15,9,16],"texture":"#all","cullface":"north"},"down":{"uv":[9,15,8,16],"texture":"#all","cullface":"north"}}},{"from":[6,1,-0.4921875],"to":[9,5,0],"faces":{"north":{"uv":[7,11,10,15],"texture":"#all","cullface":"north"},"east":{"uv":[7,11,8,15],"texture":"#all","cullface":"north"},"west":{"uv":[9,11,10,15],"texture":"#all","cullface":"north"},"down":{"uv":[10,14,7,15],"texture":"#all","cullface":"north"}}},{"from":[5,2,-0.4921875],"to":[10,4,0],"faces":{"north":{"uv":[6,12,11,14],"texture":"#all","cullface":"north"},"west":{"uv":[10,12,11,14],"texture":"#all","cullface":"north"},"up":{"uv":[11,12,6,13],"texture":"#all","cullface":"north"},"down":{"uv":[11,13,6,14],"texture":"#all","cullface":"north"}}},{"from":[6,2,-0.4921875],"to":[10,5,0],"faces":{"north":{"uv":[6,11,10,14],"texture":"#all","cullface":"north"},"east":{"uv":[6,11,7,14],"texture":"#all","cullface":"north"},"up":{"uv":[10,11,6,12],"texture":"#all","cullface":"north"}}},{"from":[10,0.0078125,-0.4921875],"to":[15.9921875,2,0],"faces":{"north":{"uv":[0,14,6,16],"texture":"#all","cullface":"north"},"east":{"uv":[0,14,1,16],"texture":"#all","cullface":"north"},"west":{"uv":[5,14,6,16],"texture":"#all","cullface":"north"},"up":{"uv":[6,14,0,15],"texture":"#all","cullface":"north"},"down":{"uv":[6,15,0,16],"texture":"#all","cullface":"north"}}},{"from":[11,2,-0.4921875],"to":[15,3,0],"faces":{"north":{"uv":[1,13,5,14],"texture":"#all","cullface":"north"},"east":{"uv":[1,13,2,14],"texture":"#all","cullface":"north"},"west":{"uv":[4,13,5,14],"texture":"#all","cullface":"north"},"up":{"uv":[5,13,1,14],"texture":"#all","cullface":"north"}}},{"from":[12,3,-0.4921875],"to":[14,4,0],"faces":{"north":{"uv":[2,12,4,13],"texture":"#all","cullface":"north"},"east":{"uv":[2,12,3,13],"texture":"#all","cullface":"north"},"west":{"uv":[3,12,4,13],"texture":"#all","cullface":"north"},"up":{"uv":[4,12,2,13],"texture":"#all","cullface":"north"}}},{"from":[13,5,-0.4921875],"to":[14,8,0],"faces":{"north":{"uv":[2,8,3,11],"texture":"#all","cullface":"north"},"east":{"uv":[2,8,3,11],"texture":"#all","cullface":"north"},"west":{"uv":[2,8,3,11],"texture":"#all","cullface":"north"},"down":{"uv":[3,10,2,11],"texture":"#all","cullface":"north"}}},{"from":[12,6,-0.4921875],"to":[15,7,0],"faces":{"north":{"uv":[1,9,4,10],"texture":"#all","cullface":"north"},"east":{"uv":[1,9,2,10],"texture":"#all","cullface":"north"},"up":{"uv":[4,9,1,10],"texture":"#all","cullface":"north"},"down":{"uv":[4,9,1,10],"texture":"#all","cullface":"north"}}},{"from":[12,6,-0.4921875],"to":[14,8,0],"faces":{"north":{"uv":[2,8,4,10],"texture":"#all","cullface":"north"},"west":{"uv":[3,8,4,10],"texture":"#all","cullface":"north"},"up":{"uv":[4,8,2,9],"texture":"#all","cullface":"north"}}},{"from":[6,6,-0.4921875],"to":[11,7,0],"faces":{"north":{"uv":[5,9,10,10],"texture":"#all","cullface":"north"},"east":{"uv":[5,9,6,10],"texture":"#all","cullface":"north"},"west":{"uv":[9,9,10,10],"texture":"#all","cullface":"north"},"up":{"uv":[10,9,5,10],"texture":"#all","cullface":"north"},"down":{"uv":[10,9,5,10],"texture":"#all","cullface":"north"}}},{"from":[4,7,-0.4921875],"to":[9,8,0],"faces":{"north":{"uv":[7,8,12,9],"texture":"#all","cullface":"north"},"east":{"uv":[7,8,8,9],"texture":"#all","cullface":"north"},"west":{"uv":[11,8,12,9],"texture":"#all","cullface":"north"},"up":{"uv":[12,8,7,9],"texture":"#all","cullface":"north"},"down":{"uv":[12,8,7,9],"texture":"#all","cullface":"north"}}},{"from":[0.0078125,2,-0.4921875],"to":[2,6,0],"faces":{"north":{"uv":[14,10,16,14],"texture":"#all","cullface":"north"},"east":{"uv":[14,10,15,14],"texture":"#all","cullface":"north"},"west":{"uv":[15,10,16,14],"texture":"#all","cullface":"north"},"up":{"uv":[16,10,14,11],"texture":"#all","cullface":"north"},"down":{"uv":[16,13,14,14],"texture":"#all","cullface":"north"}}},{"from":[0.0078125,3,-0.4921875],"to":[4,5,0],"faces":{"north":{"uv":[12,11,16,13],"texture":"#all","cullface":"north"},"east":{"uv":[12,11,13,13],"texture":"#all","cullface":"north"},"up":{"uv":[16,11,12,12],"texture":"#all","cullface":"north"},"down":{"uv":[16,12,12,13],"texture":"#all","cullface":"north"}}},{"from":[1,5,-0.4921875],"to":[3,7,0],"faces":{"north":{"uv":[13,9,15,11],"texture":"#all","cullface":"north"},"east":{"uv":[13,9,14,11],"texture":"#all","cullface":"north"},"west":{"uv":[14,9,15,11],"texture":"#all","cullface":"north"},"up":{"uv":[15,9,13,10],"texture":"#all","cullface":"north"}}},{"from":[5,8,7.5],"to":[8,9,8],"faces":{"north":{"uv":[8,7,11,8],"texture":"#all"},"east":{"uv":[8,7,9,8],"texture":"#all"},"west":{"uv":[10,7,11,8],"texture":"#all"},"up":{"uv":[11,7,8,8],"texture":"#all"},"down":{"uv":[11,7,8,8],"texture":"#all"}}},{"from":[0,8,7.5],"to":[1,11,8],"faces":{"north":{"uv":[15,5,16,8],"texture":"#all"},"east":{"uv":[15,5,16,8],"texture":"#all"},"west":{"uv":[15,5,16,8],"texture":"#all"},"down":{"uv":[16,7,15,8],"texture":"#all"}}},{"from":[2,8,7.5],"to":[3,13,8],"faces":{"north":{"uv":[13,3,14,8],"texture":"#all"},"east":{"uv":[13,3,14,8],"texture":"#all"},"west":{"uv":[13,3,14,8],"texture":"#all"},"down":{"uv":[14,7,13,8],"texture":"#all"}}},{"from":[2,9,7.5],"to":[5,13,8],"faces":{"north":{"uv":[11,3,14,7],"texture":"#all"},"east":{"uv":[11,3,12,7],"texture":"#all"},"up":{"uv":[14,3,11,4],"texture":"#all"},"down":{"uv":[14,6,11,7],"texture":"#all"}}},{"from":[1,11,7.5],"to":[6,12,8],"faces":{"north":{"uv":[10,4,15,5],"texture":"#all"},"east":{"uv":[10,4,11,5],"texture":"#all"},"west":{"uv":[14,4,15,5],"texture":"#all"},"up":{"uv":[15,4,10,5],"texture":"#all"},"down":{"uv":[15,4,10,5],"texture":"#all"}}},{"from":[5,10,7.5],"to":[7,11,8],"faces":{"north":{"uv":[9,5,11,6],"texture":"#all"},"east":{"uv":[9,5,10,6],"texture":"#all"},"down":{"uv":[11,5,9,6],"texture":"#all"}}},{"from":[5,14,7.5],"to":[8,16,8],"faces":{"north":{"uv":[8,0,11,2],"texture":"#all"},"west":{"uv":[10,0,11,2],"texture":"#all"},"up":{"uv":[11,0,8,1],"texture":"#all"},"down":{"uv":[11,1,8,2],"texture":"#all"}}},{"from":[7,12,7.5],"to":[8,16,8],"faces":{"north":{"uv":[8,0,9,4],"texture":"#all"},"east":{"uv":[8,0,9,4],"texture":"#all"},"west":{"uv":[8,0,9,4],"texture":"#all"},"down":{"uv":[9,3,8,4],"texture":"#all"}}},{"from":[6,13,7.5],"to":[7,14,8],"faces":{"north":{"uv":[9,2,10,3],"texture":"#all"},"west":{"uv":[9,2,10,3],"texture":"#all"},"down":{"uv":[10,2,9,3],"texture":"#all"}}},{"from":[0,13,7.5],"to":[2,16,8],"faces":{"north":{"uv":[14,0,16,3],"texture":"#all"},"east":{"uv":[14,0,15,3],"texture":"#all"},"west":{"uv":[15,0,16,3],"texture":"#all"},"down":{"uv":[16,2,14,3],"texture":"#all"}}},{"from":[0,14,7.5],"to":[3,15,8],"faces":{"north":{"uv":[13,1,16,2],"texture":"#all"},"east":{"uv":[13,1,14,2],"texture":"#all"},"down":{"uv":[16,1,13,2],"texture":"#all"}}},{"from":[0,15,7.5],"to":[4,16,8],"faces":{"north":{"uv":[12,0,16,1],"texture":"#all"},"east":{"uv":[12,0,13,1],"texture":"#all"},"up":{"uv":[16,0,12,1],"texture":"#all"},"down":{"uv":[16,0,12,1],"texture":"#all"}}},{"from":[0,11,7.5],"to":[7,11,8],"rotation":{"origin":[0,10,-0.5],"axis":"y","angle":0.0},"faces":{"up":{"uv":[16,5,9,6],"texture":"#all"}}},{"from":[7,16,11],"to":[8,16.492188,15],"faces":{"east":{"uv":[7,11,8,15],"texture":"#all","cullface":"up","rotation":90},"south":{"uv":[8,14,7,15],"texture":"#all","cullface":"up","rotation":180},"west":{"uv":[7,11,8,15],"texture":"#all","cullface":"up","rotation":270},"up":{"uv":[7,11,8,15],"texture":"#all","cullface":"up"}}},{"from":[6,16,11],"to":[8,16.492188,14],"faces":{"north":{"uv":[8,11,6,12],"texture":"#all","cullface":"up"},"south":{"uv":[8,13,6,14],"texture":"#all","cullface":"up","rotation":180},"west":{"uv":[6,11,7,14],"texture":"#all","cullface":"up","rotation":270},"up":{"uv":[6,11,8,14],"texture":"#all","cullface":"up"}}},{"from":[0.0078125,16,14],"to":[6,16.492188,15.9921875],"faces":{"north":{"uv":[6,14,0,15],"texture":"#all","cullface":"up"},"east":{"uv":[5,14,6,16],"texture":"#all","cullface":"up","rotation":90},"south":{"uv":[6,15,0,16],"texture":"#all","cullface":"up","rotation":180},"west":{"uv":[0,14,1,16],"texture":"#all","cullface":"up","rotation":270},"up":{"uv":[0,14,6,16],"texture":"#all","cullface":"up"}}},{"from":[1,16,13],"to":[5,16.492188,14],"faces":{"north":{"uv":[5,13,1,14],"texture":"#all","cullface":"up"},"east":{"uv":[4,13,5,14],"texture":"#all","cullface":"up","rotation":90},"west":{"uv":[1,13,2,14],"texture":"#all","cullface":"up","rotation":270},"up":{"uv":[1,13,5,14],"texture":"#all","cullface":"up"}}},{"from":[2,16,12],"to":[4,16.492188,13],"faces":{"north":{"uv":[4,12,2,13],"texture":"#all","cullface":"up"},"east":{"uv":[3,12,4,13],"texture":"#all","cullface":"up","rotation":90},"west":{"uv":[2,12,3,13],"texture":"#all","cullface":"up","rotation":270},"up":{"uv":[2,12,4,13],"texture":"#all","cullface":"up"}}},{"from":[2,16,8],"to":[3,16.492188,11],"faces":{"east":{"uv":[2,8,3,11],"texture":"#all","cullface":"up","rotation":90},"south":{"uv":[3,10,2,11],"texture":"#all","cullface":"up","rotation":180},"west":{"uv":[2,8,3,11],"texture":"#all","cullface":"up","rotation":270},"up":{"uv":[2,8,3,11],"texture":"#all","cullface":"up"}}},{"from":[1,16,9],"to":[4,16.492188,10],"faces":{"north":{"uv":[4,9,1,10],"texture":"#all","cullface":"up"},"south":{"uv":[4,9,1,10],"texture":"#all","cullface":"up","rotation":180},"west":{"uv":[1,9,2,10],"texture":"#all","cullface":"up","rotation":270},"up":{"uv":[1,9,4,10],"texture":"#all","cullface":"up"}}},{"from":[2,16,8],"to":[4,16.492188,10],"faces":{"north":{"uv":[4,8,2,9],"texture":"#all","cullface":"up"},"east":{"uv":[3,8,4,10],"texture":"#all","cullface":"up","rotation":90},"up":{"uv":[2,8,4,10],"texture":"#all","cullface":"up"}}},{"from":[5,16,9],"to":[8,16.492188,10],"faces":{"north":{"uv":[8,9,5,10],"texture":"#all","cullface":"up"},"south":{"uv":[8,9,5,10],"texture":"#all","cullface":"up","rotation":180},"west":{"uv":[5,9,6,10],"texture":"#all","cullface":"up","rotation":270},"up":{"uv":[5,9,8,10],"texture":"#all","cullface":"up"}}},{"from":[7,16,8],"to":[8,16.492188,10],"faces":{"north":{"uv":[8,8,7,9],"texture":"#all","cullface":"up"},"east":{"uv":[7,8,8,10],"texture":"#all","cullface":"up","rotation":90},"west":{"uv":[7,8,8,10],"texture":"#all","cullface":"up","rotation":270},"up":{"uv":[7,8,8,10],"texture":"#all","cullface":"up"}}},{"from":[11,8,15],"to":[16,8.5,16],"faces":{"north":{"uv":[16,15,11,16],"texture":"#all"},"east":{"uv":[15,15,16,16],"texture":"#all","rotation":90},"south":{"uv":[16,15,11,16],"texture":"#all","rotation":180},"west":{"uv":[11,15,12,16],"texture":"#all","rotation":270},"up":{"uv":[11,15,16,16],"texture":"#all"}}},{"from":[12,8,14],"to":[14,8.5,15],"faces":{"north":{"uv":[14,14,12,15],"texture":"#all"},"east":{"uv":[13,14,14,15],"texture":"#all","rotation":90},"west":{"uv":[12,14,13,15],"texture":"#all","rotation":270},"up":{"uv":[12,14,14,15],"texture":"#all"}}},{"from":[8,8,11],"to":[9,8.5,16],"faces":{"east":{"uv":[8,11,9,16],"texture":"#all","rotation":90},"south":{"uv":[9,15,8,16],"texture":"#all","rotation":180},"west":{"uv":[8,11,9,16],"texture":"#all","rotation":270},"up":{"uv":[8,11,9,16],"texture":"#all"}}},{"from":[8,8,11],"to":[10,8.5,15],"faces":{"east":{"uv":[9,11,10,15],"texture":"#all","rotation":90},"south":{"uv":[10,14,8,15],"texture":"#all","rotation":180},"up":{"uv":[8,11,10,15],"texture":"#all"}}},{"from":[10,8,12],"to":[11,8.5,14],"faces":{"north":{"uv":[11,12,10,13],"texture":"#all"},"east":{"uv":[10,12,11,14],"texture":"#all","rotation":90},"south":{"uv":[11,13,10,14],"texture":"#all","rotation":180},"up":{"uv":[10,12,11,14],"texture":"#all"}}},{"from":[8,8,7],"to":[10,8.5,10],"faces":{"east":{"uv":[9,9,10,10],"texture":"#all","rotation":90},"south":{"uv":[10,9,8,10],"texture":"#all","rotation":180},"west":{"uv":[8,7,9,10],"texture":"#all","rotation":270},"up":{"uv":[8,7,10,10],"texture":"#all"}}},{"from":[10,8,8],"to":[12,8.5,9],"faces":{"north":{"uv":[12,8,10,9],"texture":"#all"},"east":{"uv":[11,8,12,9],"texture":"#all","rotation":90},"south":{"uv":[12,8,10,9],"texture":"#all","rotation":180},"up":{"uv":[10,8,12,9],"texture":"#all"}}},{"from":[8,8,7],"to":[11,8.5,8],"faces":{"north":{"uv":[11,7,8,8],"texture":"#all"},"east":{"uv":[10,7,11,8],"texture":"#all","rotation":90},"up":{"uv":[8,7,11,8],"texture":"#all"}}},{"from":[14,8,10],"to":[16,8.5,14],"faces":{"north":{"uv":[16,10,14,11],"texture":"#all"},"east":{"uv":[15,10,16,14],"texture":"#all","rotation":90},"south":{"uv":[16,13,14,14],"texture":"#all","rotation":180},"west":{"uv":[14,10,15,14],"texture":"#all","rotation":270},"up":{"uv":[14,10,16,14],"texture":"#all"}}},{"from":[12,8,11],"to":[16,8.5,13],"faces":{"north":{"uv":[16,11,12,12],"texture":"#all"},"south":{"uv":[16,12,12,13],"texture":"#all","rotation":180},"west":{"uv":[12,11,13,13],"texture":"#all","rotation":270},"up":{"uv":[12,11,16,13],"texture":"#all"}}},{"from":[13,8,9],"to":[15,8.5,11],"faces":{"north":{"uv":[15,9,13,10],"texture":"#all"},"east":{"uv":[14,9,15,11],"texture":"#all","rotation":90},"west":{"uv":[13,9,14,11],"texture":"#all","rotation":270},"up":{"uv":[13,9,15,11],"texture":"#all"}}},{"from":[15,8,5],"to":[16,8.5,8],"faces":{"east":{"uv":[15,5,16,8],"texture":"#all","rotation":90},"south":{"uv":[16,7,15,8],"texture":"#all","rotation":180},"west":{"uv":[15,5,16,8],"texture":"#all","rotation":270},"up":{"uv":[15,5,16,8],"texture":"#all"}}},{"from":[13,8,3],"to":[14,8.5,8],"faces":{"east":{"uv":[13,3,14,8],"texture":"#all","rotation":90},"south":{"uv":[14,7,13,8],"texture":"#all","rotation":180},"west":{"uv":[13,3,14,8],"texture":"#all","rotation":270},"up":{"uv":[13,3,14,8],"texture":"#all"}}},{"from":[11,8,3],"to":[14,8.5,7],"faces":{"north":{"uv":[14,3,11,4],"texture":"#all"},"south":{"uv":[14,6,11,7],"texture":"#all","rotation":180},"west":{"uv":[11,3,12,7],"texture":"#all","rotation":270},"up":{"uv":[11,3,14,7],"texture":"#all"}}},{"from":[10,8,4],"to":[15,8.5,5],"faces":{"north":{"uv":[15,4,10,5],"texture":"#all"},"east":{"uv":[14,4,15,5],"texture":"#all","rotation":90},"south":{"uv":[15,4,10,5],"texture":"#all","rotation":180},"west":{"uv":[10,4,11,5],"texture":"#all","rotation":270},"up":{"uv":[10,4,15,5],"texture":"#all"}}},{"from":[9,8,5],"to":[11,8.5,6],"faces":{"south":{"uv":[11,5,9,6],"texture":"#all","rotation":180},"west":{"uv":[9,5,10,6],"texture":"#all","rotation":270},"up":{"uv":[9,5,11,6],"texture":"#all"}}},{"from":[4,8,4],"to":[6,8.5,8],"faces":{"north":{"uv":[6,4,4,5],"texture":"#all"},"east":{"uv":[5,4,6,8],"texture":"#all","rotation":90},"west":{"uv":[4,4,5,8],"texture":"#all","rotation":270},"up":{"uv":[4,4,6,8],"texture":"#all"}}},{"from":[4,8,6],"to":[7,8.5,8],"faces":{"north":{"uv":[7,6,4,7],"texture":"#all"},"east":{"uv":[6,6,7,8],"texture":"#all","rotation":90},"south":{"uv":[7,7,4,8],"texture":"#all","rotation":180},"up":{"uv":[4,6,7,8],"texture":"#all"}}},{"from":[3,8,6],"to":[4,8.5,7],"faces":{"south":{"uv":[4,6,3,7],"texture":"#all","rotation":180},"west":{"uv":[3,6,4,7],"texture":"#all","rotation":270},"up":{"uv":[3,6,4,7],"texture":"#all"}}},{"from":[2,8,5],"to":[4,8.5,6],"faces":{"north":{"uv":[4,5,2,6],"texture":"#all"},"south":{"uv":[4,5,2,6],"texture":"#all","rotation":180},"west":{"uv":[2,5,3,6],"texture":"#all","rotation":270},"up":{"uv":[2,5,4,6],"texture":"#all"}}},{"from":[0,8,6],"to":[2,8.5,8],"faces":{"north":{"uv":[2,6,0,7],"texture":"#all"},"east":{"uv":[1,6,2,8],"texture":"#all","rotation":90},"south":{"uv":[2,7,0,8],"texture":"#all","rotation":180},"up":{"uv":[0,6,2,8],"texture":"#all"}}},{"from":[0,8,5],"to":[1,8.5,8],"faces":{"north":{"uv":[1,5,0,6],"texture":"#all"},"east":{"uv":[0,5,1,8],"texture":"#all","rotation":90},"west":{"uv":[0,5,1,8],"texture":"#all","rotation":270},"up":{"uv":[0,5,1,8],"texture":"#all"}}},{"from":[1,8,1],"to":[5,8.5,3],"faces":{"north":{"uv":[5,1,1,2],"texture":"#all"},"east":{"uv":[4,1,5,3],"texture":"#all","rotation":90},"south":{"uv":[5,2,1,3],"texture":"#all","rotation":180},"west":{"uv":[1,1,2,3],"texture":"#all","rotation":270},"up":{"uv":[1,1,5,3],"texture":"#all"}}},{"from":[2,8,0],"to":[3,8.5,4],"faces":{"east":{"uv":[2,0,3,4],"texture":"#all","rotation":90},"south":{"uv":[3,3,2,4],"texture":"#all","rotation":180},"west":{"uv":[2,0,3,4],"texture":"#all","rotation":270},"up":{"uv":[2,0,3,4],"texture":"#all"}}},{"from":[2,8,0],"to":[4,8.5,1],"faces":{"north":{"uv":[4,0,2,1],"texture":"#all"},"east":{"uv":[3,0,4,1],"texture":"#all","rotation":90},"up":{"uv":[2,0,4,1],"texture":"#all"}}},{"from":[7,8,0],"to":[11,8.5,2],"faces":{"north":{"uv":[11,0,7,1],"texture":"#all"},"east":{"uv":[10,0,11,2],"texture":"#all","rotation":90},"south":{"uv":[11,1,7,2],"texture":"#all","rotation":180},"up":{"uv":[7,0,11,2],"texture":"#all"}}},{"from":[6,8,1],"to":[9,8.5,4],"faces":{"north":{"uv":[9,1,6,2],"texture":"#all"},"east":{"uv":[8,1,9,4],"texture":"#all","rotation":90},"south":{"uv":[9,3,6,4],"texture":"#all","rotation":180},"west":{"uv":[6,1,7,4],"texture":"#all","rotation":270},"up":{"uv":[6,1,9,4],"texture":"#all"}}},{"from":[7,8,0],"to":[8,8.5,5],"faces":{"east":{"uv":[7,0,8,5],"texture":"#all","rotation":90},"south":{"uv":[8,4,7,5],"texture":"#all","rotation":180},"west":{"uv":[7,0,8,5],"texture":"#all","rotation":270},"up":{"uv":[7,0,8,5],"texture":"#all"}}},{"from":[9,8,2],"to":[10,8.5,3],"faces":{"east":{"uv":[9,2,10,3],"texture":"#all","rotation":90},"south":{"uv":[10,2,9,3],"texture":"#all","rotation":180},"up":{"uv":[9,2,10,3],"texture":"#all"}}},{"from":[14,8,0],"to":[16,8.5,3],"faces":{"east":{"uv":[15,0,16,3],"texture":"#all","rotation":90},"south":{"uv":[16,2,14,3],"texture":"#all","rotation":180},"west":{"uv":[14,0,15,3],"texture":"#all","rotation":270},"up":{"uv":[14,0,16,3],"texture":"#all"}}},{"from":[13,8,1],"to":[16,8.5,2],"faces":{"south":{"uv":[16,1,13,2],"texture":"#all","rotation":180},"west":{"uv":[13,1,14,2],"texture":"#all","rotation":270},"up":{"uv":[13,1,16,2],"texture":"#all"}}},{"from":[12,8,0],"to":[16,8.5,1],"faces":{"north":{"uv":[16,0,12,1],"texture":"#all"},"south":{"uv":[16,0,12,1],"texture":"#all","rotation":180},"west":{"uv":[12,0,13,1],"texture":"#all","rotation":270},"up":{"uv":[12,0,16,1],"texture":"#all"}}},{"from":[9,8,5],"to":[16,8.5,5],"rotation":{"origin":[0,10,-0.5],"axis":"y","angle":0.0},"faces":{"north":{"uv":[16,5,9,6],"texture":"#all"}}},{"from":[11,-0.4921875,0.0078125],"to":[15.9921875,0,1],"faces":{"north":{"uv":[16,15,11,16],"texture":"#all","cullface":"down"},"east":{"uv":[15,15,16,16],"texture":"#all","cullface":"down","rotation":270},"south":{"uv":[16,15,11,16],"texture":"#all","cullface":"down","rotation":180},"west":{"uv":[11,15,12,16],"texture":"#all","cullface":"down","rotation":90},"down":{"uv":[11,15,16,16],"texture":"#all","cullface":"down"}}},{"from":[12,-0.4921875,1],"to":[14,0,2],"faces":{"east":{"uv":[13,14,14,15],"texture":"#all","cullface":"down","rotation":270},"south":{"uv":[14,14,12,15],"texture":"#all","cullface":"down","rotation":180},"west":{"uv":[12,14,13,15],"texture":"#all","cullface":"down","rotation":90},"down":{"uv":[12,14,14,15],"texture":"#all","cullface":"down"}}},{"from":[8,-0.4921875,0.0078125],"to":[9,0,1],"faces":{"north":{"uv":[9,15,8,16],"texture":"#all","cullface":"down"},"east":{"uv":[8,15,9,16],"texture":"#all","cullface":"down","rotation":270},"west":{"uv":[8,15,9,16],"texture":"#all","cullface":"down","rotation":90},"down":{"uv":[8,15,9,16],"texture":"#all","cullface":"down"}}},{"from":[7,-0.4921875,1],"to":[10,0,5],"faces":{"north":{"uv":[10,14,7,15],"texture":"#all","cullface":"down"},"east":{"uv":[9,11,10,15],"texture":"#all","cullface":"down","rotation":270},"west":{"uv":[7,11,8,15],"texture":"#all","cullface":"down","rotation":90},"down":{"uv":[7,11,10,15],"texture":"#all","cullface":"down"}}},{"from":[6,-0.4921875,2],"to":[11,0,4],"faces":{"north":{"uv":[11,13,6,14],"texture":"#all","cullface":"down"},"east":{"uv":[10,12,11,14],"texture":"#all","cullface":"down","rotation":270},"south":{"uv":[11,12,6,13],"texture":"#all","cullface":"down","rotation":180},"down":{"uv":[6,12,11,14],"texture":"#all","cullface":"down"}}},{"from":[6,-0.4921875,2],"to":[10,0,5],"faces":{"south":{"uv":[10,11,6,12],"texture":"#all","cullface":"down","rotation":180},"west":{"uv":[6,11,7,14],"texture":"#all","cullface":"down","rotation":90},"down":{"uv":[6,11,10,14],"texture":"#all","cullface":"down"}}},{"from":[0.0078125,-0.4921875,0.0078125],"to":[6,0,2],"faces":{"north":{"uv":[6,15,0,16],"texture":"#all","cullface":"down"},"east":{"uv":[5,14,6,16],"texture":"#all","cullface":"down","rotation":270},"south":{"uv":[6,14,0,15],"texture":"#all","cullface":"down","rotation":180},"west":{"uv":[0,14,1,16],"texture":"#all","cullface":"down","rotation":90},"down":{"uv":[0,14,6,16],"texture":"#all","cullface":"down"}}},{"from":[1,-0.4921875,2],"to":[5,0,3],"faces":{"east":{"uv":[4,13,5,14],"texture":"#all","cullface":"down","rotation":270},"south":{"uv":[5,13,1,14],"texture":"#all","cullface":"down","rotation":180},"west":{"uv":[1,13,2,14],"texture":"#all","cullface":"down","rotation":90},"down":{"uv":[1,13,5,14],"texture":"#all","cullface":"down"}}},{"from":[2,-0.4921875,3],"to":[4,0,4],"faces":{"east":{"uv":[3,12,4,13],"texture":"#all","cullface":"down","rotation":270},"south":{"uv":[4,12,2,13],"texture":"#all","cullface":"down","rotation":180},"west":{"uv":[2,12,3,13],"texture":"#all","cullface":"down","rotation":90},"down":{"uv":[2,12,4,13],"texture":"#all","cullface":"down"}}},{"from":[2,-0.4921875,5],"to":[3,0,6],"faces":{"north":{"uv":[3,10,2,11],"texture":"#all","cullface":"down"},"east":{"uv":[2,10,3,11],"texture":"#all","cullface":"down","rotation":270},"down":{"uv":[2,10,3,11],"texture":"#all","cullface":"down"}}},{"from":[1,-0.4921875,6],"to":[4,0,7],"faces":{"north":{"uv":[4,9,1,10],"texture":"#all","cullface":"down"},"south":{"uv":[4,9,1,10],"texture":"#all","cullface":"down","rotation":180},"west":{"uv":[1,9,2,10],"texture":"#all","cullface":"down","rotation":90},"down":{"uv":[1,9,4,10],"texture":"#all","cullface":"down"}}},{"from":[2,-0.4921875,6],"to":[4,0,8],"faces":{"east":{"uv":[3,8,4,10],"texture":"#all","cullface":"down","rotation":270},"down":{"uv":[2,8,4,10],"texture":"#all","cullface":"down"}}},{"from":[5,-0.4921875,6],"to":[10,0,7],"faces":{"north":{"uv":[10,9,5,10],"texture":"#all","cullface":"down"},"east":{"uv":[9,9,10,10],"texture":"#all","cullface":"down","rotation":270},"south":{"uv":[10,9,5,10],"texture":"#all","cullface":"down","rotation":180},"west":{"uv":[5,9,6,10],"texture":"#all","cullface":"down","rotation":90},"down":{"uv":[5,9,10,10],"texture":"#all","cullface":"down"}}},{"from":[7,-0.4921875,7],"to":[12,0,8],"faces":{"north":{"uv":[12,8,7,9],"texture":"#all","cullface":"down"},"east":{"uv":[11,8,12,9],"texture":"#all","cullface":"down","rotation":270},"west":{"uv":[7,8,8,9],"texture":"#all","cullface":"down","rotation":90},"down":{"uv":[7,8,12,9],"texture":"#all","cullface":"down"}}},{"from":[8,-0.4921875,8],"to":[11,0,9],"faces":{"east":{"uv":[10,7,11,8],"texture":"#all","cullface":"down","rotation":270},"south":{"uv":[11,7,8,8],"texture":"#all","cullface":"down","rotation":180},"west":{"uv":[8,7,9,8],"texture":"#all","cullface":"down","rotation":90},"down":{"uv":[8,7,11,8],"texture":"#all","cullface":"down"}}},{"from":[14,-0.4921875,2],"to":[15.9921875,0,6],"faces":{"north":{"uv":[16,13,14,14],"texture":"#all","cullface":"down"},"east":{"uv":[15,10,16,14],"texture":"#all","cullface":"down","rotation":270},"south":{"uv":[16,10,14,11],"texture":"#all","cullface":"down","rotation":180},"west":{"uv":[14,10,15,14],"texture":"#all","cullface":"down","rotation":90},"down":{"uv":[14,10,16,14],"texture":"#all","cullface":"down"}}},{"from":[12,-0.4921875,3],"to":[15.9921875,0,5],"faces":{"north":{"uv":[16,12,12,13],"texture":"#all","cullface":"down"},"south":{"uv":[16,11,12,12],"texture":"#all","cullface":"down","rotation":180},"west":{"uv":[12,11,13,13],"texture":"#all","cullface":"down","rotation":90},"down":{"uv":[12,11,16,13],"texture":"#all","cullface":"down"}}},{"from":[13,-0.4921875,5],"to":[15,0,7],"faces":{"east":{"uv":[14,9,15,11],"texture":"#all","cullface":"down","rotation":270},"south":{"uv":[15,9,13,10],"texture":"#all","cullface":"down","rotation":180},"west":{"uv":[13,9,14,11],"texture":"#all","cullface":"down","rotation":90},"down":{"uv":[13,9,15,11],"texture":"#all","cullface":"down"}}},{"from":[15,-0.4921875,8],"to":[15.9921875,0,11],"faces":{"north":{"uv":[16,7,15,8],"texture":"#all","cullface":"down"},"east":{"uv":[15,5,16,8],"texture":"#all","cullface":"down","rotation":270},"west":{"uv":[15,5,16,8],"texture":"#all","cullface":"down","rotation":90},"down":{"uv":[15,5,16,8],"texture":"#all","cullface":"down"}}},{"from":[13,-0.4921875,8],"to":[14,0,13],"faces":{"north":{"uv":[14,7,13,8],"texture":"#all","cullface":"down"},"east":{"uv":[13,3,14,8],"texture":"#all","cullface":"down","rotation":270},"west":{"uv":[13,3,14,8],"texture":"#all","cullface":"down","rotation":90},"down":{"uv":[13,3,14,8],"texture":"#all","cullface":"down"}}},{"from":[11,-0.4921875,9],"to":[14,0,13],"faces":{"north":{"uv":[14,6,11,7],"texture":"#all","cullface":"down"},"south":{"uv":[14,3,11,4],"texture":"#all","cullface":"down","rotation":180},"west":{"uv":[11,3,12,7],"texture":"#all","cullface":"down","rotation":90},"down":{"uv":[11,3,14,7],"texture":"#all","cullface":"down"}}},{"from":[10,-0.4921875,11],"to":[15,0,12],"faces":{"north":{"uv":[15,4,10,5],"texture":"#all","cullface":"down"},"east":{"uv":[14,4,15,5],"texture":"#all","cullface":"down","rotation":270},"south":{"uv":[15,4,10,5],"texture":"#all","cullface":"down","rotation":180},"west":{"uv":[10,4,11,5],"texture":"#all","cullface":"down","rotation":90},"down":{"uv":[10,4,15,5],"texture":"#all","cullface":"down"}}},{"from":[9,-0.4921875,10],"to":[11,0,11],"faces":{"north":{"uv":[11,5,9,6],"texture":"#all","cullface":"down"},"west":{"uv":[9,5,10,6],"texture":"#all","cullface":"down","rotation":90},"down":{"uv":[9,5,11,6],"texture":"#all","cullface":"down"}}},{"from":[4,-0.4921875,8],"to":[6,0,12],"faces":{"east":{"uv":[5,4,6,8],"texture":"#all","cullface":"down","rotation":270},"south":{"uv":[6,4,4,5],"texture":"#all","cullface":"down","rotation":180},"west":{"uv":[4,4,5,8],"texture":"#all","cullface":"down","rotation":90},"down":{"uv":[4,4,6,8],"texture":"#all","cullface":"down"}}},{"from":[4,-0.4921875,8],"to":[7,0,10],"faces":{"north":{"uv":[7,7,4,8],"texture":"#all","cullface":"down"},"east":{"uv":[6,6,7,8],"texture":"#all","cullface":"down","rotation":270},"south":{"uv":[7,6,4,7],"texture":"#all","cullface":"down","rotation":180},"down":{"uv":[4,6,7,8],"texture":"#all","cullface":"down"}}},{"from":[3,-0.4921875,9],"to":[4,0,10],"faces":{"north":{"uv":[4,6,3,7],"texture":"#all","cullface":"down"},"west":{"uv":[3,6,4,7],"texture":"#all","cullface":"down","rotation":90},"down":{"uv":[3,6,4,7],"texture":"#all","cullface":"down"}}},{"from":[2,-0.4921875,10],"to":[4,0,11],"faces":{"north":{"uv":[4,5,2,6],"texture":"#all","cullface":"down"},"south":{"uv":[4,5,2,6],"texture":"#all","cullface":"down","rotation":180},"down":{"uv":[2,5,4,6],"texture":"#all","cullface":"down"}}},{"from":[0.0078125,-0.4921875,8],"to":[2,0,10],"faces":{"north":{"uv":[2,7,0,8],"texture":"#all","cullface":"down"},"east":{"uv":[1,6,2,8],"texture":"#all","cullface":"down","rotation":270},"south":{"uv":[2,6,0,7],"texture":"#all","cullface":"down","rotation":180},"down":{"uv":[0,6,2,8],"texture":"#all","cullface":"down"}}},{"from":[0.0078125,-0.4921875,8],"to":[1,0,11],"faces":{"east":{"uv":[0,5,1,8],"texture":"#all","cullface":"down","rotation":270},"south":{"uv":[1,5,0,6],"texture":"#all","cullface":"down","rotation":180},"west":{"uv":[0,5,1,8],"texture":"#all","cullface":"down","rotation":90},"down":{"uv":[0,5,1,8],"texture":"#all","cullface":"down"}}},{"from":[1,-0.4921875,13],"to":[5,0,15],"faces":{"north":{"uv":[5,2,1,3],"texture":"#all","cullface":"down"},"east":{"uv":[4,1,5,3],"texture":"#all","cullface":"down","rotation":270},"south":{"uv":[5,1,1,2],"texture":"#all","cullface":"down","rotation":180},"west":{"uv":[1,1,2,3],"texture":"#all","cullface":"down","rotation":90},"down":{"uv":[1,1,5,3],"texture":"#all","cullface":"down"}}},{"from":[2,-0.4921875,12],"to":[3,0,15.9921875],"faces":{"north":{"uv":[3,3,2,4],"texture":"#all","cullface":"down"},"east":{"uv":[2,0,3,4],"texture":"#all","cullface":"down","rotation":270},"west":{"uv":[2,0,3,4],"texture":"#all","cullface":"down","rotation":90},"down":{"uv":[2,0,3,4],"texture":"#all","cullface":"down"}}},{"from":[2,-0.4921875,15],"to":[4,0,15.9921875],"faces":{"east":{"uv":[3,0,4,1],"texture":"#all","cullface":"down","rotation":270},"south":{"uv":[4,0,2,1],"texture":"#all","cullface":"down","rotation":180},"down":{"uv":[2,0,4,1],"texture":"#all","cullface":"down"}}},{"from":[7,-0.4921875,14],"to":[11,0,15.9921875],"faces":{"north":{"uv":[11,1,7,2],"texture":"#all","cullface":"down"},"east":{"uv":[10,0,11,2],"texture":"#all","cullface":"down","rotation":270},"south":{"uv":[11,0,7,1],"texture":"#all","cullface":"down","rotation":180},"down":{"uv":[7,0,11,2],"texture":"#all","cullface":"down"}}},{"from":[6,-0.4921875,12],"to":[9,0,15],"faces":{"north":{"uv":[9,3,6,4],"texture":"#all","cullface":"down"},"east":{"uv":[8,1,9,4],"texture":"#all","cullface":"down","rotation":270},"south":{"uv":[9,1,6,2],"texture":"#all","cullface":"down","rotation":180},"west":{"uv":[6,1,7,4],"texture":"#all","cullface":"down","rotation":90},"down":{"uv":[6,1,9,4],"texture":"#all","cullface":"down"}}},{"from":[7,-0.4921875,11],"to":[8,0,15.9921875],"faces":{"north":{"uv":[8,4,7,5],"texture":"#all","cullface":"down"},"east":{"uv":[7,0,8,5],"texture":"#all","cullface":"down","rotation":270},"west":{"uv":[7,0,8,5],"texture":"#all","cullface":"down","rotation":90},"down":{"uv":[7,0,8,5],"texture":"#all","cullface":"down"}}},{"from":[9,-0.4921875,13],"to":[10,0,14],"faces":{"north":{"uv":[10,2,9,3],"texture":"#all","cullface":"down"},"east":{"uv":[9,2,10,3],"texture":"#all","cullface":"down","rotation":270},"down":{"uv":[9,2,10,3],"texture":"#all","cullface":"down"}}},{"from":[14,-0.4921875,13],"to":[15.9921875,0,15.9921875],"faces":{"north":{"uv":[16,2,14,3],"texture":"#all","cullface":"down"},"east":{"uv":[15,0,16,3],"texture":"#all","cullface":"down","rotation":270},"west":{"uv":[14,0,15,3],"texture":"#all","cullface":"down","rotation":90},"down":{"uv":[14,0,16,3],"texture":"#all","cullface":"down"}}},{"from":[13,-0.4921875,14],"to":[15.9921875,0,15],"faces":{"north":{"uv":[16,1,13,2],"texture":"#all","cullface":"down"},"west":{"uv":[13,1,14,2],"texture":"#all","cullface":"down","rotation":90},"down":{"uv":[13,1,16,2],"texture":"#all","cullface":"down"}}},{"from":[12,-0.4921875,15],"to":[15.9921875,0,15.9921875],"faces":{"north":{"uv":[16,0,12,1],"texture":"#all","cullface":"down"},"south":{"uv":[16,0,12,1],"texture":"#all","cullface":"down","rotation":180},"west":{"uv":[12,0,13,1],"texture":"#all","cullface":"down","rotation":90},"down":{"uv":[12,0,16,1],"texture":"#all","cullface":"down"}}},{"from":[9,-0.4921875,11],"to":[15.9921875,0,11],"rotation":{"origin":[0,10,-0.5],"axis":"y","angle":0.0},"faces":{"south":{"uv":[16,5,9,6],"texture":"#all","cullface":"down","rotation":180}}},{"from":[2,-0.4921875,5],"to":[2,0,11],"rotation":{"origin":[13,5,-0.5],"axis":"y","angle":0.0},"faces":{"west":{"uv":[2,5,3,11],"texture":"#all","cullface":"down","rotation":90}}},{"from":[2,-0.4921875,8],"to":[12,0,8],"rotation":{"origin":[4,7,-0.5],"axis":"y","angle":0.0},"faces":{"south":{"uv":[12,8,2,9],"texture":"#all","cullface":"down","rotation":180}}}]}