{"parent":"block/template_command_block","display":{"thirdperson_righthand":{"rotation":[75,45,0],"translation":[0,2.5,0],"scale":[0.375,0.375,0.375]},"thirdperson_lefthand":{"rotation":[75,45,0],"translation":[0,2.5,0],"scale":[0.375,0.375,0.375]},"firstperson_righthand":{"rotation":[0,45,0],"scale":[0.4,0.4,0.4]},"firstperson_lefthand":{"rotation":[0,225,0],"scale":[0.4,0.4,0.4]},"gui":{"rotation":[30,225,0],"scale":[0.625,0.625,0.625]},"ground":{"translation":[0,3,0],"scale":[0.25,0.25,0.25]},"fixed":{"scale":[0.5,0.5,0.5]}},"elements":[{"from":[0,0,0],"to":[16,16,16],"faces":{"north":{"uv":[0,16,16,0],"texture":"#front","cullface":"north","rotation":90},"east":{"uv":[0,0,16,16],"texture":"#side","cullface":"east","rotation":90},"south":{"uv":[0,0,16,16],"texture":"#back","cullface":"south","rotation":90},"west":{"uv":[0,0,16,16],"texture":"#side","cullface":"west","rotation":270},"up":{"uv":[0,0,16,16],"texture":"#side","cullface":"up"},"down":{"uv":[0,0,16,16],"texture":"#side","cullface":"down","rotation":180}}},{"from":[6,3,-0.4921875],"to":[9,4,0],"rotation":{"origin":[14,11,7.75],"axis":"y","angle":0.0},"faces":{"north":{"uv":[7,12,10,13],"texture":"#front","cullface":"north"},"east":{"uv":[7,12,8,13],"texture":"#front","cullface":"north"},"west":{"uv":[9,12,10,13],"texture":"#front","cullface":"north"},"down":{"uv":[7,12,10,13],"texture":"#front","cullface":"north","rotation":180}}},{"from":[6,11,-0.4921875],"to":[9,12,0],"rotation":{"origin":[14,19,7.75],"axis":"y","angle":0.0},"faces":{"north":{"uv":[7,4,10,5],"texture":"#front","cullface":"north"},"east":{"uv":[7,4,8,5],"texture":"#front","cullface":"north"},"west":{"uv":[9,4,10,5],"texture":"#front","cullface":"north"},"up":{"uv":[7,4,10,5],"texture":"#front","cullface":"north","rotation":180}}},{"from":[5,4,-0.4921875],"to":[10,5,0],"rotation":{"origin":[14,12,7.75],"axis":"y","angle":0.0},"faces":{"north":{"uv":[6,11,11,12],"texture":"#front","cullface":"north"},"east":{"uv":[6,11,7,12],"texture":"#front","cullface":"north"},"west":{"uv":[10,11,11,12],"texture":"#front","cullface":"north"},"down":{"uv":[6,11,11,12],"texture":"#front","cullface":"north","rotation":180}}},{"from":[5,10,-0.4921875],"to":[10,11,0],"rotation":{"origin":[14,18,7.75],"axis":"y","angle":0.0},"faces":{"north":{"uv":[6,5,11,6],"texture":"#front","cullface":"north"},"east":{"uv":[6,5,7,6],"texture":"#front","cullface":"north"},"west":{"uv":[10,5,11,6],"texture":"#front","cullface":"north"},"up":{"uv":[6,5,11,6],"texture":"#front","cullface":"north","rotation":180}}},{"from":[4,5,-0.4921875],"to":[11,6,0],"rotation":{"origin":[14,13,7.75],"axis":"y","angle":0.0},"faces":{"north":{"uv":[5,10,12,11],"texture":"#front","cullface":"north"},"east":{"uv":[5,10,6,11],"texture":"#front","cullface":"north"},"west":{"uv":[11,10,12,11],"texture":"#front","cullface":"north"},"down":{"uv":[5,10,12,11],"texture":"#front","cullface":"north","rotation":180}}},{"from":[4,9,-0.4921875],"to":[11,10,0],"rotation":{"origin":[14,17,7.75],"axis":"y","angle":0.0},"faces":{"north":{"uv":[5,6,12,7],"texture":"#front","cullface":"north"},"east":{"uv":[5,6,6,7],"texture":"#front","cullface":"north"},"west":{"uv":[11,6,12,7],"texture":"#front","cullface":"north"},"up":{"uv":[5,6,12,7],"texture":"#front","cullface":"north","rotation":180}}},{"from":[3,6,-0.4921875],"to":[12,9,0],"rotation":{"origin":[14,14,7.75],"axis":"y","angle":0.0},"faces":{"north":{"uv":[4,7,13,10],"texture":"#front","cullface":"north"},"east":{"uv":[4,7,5,10],"texture":"#front","cullface":"north"},"west":{"uv":[12,7,13,10],"texture":"#front","cullface":"north"},"up":{"uv":[4,7,13,8],"texture":"#front","cullface":"north","rotation":180},"down":{"uv":[4,9,13,10],"texture":"#front","cullface":"north","rotation":180}}},{"from":[16,3,7],"to":[16.492188,12,11],"faces":{"north":{"uv":[4,7,13,8],"texture":"#side","cullface":"east","rotation":90},"east":{"uv":[4,7,13,11],"texture":"#side","cullface":"east","rotation":90},"south":{"uv":[4,10,13,11],"texture":"#side","cullface":"east","rotation":90},"up":{"uv":[4,7,5,11],"texture":"#side","cullface":"east"},"down":{"uv":[12,7,13,11],"texture":"#side","cullface":"east","rotation":180}}},{"from":[16,4,6],"to":[16.492188,11,7],"faces":{"north":{"uv":[5,6,12,7],"texture":"#side","cullface":"east","rotation":90},"east":{"uv":[5,6,12,7],"texture":"#side","cullface":"east","rotation":90},"up":{"uv":[5,6,6,7],"texture":"#side","cullface":"east"},"down":{"uv":[12,7,13,8],"texture":"#side","cullface":"east","rotation":180}}},{"from":[16,5,5],"to":[16.492188,10,6],"faces":{"north":{"uv":[6,5,11,6],"texture":"#side","cullface":"east","rotation":90},"east":{"uv":[6,5,11,6],"texture":"#side","cullface":"east","rotation":90},"up":{"uv":[6,5,7,6],"texture":"#side","cullface":"east"},"down":{"uv":[10,5,11,6],"texture":"#side","cullface":"east","rotation":180}}},{"from":[16,6,4],"to":[16.492188,9,5],"faces":{"north":{"uv":[7,4,10,5],"texture":"#side","cullface":"east","rotation":90},"east":{"uv":[7,4,10,5],"texture":"#side","cullface":"east","rotation":90},"up":{"uv":[7,4,8,5],"texture":"#side","cullface":"east"},"down":{"uv":[9,4,10,5],"texture":"#side","cullface":"east","rotation":180}}},{"from":[16,7,3],"to":[16.492188,8,4],"faces":{"north":{"uv":[8,3,9,4],"texture":"#side","cullface":"east","rotation":90},"east":{"uv":[8,3,9,4],"texture":"#side","cullface":"east","rotation":90},"up":{"uv":[8,3,9,4],"texture":"#side","cullface":"east"},"down":{"uv":[8,3,9,4],"texture":"#side","cullface":"east","rotation":180}}},{"from":[16,9,11],"to":[16.492188,12,12],"faces":{"east":{"uv":[4,11,7,12],"texture":"#side","cullface":"east","rotation":90},"south":{"uv":[4,11,7,12],"texture":"#side","cullface":"east","rotation":90},"up":{"uv":[4,11,5,12],"texture":"#side","cullface":"east"},"down":{"uv":[6,11,7,12],"texture":"#side","cullface":"east","rotation":180}}},{"from":[16,3,11],"to":[16.492188,6,12],"faces":{"east":{"uv":[10,11,13,12],"texture":"#side","cullface":"east","rotation":90},"south":{"uv":[10,11,13,12],"texture":"#side","cullface":"east","rotation":90},"up":{"uv":[10,11,11,12],"texture":"#side","cullface":"east"},"down":{"uv":[12,11,13,12],"texture":"#side","cullface":"east","rotation":180}}},{"from":[16,3,12],"to":[16.492188,5,13],"faces":{"east":{"uv":[11,12,13,13],"texture":"#side","cullface":"east","rotation":90},"south":{"uv":[11,12,13,13],"texture":"#side","cullface":"east","rotation":90},"up":{"uv":[11,12,12,13],"texture":"#side","cullface":"east"},"down":{"uv":[12,12,13,13],"texture":"#side","cullface":"east","rotation":180}}},{"from":[16,10,12],"to":[16.492188,12,13],"faces":{"east":{"uv":[4,12,6,13],"texture":"#side","cullface":"east","rotation":90},"south":{"uv":[4,12,6,13],"texture":"#side","cullface":"east","rotation":90},"up":{"uv":[4,12,5,13],"texture":"#side","cullface":"east"},"down":{"uv":[5,12,6,13],"texture":"#side","cullface":"east","rotation":180}}},{"from":[3,3,16],"to":[12,12,16.492188],"rotation":{"origin":[8,8,7.75],"axis":"y","angle":0.0},"faces":{"east":{"uv":[12,4,13,13],"texture":"#back","cullface":"south"},"south":{"uv":[4,4,13,13],"texture":"#back","cullface":"south"},"west":{"uv":[4,4,5,13],"texture":"#back","cullface":"south"},"up":{"uv":[4,4,13,5],"texture":"#back","cullface":"south"},"down":{"uv":[4,12,13,13],"texture":"#back","cullface":"south"}}},{"from":[-0.4921875,4,7],"to":[0,13,11],"faces":{"north":{"uv":[4,7,13,8],"texture":"#side","cullface":"west","rotation":270},"south":{"uv":[4,10,13,11],"texture":"#side","cullface":"west","rotation":270},"west":{"uv":[4,7,13,11],"texture":"#side","cullface":"west","rotation":270},"up":{"uv":[12,7,13,11],"texture":"#side","cullface":"west"},"down":{"uv":[4,7,5,11],"texture":"#side","cullface":"west","rotation":180}}},{"from":[-0.4921875,5,6],"to":[0,12,7],"faces":{"north":{"uv":[5,6,12,7],"texture":"#side","cullface":"west","rotation":270},"west":{"uv":[5,6,12,7],"texture":"#side","cullface":"west","rotation":270},"up":{"uv":[12,7,13,8],"texture":"#side","cullface":"west"},"down":{"uv":[5,6,6,7],"texture":"#side","cullface":"west","rotation":180}}},{"from":[-0.4921875,6,5],"to":[0,11,6],"faces":{"north":{"uv":[6,5,11,6],"texture":"#side","cullface":"west","rotation":270},"west":{"uv":[6,5,11,6],"texture":"#side","cullface":"west","rotation":270},"up":{"uv":[10,5,11,6],"texture":"#side","cullface":"west"},"down":{"uv":[6,5,7,6],"texture":"#side","cullface":"west","rotation":180}}},{"from":[-0.4921875,7,4],"to":[0,10,5],"faces":{"north":{"uv":[7,4,10,5],"texture":"#side","cullface":"west","rotation":270},"west":{"uv":[7,4,10,5],"texture":"#side","cullface":"west","rotation":270},"up":{"uv":[9,4,10,5],"texture":"#side","cullface":"west"},"down":{"uv":[7,4,8,5],"texture":"#side","cullface":"west","rotation":180}}},{"from":[-0.4921875,8,3],"to":[0,9,4],"faces":{"north":{"uv":[8,3,9,4],"texture":"#side","cullface":"west","rotation":270},"west":{"uv":[8,3,9,4],"texture":"#side","cullface":"west","rotation":270},"up":{"uv":[8,3,9,4],"texture":"#side","cullface":"west"},"down":{"uv":[8,3,9,4],"texture":"#side","cullface":"west","rotation":180}}},{"from":[-0.4921875,4,11],"to":[0,7,12],"faces":{"south":{"uv":[4,11,7,12],"texture":"#side","cullface":"west","rotation":270},"west":{"uv":[4,11,7,12],"texture":"#side","cullface":"west","rotation":270},"up":{"uv":[6,11,7,12],"texture":"#side","cullface":"west"},"down":{"uv":[4,11,5,12],"texture":"#side","cullface":"west","rotation":180}}},{"from":[-0.4921875,10,11],"to":[0,13,12],"faces":{"south":{"uv":[10,11,13,12],"texture":"#side","cullface":"west","rotation":270},"west":{"uv":[10,11,13,12],"texture":"#side","cullface":"west","rotation":270},"up":{"uv":[12,11,13,12],"texture":"#side","cullface":"west"},"down":{"uv":[10,11,11,12],"texture":"#side","cullface":"west","rotation":180}}},{"from":[-0.4921875,11,12],"to":[0,13,13],"faces":{"south":{"uv":[11,12,13,13],"texture":"#side","cullface":"west","rotation":270},"west":{"uv":[11,12,13,13],"texture":"#side","cullface":"west","rotation":270},"up":{"uv":[12,12,13,13],"texture":"#side","cullface":"west"},"down":{"uv":[11,12,12,13],"texture":"#side","cullface":"west","rotation":180}}},{"from":[-0.4921875,4,12],"to":[0,6,13],"faces":{"south":{"uv":[4,12,6,13],"texture":"#side","cullface":"west","rotation":270},"west":{"uv":[4,12,6,13],"texture":"#side","cullface":"west","rotation":270},"up":{"uv":[5,12,6,13],"texture":"#side","cullface":"west"},"down":{"uv":[4,12,5,13],"texture":"#side","cullface":"west","rotation":180}}},{"from":[4,16,7],"to":[13,16.492188,11],"faces":{"north":{"uv":[4,7,13,8],"texture":"#side","cullface":"up","rotation":180},"east":{"uv":[12,7,13,11],"texture":"#side","cullface":"up","rotation":90},"south":{"uv":[4,10,13,11],"texture":"#side","cullface":"up"},"west":{"uv":[4,7,5,11],"texture":"#side","cullface":"up","rotation":270},"up":{"uv":[4,7,13,11],"texture":"#side","cullface":"up"}}},{"from":[5,16,6],"to":[12,16.492188,7],"faces":{"north":{"uv":[5,6,12,7],"texture":"#side","cullface":"up","rotation":180},"east":{"uv":[12,7,13,8],"texture":"#side","cullface":"up","rotation":90},"west":{"uv":[5,6,6,7],"texture":"#side","cullface":"up","rotation":270},"up":{"uv":[5,6,12,7],"texture":"#side","cullface":"up"}}},{"from":[6,16,5],"to":[11,16.492188,6],"faces":{"north":{"uv":[6,5,11,6],"texture":"#side","cullface":"up","rotation":180},"east":{"uv":[10,5,11,6],"texture":"#side","cullface":"up","rotation":90},"west":{"uv":[6,5,7,6],"texture":"#side","cullface":"up","rotation":270},"up":{"uv":[6,5,11,6],"texture":"#side","cullface":"up"}}},{"from":[7,16,4],"to":[10,16.492188,5],"faces":{"north":{"uv":[7,4,10,5],"texture":"#side","cullface":"up","rotation":180},"east":{"uv":[9,4,10,5],"texture":"#side","cullface":"up","rotation":90},"west":{"uv":[7,4,8,5],"texture":"#side","cullface":"up","rotation":270},"up":{"uv":[7,4,10,5],"texture":"#side","cullface":"up"}}},{"from":[8,16,3],"to":[9,16.492188,4],"faces":{"north":{"uv":[8,3,9,4],"texture":"#side","cullface":"up","rotation":180},"east":{"uv":[8,3,9,4],"texture":"#side","cullface":"up","rotation":90},"west":{"uv":[8,3,9,4],"texture":"#side","cullface":"up","rotation":270},"up":{"uv":[8,3,9,4],"texture":"#side","cullface":"up"}}},{"from":[4,16,11],"to":[7,16.492188,12],"faces":{"east":{"uv":[6,11,7,12],"texture":"#side","cullface":"up","rotation":90},"south":{"uv":[4,11,7,12],"texture":"#side","cullface":"up"},"west":{"uv":[4,11,5,12],"texture":"#side","cullface":"up","rotation":270},"up":{"uv":[4,11,7,12],"texture":"#side","cullface":"up"}}},{"from":[10,16,11],"to":[13,16.492188,12],"faces":{"east":{"uv":[12,11,13,12],"texture":"#side","cullface":"up","rotation":90},"south":{"uv":[10,11,13,12],"texture":"#side","cullface":"up"},"west":{"uv":[10,11,11,12],"texture":"#side","cullface":"up","rotation":270},"up":{"uv":[10,11,13,12],"texture":"#side","cullface":"up"}}},{"from":[11,16,12],"to":[13,16.492188,13],"faces":{"east":{"uv":[12,12,13,13],"texture":"#side","cullface":"up","rotation":90},"south":{"uv":[11,12,13,13],"texture":"#side","cullface":"up"},"west":{"uv":[11,12,12,13],"texture":"#side","cullface":"up","rotation":270},"up":{"uv":[11,12,13,13],"texture":"#side","cullface":"up"}}},{"from":[4,16,12],"to":[6,16.492188,13],"faces":{"east":{"uv":[5,12,6,13],"texture":"#side","cullface":"up","rotation":90},"south":{"uv":[4,12,6,13],"texture":"#side","cullface":"up"},"west":{"uv":[4,12,5,13],"texture":"#side","cullface":"up","rotation":270},"up":{"uv":[4,12,6,13],"texture":"#side","cullface":"up"}}},{"from":[3,-0.4921875,7],"to":[12,0,11],"faces":{"north":{"uv":[4,7,13,8],"texture":"#side","cullface":"down"},"east":{"uv":[4,7,5,11],"texture":"#side","cullface":"down","rotation":90},"south":{"uv":[4,10,13,11],"texture":"#side","cullface":"down","rotation":180},"west":{"uv":[12,7,13,11],"texture":"#side","cullface":"down","rotation":270},"down":{"uv":[4,7,13,11],"texture":"#side","cullface":"down","rotation":180}}},{"from":[4,-0.4921875,6],"to":[11,0,7],"faces":{"north":{"uv":[5,6,12,7],"texture":"#side","cullface":"down"},"east":{"uv":[5,6,6,7],"texture":"#side","cullface":"down","rotation":90},"west":{"uv":[12,7,13,8],"texture":"#side","cullface":"down","rotation":270},"down":{"uv":[5,6,12,7],"texture":"#side","cullface":"down","rotation":180}}},{"from":[5,-0.4921875,5],"to":[10,0,6],"faces":{"north":{"uv":[6,5,11,6],"texture":"#side","cullface":"down"},"east":{"uv":[6,5,7,6],"texture":"#side","cullface":"down","rotation":90},"west":{"uv":[10,5,11,6],"texture":"#side","cullface":"down","rotation":270},"down":{"uv":[6,5,11,6],"texture":"#side","cullface":"down","rotation":180}}},{"from":[6,-0.4921875,4],"to":[9,0,5],"faces":{"north":{"uv":[7,4,10,5],"texture":"#side","cullface":"down"},"east":{"uv":[7,4,8,5],"texture":"#side","cullface":"down","rotation":90},"west":{"uv":[9,4,10,5],"texture":"#side","cullface":"down","rotation":270},"down":{"uv":[7,4,10,5],"texture":"#side","cullface":"down","rotation":180}}},{"from":[7,-0.4921875,3],"to":[8,0,4],"faces":{"north":{"uv":[8,3,9,4],"texture":"#side","cullface":"down"},"east":{"uv":[8,3,9,4],"texture":"#side","cullface":"down","rotation":90},"west":{"uv":[8,3,9,4],"texture":"#side","cullface":"down","rotation":270},"down":{"uv":[8,3,9,4],"texture":"#side","cullface":"down","rotation":180}}},{"from":[9,-0.4921875,11],"to":[12,0,12],"faces":{"east":{"uv":[4,11,5,12],"texture":"#side","cullface":"down","rotation":90},"south":{"uv":[4,11,7,12],"texture":"#side","cullface":"down","rotation":180},"west":{"uv":[6,11,7,12],"texture":"#side","cullface":"down","rotation":270},"down":{"uv":[4,11,7,12],"texture":"#side","cullface":"down","rotation":180}}},{"from":[3,-0.4921875,11],"to":[6,0,12],"faces":{"east":{"uv":[10,11,11,12],"texture":"#side","cullface":"down","rotation":90},"south":{"uv":[10,11,13,12],"texture":"#side","cullface":"down","rotation":180},"west":{"uv":[12,11,13,12],"texture":"#side","cullface":"down","rotation":270},"down":{"uv":[10,11,13,12],"texture":"#side","cullface":"down","rotation":180}}},{"from":[3,-0.4921875,12],"to":[5,0,13],"faces":{"east":{"uv":[11,12,12,13],"texture":"#side","cullface":"down","rotation":90},"south":{"uv":[11,12,13,13],"texture":"#side","cullface":"down","rotation":180},"west":{"uv":[12,12,13,13],"texture":"#side","cullface":"down","rotation":270},"down":{"uv":[11,12,13,13],"texture":"#side","cullface":"down","rotation":180}}},{"from":[10,-0.4921875,12],"to":[12,0,13],"faces":{"east":{"uv":[4,12,5,13],"texture":"#side","cullface":"down","rotation":90},"south":{"uv":[4,12,6,13],"texture":"#side","cullface":"down","rotation":180},"west":{"uv":[5,12,6,13],"texture":"#side","cullface":"down","rotation":270},"down":{"uv":[4,12,6,13],"texture":"#side","cullface":"down","rotation":180}}}]}