{"parent":"block/door_top_right","elements":[{"from":[0,0,13],"to":[3,16,16],"faces":{"north":{"uv":[3,0,2,16],"texture":"#top"},"east":{"uv":[0,0,3,16],"texture":"#top"},"south":{"uv":[0,0,3,16],"texture":"#top","cullface":"south"},"west":{"uv":[3,0,0,16],"texture":"#top","cullface":"west"}}},{"from":[0,0,0],"to":[3,16,3],"faces":{"north":{"uv":[3,0,0,16],"texture":"#top","cullface":"north"},"east":{"uv":[13,0,16,16],"texture":"#top"},"south":{"uv":[14,0,13,16],"texture":"#top"},"west":{"uv":[16,0,13,16],"texture":"#top","cullface":"west"}}},{"from":[0,0,12],"to":[3,1,13],"faces":{"north":{"uv":[4,15,3,16],"texture":"#top"},"east":{"uv":[3,15,4,16],"texture":"#top"},"west":{"uv":[4,15,3,16],"texture":"#top","cullface":"west"}}},{"from":[0,6,6],"to":[3,10,10],"faces":{"north":{"uv":[10,6,9,10],"texture":"#top"},"east":{"uv":[6,6,10,10],"texture":"#top"},"south":{"uv":[7,6,6,10],"texture":"#top"},"west":{"uv":[10,6,6,10],"texture":"#top","cullface":"west"},"up":{"uv":[10,6,6,7],"texture":"#top","rotation":90},"down":{"uv":[10,9,6,10],"texture":"#top","rotation":270}}},{"from":[0,1,3],"to":[3,3,13],"faces":{"east":{"uv":[3,13,13,15],"texture":"#top"},"west":{"uv":[13,13,3,15],"texture":"#top","cullface":"west"},"up":{"uv":[13,13,3,14],"texture":"#top","rotation":90},"down":{"uv":[13,14,3,15],"texture":"#top","rotation":270}}},{"from":[0.5,0,3],"to":[2.5,1,12],"faces":{"east":{"uv":[4,15,13,16],"texture":"#top"},"west":{"uv":[13,15,4,16],"texture":"#top"}}},{"from":[0,3,3],"to":[3,5,5],"faces":{"east":{"uv":[11,11,13,13],"texture":"#top"},"south":{"uv":[12,11,11,13],"texture":"#top"},"west":{"uv":[13,11,11,13],"texture":"#top","cullface":"west"},"up":{"uv":[13,11,11,12],"texture":"#top","rotation":90}}},{"from":[0,4,4],"to":[3,6,6],"faces":{"north":{"uv":[12,10,11,12],"texture":"#top"},"east":{"uv":[10,10,12,12],"texture":"#top"},"south":{"uv":[11,10,10,12],"texture":"#top"},"west":{"uv":[12,10,10,12],"texture":"#top","cullface":"west"},"up":{"uv":[12,10,10,11],"texture":"#top","rotation":90},"down":{"uv":[12,11,10,12],"texture":"#top","rotation":270}}},{"from":[0,5,5],"to":[3,7,7],"faces":{"north":{"uv":[11,9,10,11],"texture":"#top"},"east":{"uv":[9,9,11,11],"texture":"#top"},"south":{"uv":[10,9,9,11],"texture":"#top"},"west":{"uv":[11,9,9,11],"texture":"#top","cullface":"west"},"up":{"uv":[11,9,9,10],"texture":"#top","rotation":90},"down":{"uv":[11,10,9,11],"texture":"#top","rotation":270}}},{"from":[0,5,9],"to":[3,7,11],"faces":{"north":{"uv":[7,9,6,11],"texture":"#top"},"east":{"uv":[5,9,7,11],"texture":"#top"},"south":{"uv":[6,9,5,11],"texture":"#top"},"west":{"uv":[7,9,5,11],"texture":"#top","cullface":"west"},"up":{"uv":[7,9,5,10],"texture":"#top","rotation":90},"down":{"uv":[7,10,5,11],"texture":"#top","rotation":270}}},{"from":[0,4,10],"to":[3,6,12],"faces":{"north":{"uv":[6,10,5,12],"texture":"#top"},"east":{"uv":[4,10,6,12],"texture":"#top"},"south":{"uv":[5,10,4,12],"texture":"#top"},"west":{"uv":[6,10,4,12],"texture":"#top","cullface":"west"},"up":{"uv":[6,10,4,11],"texture":"#top","rotation":90},"down":{"uv":[6,11,4,12],"texture":"#top","rotation":270}}},{"from":[0,3,11],"to":[3,5,13],"faces":{"north":{"uv":[5,11,4,13],"texture":"#top"},"east":{"uv":[3,11,5,13],"texture":"#top"},"west":{"uv":[5,11,3,13],"texture":"#top","cullface":"west"},"up":{"uv":[5,11,3,12],"texture":"#top","rotation":90}}},{"from":[0,9,5],"to":[3,11,7],"faces":{"north":{"uv":[11,5,10,7],"texture":"#top"},"east":{"uv":[9,5,11,7],"texture":"#top"},"south":{"uv":[10,5,9,7],"texture":"#top"},"west":{"uv":[11,5,9,7],"texture":"#top","cullface":"west"},"up":{"uv":[11,5,9,6],"texture":"#top","rotation":90},"down":{"uv":[11,6,9,7],"texture":"#top","rotation":270}}},{"from":[0,11,3],"to":[3,13,5],"faces":{"east":{"uv":[11,3,13,5],"texture":"#top"},"south":{"uv":[12,3,11,5],"texture":"#top"},"west":{"uv":[13,3,11,5],"texture":"#top","cullface":"west"},"down":{"uv":[13,4,11,5],"texture":"#top","rotation":270}}},{"from":[0,10,4],"to":[3,12,6],"faces":{"north":{"uv":[12,4,11,6],"texture":"#top"},"east":{"uv":[10,4,12,6],"texture":"#top"},"south":{"uv":[11,4,10,6],"texture":"#top"},"west":{"uv":[12,4,10,6],"texture":"#top","cullface":"west"},"up":{"uv":[12,4,10,5],"texture":"#top","rotation":90},"down":{"uv":[12,5,10,6],"texture":"#top","rotation":270}}},{"from":[0,11,11],"to":[3,13,13],"faces":{"north":{"uv":[5,3,4,5],"texture":"#top"},"east":{"uv":[3,3,5,5],"texture":"#top"},"west":{"uv":[5,3,3,5],"texture":"#top","cullface":"west"},"down":{"uv":[5,4,3,5],"texture":"#top","rotation":270}}},{"from":[0,13,0],"to":[3,16,16],"faces":{"east":{"uv":[0,0,16,3],"texture":"#top"},"west":{"uv":[16,0,0,3],"texture":"#top","cullface":"west"},"up":{"uv":[16,0,0,3],"texture":"#top","cullface":"up","rotation":270},"down":{"uv":[16,2,0,3],"texture":"#top","rotation":270}}},{"from":[0,10,10],"to":[3,12,12],"faces":{"north":{"uv":[6,4,5,6],"texture":"#top"},"east":{"uv":[4,4,6,6],"texture":"#top"},"south":{"uv":[5,4,4,6],"texture":"#top"},"west":{"uv":[6,4,4,6],"texture":"#top","cullface":"west"},"up":{"uv":[6,4,4,5],"texture":"#top","rotation":90},"down":{"uv":[6,5,4,6],"texture":"#top","rotation":270}}},{"from":[0,9,9],"to":[3,11,11],"faces":{"north":{"uv":[7,5,6,7],"texture":"#top"},"east":{"uv":[5,5,7,7],"texture":"#top"},"south":{"uv":[6,5,5,7],"texture":"#top"},"west":{"uv":[7,5,5,7],"texture":"#top","cullface":"west"},"up":{"uv":[7,5,5,6],"texture":"#top","rotation":90},"down":{"uv":[7,6,5,7],"texture":"#top","rotation":270}}},{"from":[-0.4921875,0.0078125,3],"to":[0.5,1,5],"faces":{"north":{"uv":[13,15,12,16],"texture":"#top"},"south":{"uv":[12,15,11,16],"texture":"#top"},"west":{"uv":[13,15,11,16],"texture":"#top","cullface":"west"},"up":{"uv":[13,15,11,16],"texture":"#top","rotation":90}}},{"from":[-0.4921875,0.0078125,15],"to":[0,1,15.9921875],"faces":{"north":{"uv":[1,15,0,16],"texture":"#top","cullface":"west"},"south":{"uv":[1,15,0,16],"texture":"#top","cullface":"west"},"west":{"uv":[1,15,0,16],"texture":"#top","cullface":"west"},"up":{"uv":[1,15,0,16],"texture":"#top","cullface":"west","rotation":90}}},{"from":[-0.4921875,10,15],"to":[0,12,15.9921875],"faces":{"north":{"uv":[1,4,0,6],"texture":"#top","cullface":"west"},"south":{"uv":[1,4,0,6],"texture":"#top","cullface":"west"},"west":{"uv":[1,4,0,6],"texture":"#top","cullface":"west"},"up":{"uv":[1,4,0,5],"texture":"#top","cullface":"west","rotation":90},"down":{"uv":[1,5,0,6],"texture":"#top","cullface":"west","rotation":270}}},{"from":[0.0078125,0.0078125,16],"to":[1,1,16.492188],"faces":{"east":{"uv":[0,15,1,16],"texture":"#top","cullface":"south"},"south":{"uv":[0,15,1,16],"texture":"#top","cullface":"south"},"west":{"uv":[0,15,1,16],"texture":"#top","cullface":"south"},"up":{"uv":[1,16,0,15],"texture":"#top","cullface":"south","rotation":180}}},{"from":[0.0078125,10,16],"to":[1,12,16.492188],"faces":{"east":{"uv":[0,4,1,6],"texture":"#top","cullface":"south"},"south":{"uv":[0,4,1,6],"texture":"#top","cullface":"south"},"west":{"uv":[0,4,1,6],"texture":"#top","cullface":"south"},"up":{"uv":[1,5,0,4],"texture":"#top","cullface":"south","rotation":180},"down":{"uv":[1,6,0,5],"texture":"#top","cullface":"south","rotation":180}}},{"from":[0.0078125,0.0078125,-0.4921875],"to":[1,1,0],"faces":{"north":{"uv":[1,15,0,16],"texture":"#top","cullface":"north"},"east":{"uv":[1,15,0,16],"texture":"#top","cullface":"north"},"west":{"uv":[1,15,0,16],"texture":"#top","cullface":"north"},"up":{"uv":[0,16,1,15],"texture":"#top","cullface":"north"}}},{"from":[0.0078125,10,-0.4921875],"to":[1,12,0],"faces":{"north":{"uv":[1,4,0,6],"texture":"#top","cullface":"north"},"east":{"uv":[1,4,0,6],"texture":"#top","cullface":"north"},"west":{"uv":[1,4,0,6],"texture":"#top","cullface":"north"},"up":{"uv":[0,5,1,4],"texture":"#top","cullface":"north"},"down":{"uv":[0,6,1,5],"texture":"#top","cullface":"north"}}},{"from":[2.5,0,3],"to":[3.5,1,5],"faces":{"north":{"uv":[12,15,13,16],"texture":"#top"},"east":{"uv":[11,15,13,16],"texture":"#top"},"south":{"uv":[11,15,12,16],"texture":"#top"},"up":{"uv":[13,16,11,15],"texture":"#top","rotation":90}}},{"from":[3,10,15],"to":[3.5,12,16],"faces":{"north":{"uv":[0,4,1,6],"texture":"#top"},"east":{"uv":[0,4,1,6],"texture":"#top"},"south":{"uv":[0,4,1,6],"texture":"#top"},"up":{"uv":[1,5,0,4],"texture":"#top","cullface":"west","rotation":90},"down":{"uv":[1,6,0,5],"texture":"#top","rotation":270}}},{"from":[3,0,15],"to":[3.5,1,16],"faces":{"north":{"uv":[0,15,1,16],"texture":"#top"},"east":{"uv":[0,15,1,16],"texture":"#top"},"south":{"uv":[0,15,1,16],"texture":"#top"},"up":{"uv":[1,16,0,15],"texture":"#top","rotation":90}}}]}