{"parent":"block/thin_block","textures":{"particle":"#top"},"elements":[{"from":[1,5,2],"to":[15,5.5,4],"faces":{"north":{"uv":[15,2,1,3],"texture":"#top"},"south":{"uv":[1,3,15,4],"texture":"#top"},"up":{"uv":[1,2,15,4],"texture":"#top"}}},{"from":[1,5,5],"to":[15,6,6],"faces":{"north":{"uv":[15,5,1,6],"texture":"#top"},"south":{"uv":[1,5,15,6],"texture":"#top"},"up":{"uv":[1,5,15,6],"texture":"#top"}}},{"from":[1,5,10],"to":[15,6,11],"faces":{"north":{"uv":[15,10,1,11],"texture":"#top"},"south":{"uv":[1,10,15,11],"texture":"#top"},"up":{"uv":[1,10,15,11],"texture":"#top"}}},{"from":[1,5,7],"to":[15,5.5,9],"faces":{"north":{"uv":[15,7,1,8],"texture":"#top"},"south":{"uv":[1,8,15,9],"texture":"#top"},"up":{"uv":[1,7,15,9],"texture":"#top"}}},{"from":[1,5,12],"to":[15,5.5,14],"faces":{"north":{"uv":[15,12,1,13],"texture":"#top"},"south":{"uv":[1,13,15,14],"texture":"#top"},"up":{"uv":[1,12,15,14],"texture":"#top"}}},{"from":[2,5,1],"to":[4,5.5,15],"faces":{"east":{"uv":[3,1,4,15],"texture":"#top","rotation":90},"west":{"uv":[2,1,3,15],"texture":"#top","rotation":270},"up":{"uv":[2,1,4,15],"texture":"#top"}}},{"from":[7,5,1],"to":[9,5.5,15],"faces":{"east":{"uv":[8,1,9,15],"texture":"#top","rotation":90},"west":{"uv":[7,1,8,15],"texture":"#top","rotation":270},"up":{"uv":[7,1,9,15],"texture":"#top"}}},{"from":[5,5,1],"to":[6,6,15],"faces":{"east":{"uv":[5,1,6,15],"texture":"#top","rotation":90},"west":{"uv":[5,1,6,15],"texture":"#top","rotation":270},"up":{"uv":[5,1,6,15],"texture":"#top"}}},{"from":[10,5,1],"to":[11,6,15],"faces":{"east":{"uv":[10,1,11,15],"texture":"#top","rotation":90},"west":{"uv":[10,1,11,15],"texture":"#top","rotation":270},"up":{"uv":[10,1,11,15],"texture":"#top"}}},{"from":[12,5,1],"to":[14,5.5,15],"faces":{"east":{"uv":[13,1,14,15],"texture":"#top","rotation":90},"west":{"uv":[12,1,13,15],"texture":"#top","rotation":270},"up":{"uv":[12,1,14,15],"texture":"#top"}}},{"from":[0,0,0],"to":[16,6,1],"faces":{"north":{"uv":[0,10,16,16],"texture":"#side","cullface":"north"},"south":{"uv":[16,10,0,16],"texture":"#side"},"up":{"uv":[0,0,16,1],"texture":"#top"}}},{"from":[0,0,15],"to":[16,6,16],"faces":{"north":{"uv":[16,10,0,16],"texture":"#side"},"south":{"uv":[0,10,16,16],"texture":"#side","cullface":"south"},"up":{"uv":[0,15,16,16],"texture":"#top"}}},{"from":[0,0,0],"to":[1,6,16],"faces":{"east":{"uv":[16,10,0,16],"texture":"#side"},"west":{"uv":[0,10,16,16],"texture":"#side","cullface":"west"},"up":{"uv":[0,0,1,16],"texture":"#top"}}},{"from":[15,0,0],"to":[16,6,16],"faces":{"east":{"uv":[0,10,16,16],"texture":"#side","cullface":"east"},"west":{"uv":[16,10,0,16],"texture":"#side"},"up":{"uv":[15,0,16,16],"texture":"#top"}}},{"from":[0,0,0],"to":[16,5,16],"faces":{"up":{"uv":[0,0,16,16],"texture":"#top"},"down":{"uv":[0,0,16,16],"texture":"#side","cullface":"down"}}}]}