{"parent":"block/orientable","textures":{"side":"block/furnace_side","top":"block/furnace_top","front_alt":"block/furnace_front"},"elements":[{"from":[0,0,0],"to":[1,15,1],"faces":{"north":{"uv":[15,1,16,16],"texture":"#front","cullface":"north"},"east":{"uv":[15,1,16,16],"texture":"#front","cullface":"north"},"south":{"uv":[0,1,1,16],"texture":"#side","cullface":"west"},"west":{"uv":[0,1,1,16],"texture":"#side","cullface":"west"}}},{"from":[15,0,0],"to":[16,15,1],"rotation":{"origin":[15,0,0],"axis":"y","angle":0.0},"faces":{"north":{"uv":[0,1,1,16],"texture":"#front","cullface":"north"},"east":{"uv":[15,1,16,16],"texture":"#side","cullface":"east"},"south":{"uv":[15,1,16,16],"texture":"#side","cullface":"east"},"west":{"uv":[0,1,1,16],"texture":"#front","cullface":"north"}}},{"from":[15,7,15],"to":[16,15,16],"rotation":{"origin":[15,0,15],"axis":"y","angle":0.0},"faces":{"north":{"uv":[0,1,1,9],"texture":"#side","cullface":"east"},"east":{"uv":[0,1,1,9],"texture":"#side","cullface":"east"},"south":{"uv":[15,1,16,9],"texture":"#side","cullface":"south"},"west":{"uv":[15,1,16,9],"texture":"#side","cullface":"south"}}},{"from":[0,7,15],"to":[1,15,16],"rotation":{"origin":[0,0,15],"axis":"y","angle":0.0},"faces":{"north":{"uv":[15,1,16,9],"texture":"#side","cullface":"west"},"east":{"uv":[15,1,16,9],"texture":"#side","cullface":"south"},"south":{"uv":[0,1,1,9],"texture":"#side","cullface":"south"},"west":{"uv":[15,1,16,9],"texture":"#side","cullface":"west"}}},{"from":[0,0,15.5],"to":[16,7,16],"rotation":{"origin":[0,0,15],"axis":"y","angle":0.0},"faces":{"south":{"uv":[0,9,16,16],"texture":"#side","cullface":"south"},"up":{"uv":[0,9,16,10],"texture":"#side","cullface":"south"}}},{"from":[0,0,0],"to":[16,1,1],"faces":{"north":{"uv":[0,15,16,16],"texture":"#front_alt","cullface":"north"},"south":{"uv":[0,15,16,16],"texture":"#top","cullface":"down"},"up":{"uv":[16,15,0,16],"texture":"#front_alt","cullface":"north"},"down":{"uv":[0,15,16,16],"texture":"#top","cullface":"down"}}},{"from":[15.5,0,1],"to":[16,7,16],"faces":{"east":{"uv":[0,9,15,16],"texture":"#side","cullface":"east"},"up":{"uv":[0,9,15,10],"texture":"#side","cullface":"east","rotation":270}}},{"from":[0,0,1],"to":[0.5,7,16],"rotation":{"origin":[-15,0,0],"axis":"y","angle":0.0},"faces":{"west":{"uv":[1,9,16,16],"texture":"#side","cullface":"west"},"up":{"uv":[1,9,16,10],"texture":"#side","cullface":"west","rotation":90}}},{"from":[0,15,0],"to":[1,16,16],"rotation":{"origin":[-15,15,0],"axis":"y","angle":0.0},"faces":{"east":{"uv":[0,0,1,16],"texture":"#top","cullface":"up","rotation":90},"west":{"uv":[0,0,16,1],"texture":"#side","cullface":"west"},"up":{"uv":[0,0,1,16],"texture":"#top","cullface":"up"},"down":{"uv":[0,0,16,1],"texture":"#side","cullface":"west","rotation":270}}},{"from":[0,15,0],"to":[16,16,1],"rotation":{"origin":[0,15,0],"axis":"y","angle":0.0},"faces":{"north":{"uv":[0,0,16,1],"texture":"#front","cullface":"north"},"south":{"uv":[0,0,16,1],"texture":"#top","cullface":"up"},"up":{"uv":[0,0,16,1],"texture":"#top","cullface":"up"},"down":{"uv":[16,0,0,1],"texture":"#front","cullface":"north"}}},{"from":[15,15,0],"to":[16,16,16],"rotation":{"origin":[0,15,0],"axis":"y","angle":0.0},"faces":{"east":{"uv":[0,0,16,1],"texture":"#side","cullface":"east"},"west":{"uv":[15,0,16,16],"texture":"#top","cullface":"up","rotation":270},"up":{"uv":[15,0,16,16],"texture":"#top","cullface":"up"},"down":{"uv":[0,0,16,1],"texture":"#side","cullface":"east","rotation":90}}},{"from":[0,15,15],"to":[16,16,16],"rotation":{"origin":[0,15,15],"axis":"y","angle":0.0},"faces":{"north":{"uv":[16,15,0,16],"texture":"#top","cullface":"up"},"south":{"uv":[0,0,16,1],"texture":"#side","cullface":"south"},"up":{"uv":[0,15,16,16],"texture":"#top","cullface":"up"},"down":{"uv":[0,0,16,1],"texture":"#side","cullface":"south"}}},{"from":[1,1,0],"to":[3,7,1],"rotation":{"origin":[1,1,0],"axis":"y","angle":0.0},"faces":{"north":{"uv":[13,9,15,15],"texture":"#front","cullface":"north"},"east":{"uv":[13,9,14,15],"texture":"#front","cullface":"north"}}},{"from":[13,1,0],"to":[15,7,1],"rotation":{"origin":[13,1,0],"axis":"y","angle":0.0},"faces":{"north":{"uv":[1,9,3,15],"texture":"#front","cullface":"north"},"west":{"uv":[2,9,3,15],"texture":"#front","cullface":"north"}}},{"from":[12,3,0],"to":[13,4,1],"rotation":{"origin":[13,1,0],"axis":"y","angle":0.0},"faces":{"north":{"uv":[3,12,4,13],"texture":"#front","cullface":"north"},"west":{"uv":[3,12,4,13],"texture":"#front","cullface":"north"},"down":{"uv":[4,12,3,13],"texture":"#front","cullface":"north"}}},{"from":[11,4,0],"to":[13,5,1],"rotation":{"origin":[13,2,0],"axis":"y","angle":0.0},"faces":{"north":{"uv":[3,11,5,12],"texture":"#front","cullface":"north"},"west":{"uv":[4,11,5,12],"texture":"#front","cullface":"north"},"down":{"uv":[5,11,3,12],"texture":"#front","cullface":"north"}}},{"from":[3,4,0],"to":[5,5,1],"rotation":{"origin":[5,2,0],"axis":"y","angle":0.0},"faces":{"north":{"uv":[11,11,13,12],"texture":"#front","cullface":"north"},"east":{"uv":[11,11,12,12],"texture":"#front","cullface":"north"},"down":{"uv":[13,11,11,12],"texture":"#front","cullface":"north"}}},{"from":[3,3,0],"to":[4,4,1],"rotation":{"origin":[4,1,0],"axis":"y","angle":0.0},"faces":{"north":{"uv":[12,12,13,13],"texture":"#front","cullface":"north"},"east":{"uv":[12,12,13,13],"texture":"#front","cullface":"north"},"down":{"uv":[13,12,12,13],"texture":"#front","cullface":"north"}}},{"from":[1,5,0],"to":[15,7,1],"rotation":{"origin":[13,3,0],"axis":"y","angle":0.0},"faces":{"north":{"uv":[1,9,15,11],"texture":"#front","cullface":"north"},"up":{"uv":[15,9,1,10],"texture":"#front","cullface":"north"},"down":{"uv":[15,10,1,11],"texture":"#front","cullface":"north"}}},{"from":[3,7,0.5],"to":[13,9,1],"rotation":{"origin":[13,5,0.5],"axis":"y","angle":0.0},"faces":{"north":{"uv":[3,7,13,9],"texture":"#front","cullface":"north"},"up":{"uv":[13,7,3,8],"texture":"#front","cullface":"north"}}},{"from":[13,7,0.5],"to":[15,15,1],"rotation":{"origin":[13,5,0.5],"axis":"y","angle":0.0},"faces":{"north":{"uv":[1,1,3,9],"texture":"#front","cullface":"north"},"west":{"uv":[2,1,3,9],"texture":"#front","cullface":"north"}}},{"from":[1,7,0.5],"to":[3,15,1],"rotation":{"origin":[1,5,0.5],"axis":"y","angle":0.0},"faces":{"north":{"uv":[13,1,15,9],"texture":"#front","cullface":"north"},"east":{"uv":[13,1,14,9],"texture":"#front","cullface":"north"}}},{"from":[12,12,0.5],"to":[13,13,1],"rotation":{"origin":[11,5,0.5],"axis":"y","angle":0.0},"faces":{"north":{"uv":[3,3,4,4],"texture":"#front","cullface":"north"},"west":{"uv":[3,3,4,4],"texture":"#front","cullface":"north"},"down":{"uv":[4,3,3,4],"texture":"#front","cullface":"north"}}},{"from":[3,12,0.5],"to":[4,13,1],"rotation":{"origin":[2,5,0.5],"axis":"y","angle":0.0},"faces":{"north":{"uv":[12,3,13,4],"texture":"#front","cullface":"north"},"east":{"uv":[12,3,13,4],"texture":"#front","cullface":"north"},"down":{"uv":[13,3,12,4],"texture":"#front","cullface":"north"}}},{"from":[3,13,0.5],"to":[13,15,1],"rotation":{"origin":[2,6,0.5],"axis":"y","angle":0.0},"faces":{"north":{"uv":[3,1,13,3],"texture":"#front","cullface":"north"},"down":{"uv":[13,2,3,3],"texture":"#front","cullface":"north"}}},{"from":[0.5,0.5,1],"to":[15.5,15.5,15.5],"rotation":{"origin":[14,7,1],"axis":"y","angle":0.0},"faces":{"north":{"uv":[0.5,0.5,15.5,15.5],"texture":"#front","cullface":"north"},"east":{"uv":[0.5,0.5,15,15.5],"texture":"#side","cullface":"east"},"south":{"uv":[0.5,0.5,15.5,15.5],"texture":"#side","cullface":"south"},"west":{"uv":[1,0.5,15.5,15.5],"texture":"#side","cullface":"west"},"up":{"uv":[0.5,1,15.5,15.5],"texture":"#top","cullface":"up"},"down":{"uv":[0.5,0.5,15.5,15],"texture":"#top","cullface":"down"}}},{"from":[0,0,1],"to":[1,1,16],"faces":{"east":{"uv":[0,0,1,15],"texture":"#top","cullface":"down","rotation":270},"down":{"uv":[0,0,1,15],"texture":"#top","cullface":"down"}}},{"from":[15,0,1],"to":[16,1,16],"rotation":{"origin":[15,0,0],"axis":"y","angle":0.0},"faces":{"west":{"uv":[15,0,16,15],"texture":"#top","cullface":"down","rotation":90},"down":{"uv":[15,0,16,15],"texture":"#top","cullface":"down"}}},{"from":[1,0,15],"to":[15,1,16],"rotation":{"origin":[15,0,0],"axis":"y","angle":0.0},"faces":{"north":{"uv":[15,0,1,1],"texture":"#top","cullface":"down"},"down":{"uv":[1,0,15,1],"texture":"#top","cullface":"down"}}}]}