{"parent":"block/cube_all","elements":[{"from":[0,0,0],"to":[16,16,16],"faces":{"north":{"uv":[0,0,16,16],"texture":"#all","cullface":"north"},"east":{"uv":[0,0,16,16],"texture":"#all","cullface":"east"},"south":{"uv":[0,0,16,16],"texture":"#all","cullface":"south"},"west":{"uv":[0,0,16,16],"texture":"#all","cullface":"west"},"up":{"uv":[0,0,16,16],"texture":"#all","cullface":"up"},"down":{"uv":[0,0,16,16],"texture":"#all","cullface":"down"}}},{"from":[12,1,-0.4921875],"to":[14,2,0],"faces":{"north":{"uv":[2,14,4,15],"texture":"#all","cullface":"north"},"east":{"uv":[2,14,3,15],"texture":"#all","cullface":"north"},"west":{"uv":[3,14,4,15],"texture":"#all","cullface":"north"},"up":{"uv":[4,14,2,15],"texture":"#all","cullface":"north"},"down":{"uv":[4,14,2,15],"texture":"#all","cullface":"north"}}},{"from":[13,2,-0.4921875],"to":[15,3,0],"faces":{"north":{"uv":[1,13,3,14],"texture":"#all","cullface":"north"},"east":{"uv":[1,13,2,14],"texture":"#all","cullface":"north"},"west":{"uv":[2,13,3,14],"texture":"#all","cullface":"north"},"up":{"uv":[3,13,1,14],"texture":"#all","cullface":"north"},"down":{"uv":[3,13,1,14],"texture":"#all","cullface":"north"}}},{"from":[10,3,-0.4921875],"to":[12,4,0],"faces":{"north":{"uv":[4,12,6,13],"texture":"#all","cullface":"north"},"east":{"uv":[4,12,5,13],"texture":"#all","cullface":"north"},"west":{"uv":[5,12,6,13],"texture":"#all","cullface":"north"},"up":{"uv":[6,12,4,13],"texture":"#all","cullface":"north"},"down":{"uv":[6,12,4,13],"texture":"#all","cullface":"north"}}},{"from":[10,5,-0.4921875],"to":[12,6,0],"faces":{"north":{"uv":[4,10,6,11],"texture":"#all","cullface":"north"},"east":{"uv":[4,10,5,11],"texture":"#all","cullface":"north"},"west":{"uv":[5,10,6,11],"texture":"#all","cullface":"north"},"down":{"uv":[6,10,4,11],"texture":"#all","cullface":"north"}}},{"from":[11,7,-0.4921875],"to":[13,8,0],"faces":{"north":{"uv":[3,8,5,9],"texture":"#all","cullface":"north"},"east":{"uv":[3,8,4,9],"texture":"#all","cullface":"north"},"west":{"uv":[4,8,5,9],"texture":"#all","cullface":"north"},"up":{"uv":[5,8,3,9],"texture":"#all","cullface":"north"}}},{"from":[4,6,-0.4921875],"to":[6,7,0],"faces":{"north":{"uv":[10,9,12,10],"texture":"#all","cullface":"north"},"east":{"uv":[10,9,11,10],"texture":"#all","cullface":"north"},"west":{"uv":[11,9,12,10],"texture":"#all","cullface":"north"},"down":{"uv":[12,9,10,10],"texture":"#all","cullface":"north"}}},{"from":[1,10,-0.4921875],"to":[3,11,0],"faces":{"north":{"uv":[13,5,15,6],"texture":"#all","cullface":"north"},"east":{"uv":[13,5,14,6],"texture":"#all","cullface":"north"},"west":{"uv":[14,5,15,6],"texture":"#all","cullface":"north"},"up":{"uv":[15,5,13,6],"texture":"#all","cullface":"north"},"down":{"uv":[15,5,13,6],"texture":"#all","cullface":"north"}}},{"from":[3,13,-0.4921875],"to":[5,14,0],"faces":{"north":{"uv":[11,2,13,3],"texture":"#all","cullface":"north"},"east":{"uv":[11,2,12,3],"texture":"#all","cullface":"north"},"west":{"uv":[12,2,13,3],"texture":"#all","cullface":"north"},"down":{"uv":[13,2,11,3],"texture":"#all","cullface":"north"}}},{"from":[3,2,-0.4921875],"to":[5,5,0],"faces":{"north":{"uv":[11,11,13,14],"texture":"#all","cullface":"north"},"east":{"uv":[11,11,12,14],"texture":"#all","cullface":"north"},"west":{"uv":[12,11,13,14],"texture":"#all","cullface":"north"},"up":{"uv":[13,11,11,12],"texture":"#all","cullface":"north"}}},{"from":[1,3,-0.4921875],"to":[8,4,0],"faces":{"north":{"uv":[8,12,15,13],"texture":"#all","cullface":"north"},"east":{"uv":[8,12,9,13],"texture":"#all","cullface":"north"},"west":{"uv":[14,12,15,13],"texture":"#all","cullface":"north"},"up":{"uv":[15,12,8,13],"texture":"#all","cullface":"north"},"down":{"uv":[15,12,8,13],"texture":"#all","cullface":"north"}}},{"from":[3,2,-0.4921875],"to":[7,3,0],"faces":{"north":{"uv":[9,13,13,14],"texture":"#all","cullface":"north"},"east":{"uv":[9,13,10,14],"texture":"#all","cullface":"north"},"down":{"uv":[13,13,9,14],"texture":"#all","cullface":"north"}}},{"from":[3,7,-0.4921875],"to":[7,8,0],"faces":{"north":{"uv":[9,8,13,9],"texture":"#all","cullface":"north"},"east":{"uv":[9,8,10,9],"texture":"#all","cullface":"north"},"west":{"uv":[12,8,13,9],"texture":"#all","cullface":"north"},"up":{"uv":[13,8,9,9],"texture":"#all","cullface":"north"},"down":{"uv":[13,8,9,9],"texture":"#all","cullface":"north"}}},{"from":[2,14,-0.4921875],"to":[6,15,0],"faces":{"north":{"uv":[10,1,14,2],"texture":"#all","cullface":"north"},"east":{"uv":[10,1,11,2],"texture":"#all","cullface":"north"},"west":{"uv":[13,1,14,2],"texture":"#all","cullface":"north"},"up":{"uv":[14,1,10,2],"texture":"#all","cullface":"north"},"down":{"uv":[14,1,10,2],"texture":"#all","cullface":"north"}}},{"from":[11,13,-0.4921875],"to":[14,14,0],"faces":{"north":{"uv":[2,2,5,3],"texture":"#all","cullface":"north"},"east":{"uv":[2,2,3,3],"texture":"#all","cullface":"north"},"west":{"uv":[4,2,5,3],"texture":"#all","cullface":"north"},"up":{"uv":[5,2,2,3],"texture":"#all","cullface":"north"},"down":{"uv":[5,2,2,3],"texture":"#all","cullface":"north"}}},{"from":[12,12,-0.4921875],"to":[15,13,0],"faces":{"north":{"uv":[1,3,4,4],"texture":"#all","cullface":"north"},"east":{"uv":[1,3,2,4],"texture":"#all","cullface":"north"},"west":{"uv":[3,3,4,4],"texture":"#all","cullface":"north"},"up":{"uv":[4,3,1,4],"texture":"#all","cullface":"north"},"down":{"uv":[4,3,1,4],"texture":"#all","cullface":"north"}}},{"from":[9,6,-0.4921875],"to":[14,7,0],"faces":{"north":{"uv":[2,9,7,10],"texture":"#all","cullface":"north"},"east":{"uv":[2,9,3,10],"texture":"#all","cullface":"north"},"west":{"uv":[6,9,7,10],"texture":"#all","cullface":"north"},"up":{"uv":[7,9,2,10],"texture":"#all","cullface":"north"},"down":{"uv":[7,9,2,10],"texture":"#all","cullface":"north"}}},{"from":[5,10,-0.4921875],"to":[12,11,0],"faces":{"north":{"uv":[4,5,11,6],"texture":"#all","cullface":"north"},"east":{"uv":[4,5,5,6],"texture":"#all","cullface":"north"},"west":{"uv":[10,5,11,6],"texture":"#all","cullface":"north"},"up":{"uv":[11,5,4,6],"texture":"#all","cullface":"north"},"down":{"uv":[11,5,4,6],"texture":"#all","cullface":"north"}}},{"from":[4,11,-0.4921875],"to":[9,12,0],"faces":{"north":{"uv":[7,4,12,5],"texture":"#all","cullface":"north"},"east":{"uv":[7,4,8,5],"texture":"#all","cullface":"north"},"west":{"uv":[11,4,12,5],"texture":"#all","cullface":"north"},"up":{"uv":[12,4,7,5],"texture":"#all","cullface":"north"},"down":{"uv":[12,4,7,5],"texture":"#all","cullface":"north"}}},{"from":[7,9,-0.4921875],"to":[10,10,0],"faces":{"north":{"uv":[6,6,9,7],"texture":"#all","cullface":"north"},"east":{"uv":[6,6,7,7],"texture":"#all","cullface":"north"},"west":{"uv":[8,6,9,7],"texture":"#all","cullface":"north"},"down":{"uv":[9,6,6,7],"texture":"#all","cullface":"north"}}},{"from":[16,1,12],"to":[16.492188,2,14],"faces":{"north":{"uv":[3,14,4,15],"texture":"#all","cullface":"east"},"east":{"uv":[2,14,4,15],"texture":"#all","cullface":"east"},"south":{"uv":[2,14,3,15],"texture":"#all","cullface":"east"},"up":{"uv":[4,14,2,15],"texture":"#all","cullface":"east","rotation":90},"down":{"uv":[4,14,2,15],"texture":"#all","cullface":"east","rotation":270}}},{"from":[16,2,13],"to":[16.492188,3,15],"faces":{"north":{"uv":[2,13,3,14],"texture":"#all","cullface":"east"},"east":{"uv":[1,13,3,14],"texture":"#all","cullface":"east"},"south":{"uv":[1,13,2,14],"texture":"#all","cullface":"east"},"up":{"uv":[3,13,1,14],"texture":"#all","cullface":"east","rotation":90},"down":{"uv":[3,13,1,14],"texture":"#all","cullface":"east","rotation":270}}},{"from":[16,3,10],"to":[16.492188,4,12],"faces":{"north":{"uv":[5,12,6,13],"texture":"#all","cullface":"east"},"east":{"uv":[4,12,6,13],"texture":"#all","cullface":"east"},"south":{"uv":[4,12,5,13],"texture":"#all","cullface":"east"},"up":{"uv":[6,12,4,13],"texture":"#all","cullface":"east","rotation":90},"down":{"uv":[6,12,4,13],"texture":"#all","cullface":"east","rotation":270}}},{"from":[16,5,10],"to":[16.492188,6,12],"faces":{"north":{"uv":[5,10,6,11],"texture":"#all","cullface":"east"},"east":{"uv":[4,10,6,11],"texture":"#all","cullface":"east"},"south":{"uv":[4,10,5,11],"texture":"#all","cullface":"east"},"down":{"uv":[6,10,4,11],"texture":"#all","cullface":"east","rotation":270}}},{"from":[16,7,11],"to":[16.492188,8,13],"faces":{"north":{"uv":[4,8,5,9],"texture":"#all","cullface":"east"},"east":{"uv":[3,8,5,9],"texture":"#all","cullface":"east"},"south":{"uv":[3,8,4,9],"texture":"#all","cullface":"east"},"up":{"uv":[5,8,3,9],"texture":"#all","cullface":"east","rotation":90}}},{"from":[16,6,4],"to":[16.492188,7,6],"faces":{"north":{"uv":[11,9,12,10],"texture":"#all","cullface":"east"},"east":{"uv":[10,9,12,10],"texture":"#all","cullface":"east"},"south":{"uv":[10,9,11,10],"texture":"#all","cullface":"east"},"down":{"uv":[12,9,10,10],"texture":"#all","cullface":"east","rotation":270}}},{"from":[16,10,1],"to":[16.492188,11,3],"faces":{"north":{"uv":[14,5,15,6],"texture":"#all","cullface":"east"},"east":{"uv":[13,5,15,6],"texture":"#all","cullface":"east"},"south":{"uv":[13,5,14,6],"texture":"#all","cullface":"east"},"up":{"uv":[15,5,13,6],"texture":"#all","cullface":"east","rotation":90},"down":{"uv":[15,5,13,6],"texture":"#all","cullface":"east","rotation":270}}},{"from":[16,13,3],"to":[16.492188,14,5],"faces":{"north":{"uv":[12,2,13,3],"texture":"#all","cullface":"east"},"east":{"uv":[11,2,13,3],"texture":"#all","cullface":"east"},"south":{"uv":[11,2,12,3],"texture":"#all","cullface":"east"},"down":{"uv":[13,2,11,3],"texture":"#all","cullface":"east","rotation":270}}},{"from":[16,2,3],"to":[16.492188,5,5],"faces":{"north":{"uv":[12,11,13,14],"texture":"#all","cullface":"east"},"east":{"uv":[11,11,13,14],"texture":"#all","cullface":"east"},"south":{"uv":[11,11,12,14],"texture":"#all","cullface":"east"},"up":{"uv":[13,11,11,12],"texture":"#all","cullface":"east","rotation":90}}},{"from":[16,3,1],"to":[16.492188,4,8],"faces":{"north":{"uv":[14,12,15,13],"texture":"#all","cullface":"east"},"east":{"uv":[8,12,15,13],"texture":"#all","cullface":"east"},"south":{"uv":[8,12,9,13],"texture":"#all","cullface":"east"},"up":{"uv":[15,12,8,13],"texture":"#all","cullface":"east","rotation":90},"down":{"uv":[15,12,8,13],"texture":"#all","cullface":"east","rotation":270}}},{"from":[16,2,3],"to":[16.492188,3,7],"faces":{"east":{"uv":[9,13,13,14],"texture":"#all","cullface":"east"},"south":{"uv":[9,13,10,14],"texture":"#all","cullface":"east"},"down":{"uv":[13,13,9,14],"texture":"#all","cullface":"east","rotation":270}}},{"from":[16,7,3],"to":[16.492188,8,7],"faces":{"north":{"uv":[12,8,13,9],"texture":"#all","cullface":"east"},"east":{"uv":[9,8,13,9],"texture":"#all","cullface":"east"},"south":{"uv":[9,8,10,9],"texture":"#all","cullface":"east"},"up":{"uv":[13,8,9,9],"texture":"#all","cullface":"east","rotation":90},"down":{"uv":[13,8,9,9],"texture":"#all","cullface":"east","rotation":270}}},{"from":[16,14,2],"to":[16.492188,15,6],"faces":{"north":{"uv":[13,1,14,2],"texture":"#all","cullface":"east"},"east":{"uv":[10,1,14,2],"texture":"#all","cullface":"east"},"south":{"uv":[10,1,11,2],"texture":"#all","cullface":"east"},"up":{"uv":[14,1,10,2],"texture":"#all","cullface":"east","rotation":90},"down":{"uv":[14,1,10,2],"texture":"#all","cullface":"east","rotation":270}}},{"from":[16,13,11],"to":[16.492188,14,14],"faces":{"north":{"uv":[4,2,5,3],"texture":"#all","cullface":"east"},"east":{"uv":[2,2,5,3],"texture":"#all","cullface":"east"},"south":{"uv":[2,2,3,3],"texture":"#all","cullface":"east"},"up":{"uv":[5,2,2,3],"texture":"#all","cullface":"east","rotation":90},"down":{"uv":[5,2,2,3],"texture":"#all","cullface":"east","rotation":270}}},{"from":[16,12,12],"to":[16.492188,13,15],"faces":{"north":{"uv":[3,3,4,4],"texture":"#all","cullface":"east"},"east":{"uv":[1,3,4,4],"texture":"#all","cullface":"east"},"south":{"uv":[1,3,2,4],"texture":"#all","cullface":"east"},"up":{"uv":[4,3,1,4],"texture":"#all","cullface":"east","rotation":90},"down":{"uv":[4,3,1,4],"texture":"#all","cullface":"east","rotation":270}}},{"from":[16,6,9],"to":[16.492188,7,14],"faces":{"north":{"uv":[6,9,7,10],"texture":"#all","cullface":"east"},"east":{"uv":[2,9,7,10],"texture":"#all","cullface":"east"},"south":{"uv":[2,9,3,10],"texture":"#all","cullface":"east"},"up":{"uv":[7,9,2,10],"texture":"#all","cullface":"east","rotation":90},"down":{"uv":[7,9,2,10],"texture":"#all","cullface":"east","rotation":270}}},{"from":[16,10,5],"to":[16.492188,11,12],"faces":{"north":{"uv":[10,5,11,6],"texture":"#all","cullface":"east"},"east":{"uv":[4,5,11,6],"texture":"#all","cullface":"east"},"south":{"uv":[4,5,5,6],"texture":"#all","cullface":"east"},"up":{"uv":[11,5,4,6],"texture":"#all","cullface":"east","rotation":90},"down":{"uv":[11,5,4,6],"texture":"#all","cullface":"east","rotation":270}}},{"from":[16,11,4],"to":[16.492188,12,9],"faces":{"north":{"uv":[11,4,12,5],"texture":"#all","cullface":"east"},"east":{"uv":[7,4,12,5],"texture":"#all","cullface":"east"},"south":{"uv":[7,4,8,5],"texture":"#all","cullface":"east"},"up":{"uv":[12,4,7,5],"texture":"#all","cullface":"east","rotation":90},"down":{"uv":[12,4,7,5],"texture":"#all","cullface":"east","rotation":270}}},{"from":[16,9,7],"to":[16.492188,10,10],"faces":{"north":{"uv":[8,6,9,7],"texture":"#all","cullface":"east"},"east":{"uv":[6,6,9,7],"texture":"#all","cullface":"east"},"south":{"uv":[6,6,7,7],"texture":"#all","cullface":"east"},"down":{"uv":[9,6,6,7],"texture":"#all","cullface":"east","rotation":270}}},{"from":[2,1,16],"to":[4,2,16.492188],"faces":{"east":{"uv":[3,14,4,15],"texture":"#all","cullface":"south"},"south":{"uv":[2,14,4,15],"texture":"#all","cullface":"south"},"west":{"uv":[2,14,3,15],"texture":"#all","cullface":"south"},"up":{"uv":[4,14,2,15],"texture":"#all","cullface":"south","rotation":180},"down":{"uv":[4,14,2,15],"texture":"#all","cullface":"south","rotation":180}}},{"from":[1,2,16],"to":[3,3,16.492188],"faces":{"east":{"uv":[2,13,3,14],"texture":"#all","cullface":"south"},"south":{"uv":[1,13,3,14],"texture":"#all","cullface":"south"},"west":{"uv":[1,13,2,14],"texture":"#all","cullface":"south"},"up":{"uv":[3,13,1,14],"texture":"#all","cullface":"south","rotation":180},"down":{"uv":[3,13,1,14],"texture":"#all","cullface":"south","rotation":180}}},{"from":[4,3,16],"to":[6,4,16.492188],"faces":{"east":{"uv":[5,12,6,13],"texture":"#all","cullface":"south"},"south":{"uv":[4,12,6,13],"texture":"#all","cullface":"south"},"west":{"uv":[4,12,5,13],"texture":"#all","cullface":"south"},"up":{"uv":[6,12,4,13],"texture":"#all","cullface":"south","rotation":180},"down":{"uv":[6,12,4,13],"texture":"#all","cullface":"south","rotation":180}}},{"from":[4,5,16],"to":[6,6,16.492188],"faces":{"east":{"uv":[5,10,6,11],"texture":"#all","cullface":"south"},"south":{"uv":[4,10,6,11],"texture":"#all","cullface":"south"},"west":{"uv":[4,10,5,11],"texture":"#all","cullface":"south"},"down":{"uv":[6,10,4,11],"texture":"#all","cullface":"south","rotation":180}}},{"from":[3,7,16],"to":[5,8,16.492188],"faces":{"east":{"uv":[4,8,5,9],"texture":"#all","cullface":"south"},"south":{"uv":[3,8,5,9],"texture":"#all","cullface":"south"},"west":{"uv":[3,8,4,9],"texture":"#all","cullface":"south"},"up":{"uv":[5,8,3,9],"texture":"#all","cullface":"south","rotation":180}}},{"from":[10,6,16],"to":[12,7,16.492188],"faces":{"east":{"uv":[11,9,12,10],"texture":"#all","cullface":"south"},"south":{"uv":[10,9,12,10],"texture":"#all","cullface":"south"},"west":{"uv":[10,9,11,10],"texture":"#all","cullface":"south"},"down":{"uv":[12,9,10,10],"texture":"#all","cullface":"south","rotation":180}}},{"from":[13,10,16],"to":[15,11,16.492188],"faces":{"east":{"uv":[14,5,15,6],"texture":"#all","cullface":"south"},"south":{"uv":[13,5,15,6],"texture":"#all","cullface":"south"},"west":{"uv":[13,5,14,6],"texture":"#all","cullface":"south"},"up":{"uv":[15,5,13,6],"texture":"#all","cullface":"south","rotation":180},"down":{"uv":[15,5,13,6],"texture":"#all","cullface":"south","rotation":180}}},{"from":[11,13,16],"to":[13,14,16.492188],"faces":{"east":{"uv":[12,2,13,3],"texture":"#all","cullface":"south"},"south":{"uv":[11,2,13,3],"texture":"#all","cullface":"south"},"west":{"uv":[11,2,12,3],"texture":"#all","cullface":"south"},"down":{"uv":[13,2,11,3],"texture":"#all","cullface":"south","rotation":180}}},{"from":[11,2,16],"to":[13,5,16.492188],"faces":{"east":{"uv":[12,11,13,14],"texture":"#all","cullface":"south"},"south":{"uv":[11,11,13,14],"texture":"#all","cullface":"south"},"west":{"uv":[11,11,12,14],"texture":"#all","cullface":"south"},"up":{"uv":[13,11,11,12],"texture":"#all","cullface":"south","rotation":180}}},{"from":[8,3,16],"to":[15,4,16.492188],"faces":{"east":{"uv":[14,12,15,13],"texture":"#all","cullface":"south"},"south":{"uv":[8,12,15,13],"texture":"#all","cullface":"south"},"west":{"uv":[8,12,9,13],"texture":"#all","cullface":"south"},"up":{"uv":[15,12,8,13],"texture":"#all","cullface":"south","rotation":180},"down":{"uv":[15,12,8,13],"texture":"#all","cullface":"south","rotation":180}}},{"from":[9,2,16],"to":[13,3,16.492188],"faces":{"south":{"uv":[9,13,13,14],"texture":"#all","cullface":"south"},"west":{"uv":[9,13,10,14],"texture":"#all","cullface":"south"},"down":{"uv":[13,13,9,14],"texture":"#all","cullface":"south","rotation":180}}},{"from":[9,7,16],"to":[13,8,16.492188],"faces":{"east":{"uv":[12,8,13,9],"texture":"#all","cullface":"south"},"south":{"uv":[9,8,13,9],"texture":"#all","cullface":"south"},"west":{"uv":[9,8,10,9],"texture":"#all","cullface":"south"},"up":{"uv":[13,8,9,9],"texture":"#all","cullface":"south","rotation":180},"down":{"uv":[13,8,9,9],"texture":"#all","cullface":"south","rotation":180}}},{"from":[10,14,16],"to":[14,15,16.492188],"faces":{"east":{"uv":[13,1,14,2],"texture":"#all","cullface":"south"},"south":{"uv":[10,1,14,2],"texture":"#all","cullface":"south"},"west":{"uv":[10,1,11,2],"texture":"#all","cullface":"south"},"up":{"uv":[14,1,10,2],"texture":"#all","cullface":"south","rotation":180},"down":{"uv":[14,1,10,2],"texture":"#all","cullface":"south","rotation":180}}},{"from":[2,13,16],"to":[5,14,16.492188],"faces":{"east":{"uv":[4,2,5,3],"texture":"#all","cullface":"south"},"south":{"uv":[2,2,5,3],"texture":"#all","cullface":"south"},"west":{"uv":[2,2,3,3],"texture":"#all","cullface":"south"},"up":{"uv":[5,2,2,3],"texture":"#all","cullface":"south","rotation":180},"down":{"uv":[5,2,2,3],"texture":"#all","cullface":"south","rotation":180}}},{"from":[1,12,16],"to":[4,13,16.492188],"faces":{"east":{"uv":[3,3,4,4],"texture":"#all","cullface":"south"},"south":{"uv":[1,3,4,4],"texture":"#all","cullface":"south"},"west":{"uv":[1,3,2,4],"texture":"#all","cullface":"south"},"up":{"uv":[4,3,1,4],"texture":"#all","cullface":"south","rotation":180},"down":{"uv":[4,3,1,4],"texture":"#all","cullface":"south","rotation":180}}},{"from":[2,6,16],"to":[7,7,16.492188],"faces":{"east":{"uv":[6,9,7,10],"texture":"#all","cullface":"south"},"south":{"uv":[2,9,7,10],"texture":"#all","cullface":"south"},"west":{"uv":[2,9,3,10],"texture":"#all","cullface":"south"},"up":{"uv":[7,9,2,10],"texture":"#all","cullface":"south","rotation":180},"down":{"uv":[7,9,2,10],"texture":"#all","cullface":"south","rotation":180}}},{"from":[4,10,16],"to":[11,11,16.492188],"faces":{"east":{"uv":[10,5,11,6],"texture":"#all","cullface":"south"},"south":{"uv":[4,5,11,6],"texture":"#all","cullface":"south"},"west":{"uv":[4,5,5,6],"texture":"#all","cullface":"south"},"up":{"uv":[11,5,4,6],"texture":"#all","cullface":"south","rotation":180},"down":{"uv":[11,5,4,6],"texture":"#all","cullface":"south","rotation":180}}},{"from":[7,11,16],"to":[12,12,16.492188],"faces":{"east":{"uv":[11,4,12,5],"texture":"#all","cullface":"south"},"south":{"uv":[7,4,12,5],"texture":"#all","cullface":"south"},"west":{"uv":[7,4,8,5],"texture":"#all","cullface":"south"},"up":{"uv":[12,4,7,5],"texture":"#all","cullface":"south","rotation":180},"down":{"uv":[12,4,7,5],"texture":"#all","cullface":"south","rotation":180}}},{"from":[6,9,16],"to":[9,10,16.492188],"faces":{"east":{"uv":[8,6,9,7],"texture":"#all","cullface":"south"},"south":{"uv":[6,6,9,7],"texture":"#all","cullface":"south"},"west":{"uv":[6,6,7,7],"texture":"#all","cullface":"south"},"down":{"uv":[9,6,6,7],"texture":"#all","cullface":"south","rotation":180}}},{"from":[-0.4921875,1,2],"to":[0,2,4],"faces":{"north":{"uv":[2,14,3,15],"texture":"#all","cullface":"west"},"south":{"uv":[3,14,4,15],"texture":"#all","cullface":"west"},"west":{"uv":[2,14,4,15],"texture":"#all","cullface":"west"},"up":{"uv":[4,14,2,15],"texture":"#all","cullface":"west","rotation":270},"down":{"uv":[4,14,2,15],"texture":"#all","cullface":"west","rotation":90}}},{"from":[-0.4921875,2,1],"to":[0,3,3],"faces":{"north":{"uv":[1,13,2,14],"texture":"#all","cullface":"west"},"south":{"uv":[2,13,3,14],"texture":"#all","cullface":"west"},"west":{"uv":[1,13,3,14],"texture":"#all","cullface":"west"},"up":{"uv":[3,13,1,14],"texture":"#all","cullface":"west","rotation":270},"down":{"uv":[3,13,1,14],"texture":"#all","cullface":"west","rotation":90}}},{"from":[-0.4921875,3,4],"to":[0,4,6],"faces":{"north":{"uv":[4,12,5,13],"texture":"#all","cullface":"west"},"south":{"uv":[5,12,6,13],"texture":"#all","cullface":"west"},"west":{"uv":[4,12,6,13],"texture":"#all","cullface":"west"},"up":{"uv":[6,12,4,13],"texture":"#all","cullface":"west","rotation":270},"down":{"uv":[6,12,4,13],"texture":"#all","cullface":"west","rotation":90}}},{"from":[-0.4921875,5,4],"to":[0,6,6],"faces":{"north":{"uv":[4,10,5,11],"texture":"#all","cullface":"west"},"south":{"uv":[5,10,6,11],"texture":"#all","cullface":"west"},"west":{"uv":[4,10,6,11],"texture":"#all","cullface":"west"},"down":{"uv":[6,10,4,11],"texture":"#all","cullface":"west","rotation":90}}},{"from":[-0.4921875,7,3],"to":[0,8,5],"faces":{"north":{"uv":[3,8,4,9],"texture":"#all","cullface":"west"},"south":{"uv":[4,8,5,9],"texture":"#all","cullface":"west"},"west":{"uv":[3,8,5,9],"texture":"#all","cullface":"west"},"up":{"uv":[5,8,3,9],"texture":"#all","cullface":"west","rotation":270}}},{"from":[-0.4921875,6,10],"to":[0,7,12],"faces":{"north":{"uv":[10,9,11,10],"texture":"#all","cullface":"west"},"south":{"uv":[11,9,12,10],"texture":"#all","cullface":"west"},"west":{"uv":[10,9,12,10],"texture":"#all","cullface":"west"},"down":{"uv":[12,9,10,10],"texture":"#all","cullface":"west","rotation":90}}},{"from":[-0.4921875,10,13],"to":[0,11,15],"faces":{"north":{"uv":[13,5,14,6],"texture":"#all","cullface":"west"},"south":{"uv":[14,5,15,6],"texture":"#all","cullface":"west"},"west":{"uv":[13,5,15,6],"texture":"#all","cullface":"west"},"up":{"uv":[15,5,13,6],"texture":"#all","cullface":"west","rotation":270},"down":{"uv":[15,5,13,6],"texture":"#all","cullface":"west","rotation":90}}},{"from":[-0.4921875,13,11],"to":[0,14,13],"faces":{"north":{"uv":[11,2,12,3],"texture":"#all","cullface":"west"},"south":{"uv":[12,2,13,3],"texture":"#all","cullface":"west"},"west":{"uv":[11,2,13,3],"texture":"#all","cullface":"west"},"down":{"uv":[13,2,11,3],"texture":"#all","cullface":"west","rotation":90}}},{"from":[-0.4921875,2,11],"to":[0,5,13],"faces":{"north":{"uv":[11,11,12,14],"texture":"#all","cullface":"west"},"south":{"uv":[12,11,13,14],"texture":"#all","cullface":"west"},"west":{"uv":[11,11,13,14],"texture":"#all","cullface":"west"},"up":{"uv":[13,11,11,12],"texture":"#all","cullface":"west","rotation":270}}},{"from":[-0.4921875,3,8],"to":[0,4,15],"faces":{"north":{"uv":[8,12,9,13],"texture":"#all","cullface":"west"},"south":{"uv":[14,12,15,13],"texture":"#all","cullface":"west"},"west":{"uv":[8,12,15,13],"texture":"#all","cullface":"west"},"up":{"uv":[15,12,8,13],"texture":"#all","cullface":"west","rotation":270},"down":{"uv":[15,12,8,13],"texture":"#all","cullface":"west","rotation":90}}},{"from":[-0.4921875,2,9],"to":[0,3,13],"faces":{"north":{"uv":[9,13,10,14],"texture":"#all","cullface":"west"},"west":{"uv":[9,13,13,14],"texture":"#all","cullface":"west"},"down":{"uv":[13,13,9,14],"texture":"#all","cullface":"west","rotation":90}}},{"from":[-0.4921875,7,9],"to":[0,8,13],"faces":{"north":{"uv":[9,8,10,9],"texture":"#all","cullface":"west"},"south":{"uv":[12,8,13,9],"texture":"#all","cullface":"west"},"west":{"uv":[9,8,13,9],"texture":"#all","cullface":"west"},"up":{"uv":[13,8,9,9],"texture":"#all","cullface":"west","rotation":270},"down":{"uv":[13,8,9,9],"texture":"#all","cullface":"west","rotation":90}}},{"from":[-0.4921875,14,10],"to":[0,15,14],"faces":{"north":{"uv":[10,1,11,2],"texture":"#all","cullface":"west"},"south":{"uv":[13,1,14,2],"texture":"#all","cullface":"west"},"west":{"uv":[10,1,14,2],"texture":"#all","cullface":"west"},"up":{"uv":[14,1,10,2],"texture":"#all","cullface":"west","rotation":270},"down":{"uv":[14,1,10,2],"texture":"#all","cullface":"west","rotation":90}}},{"from":[-0.4921875,13,2],"to":[0,14,5],"faces":{"north":{"uv":[2,2,3,3],"texture":"#all","cullface":"west"},"south":{"uv":[4,2,5,3],"texture":"#all","cullface":"west"},"west":{"uv":[2,2,5,3],"texture":"#all","cullface":"west"},"up":{"uv":[5,2,2,3],"texture":"#all","cullface":"west","rotation":270},"down":{"uv":[5,2,2,3],"texture":"#all","cullface":"west","rotation":90}}},{"from":[-0.4921875,12,1],"to":[0,13,4],"faces":{"north":{"uv":[1,3,2,4],"texture":"#all","cullface":"west"},"south":{"uv":[3,3,4,4],"texture":"#all","cullface":"west"},"west":{"uv":[1,3,4,4],"texture":"#all","cullface":"west"},"up":{"uv":[4,3,1,4],"texture":"#all","cullface":"west","rotation":270},"down":{"uv":[4,3,1,4],"texture":"#all","cullface":"west","rotation":90}}},{"from":[-0.4921875,6,2],"to":[0,7,7],"faces":{"north":{"uv":[2,9,3,10],"texture":"#all","cullface":"west"},"south":{"uv":[6,9,7,10],"texture":"#all","cullface":"west"},"west":{"uv":[2,9,7,10],"texture":"#all","cullface":"west"},"up":{"uv":[7,9,2,10],"texture":"#all","cullface":"west","rotation":270},"down":{"uv":[7,9,2,10],"texture":"#all","cullface":"west","rotation":90}}},{"from":[-0.4921875,10,4],"to":[0,11,11],"faces":{"north":{"uv":[4,5,5,6],"texture":"#all","cullface":"west"},"south":{"uv":[10,5,11,6],"texture":"#all","cullface":"west"},"west":{"uv":[4,5,11,6],"texture":"#all","cullface":"west"},"up":{"uv":[11,5,4,6],"texture":"#all","cullface":"west","rotation":270},"down":{"uv":[11,5,4,6],"texture":"#all","cullface":"west","rotation":90}}},{"from":[-0.4921875,11,7],"to":[0,12,12],"faces":{"north":{"uv":[7,4,8,5],"texture":"#all","cullface":"west"},"south":{"uv":[11,4,12,5],"texture":"#all","cullface":"west"},"west":{"uv":[7,4,12,5],"texture":"#all","cullface":"west"},"up":{"uv":[12,4,7,5],"texture":"#all","cullface":"west","rotation":270},"down":{"uv":[12,4,7,5],"texture":"#all","cullface":"west","rotation":90}}},{"from":[-0.4921875,9,6],"to":[0,10,9],"faces":{"north":{"uv":[6,6,7,7],"texture":"#all","cullface":"west"},"south":{"uv":[8,6,9,7],"texture":"#all","cullface":"west"},"west":{"uv":[6,6,9,7],"texture":"#all","cullface":"west"},"down":{"uv":[9,6,6,7],"texture":"#all","cullface":"west","rotation":90}}},{"from":[2,16,14],"to":[4,16.492188,15],"faces":{"north":{"uv":[4,14,2,15],"texture":"#all","cullface":"up"},"east":{"uv":[3,14,4,15],"texture":"#all","cullface":"up","rotation":90},"south":{"uv":[4,14,2,15],"texture":"#all","cullface":"up","rotation":180},"west":{"uv":[2,14,3,15],"texture":"#all","cullface":"up","rotation":270},"up":{"uv":[2,14,4,15],"texture":"#all","cullface":"up"}}},{"from":[1,16,13],"to":[3,16.492188,14],"faces":{"north":{"uv":[3,13,1,14],"texture":"#all","cullface":"up"},"east":{"uv":[2,13,3,14],"texture":"#all","cullface":"up","rotation":90},"south":{"uv":[3,13,1,14],"texture":"#all","cullface":"up","rotation":180},"west":{"uv":[1,13,2,14],"texture":"#all","cullface":"up","rotation":270},"up":{"uv":[1,13,3,14],"texture":"#all","cullface":"up"}}},{"from":[4,16,12],"to":[6,16.492188,13],"faces":{"north":{"uv":[6,12,4,13],"texture":"#all","cullface":"up"},"east":{"uv":[5,12,6,13],"texture":"#all","cullface":"up","rotation":90},"south":{"uv":[6,12,4,13],"texture":"#all","cullface":"up","rotation":180},"west":{"uv":[4,12,5,13],"texture":"#all","cullface":"up","rotation":270},"up":{"uv":[4,12,6,13],"texture":"#all","cullface":"up"}}},{"from":[4,16,10],"to":[6,16.492188,11],"faces":{"east":{"uv":[5,10,6,11],"texture":"#all","cullface":"up","rotation":90},"south":{"uv":[6,10,4,11],"texture":"#all","cullface":"up","rotation":180},"west":{"uv":[4,10,5,11],"texture":"#all","cullface":"up","rotation":270},"up":{"uv":[4,10,6,11],"texture":"#all","cullface":"up"}}},{"from":[3,16,8],"to":[5,16.492188,9],"faces":{"north":{"uv":[5,8,3,9],"texture":"#all","cullface":"up"},"east":{"uv":[4,8,5,9],"texture":"#all","cullface":"up","rotation":90},"west":{"uv":[3,8,4,9],"texture":"#all","cullface":"up","rotation":270},"up":{"uv":[3,8,5,9],"texture":"#all","cullface":"up"}}},{"from":[10,16,9],"to":[12,16.492188,10],"faces":{"east":{"uv":[11,9,12,10],"texture":"#all","cullface":"up","rotation":90},"south":{"uv":[12,9,10,10],"texture":"#all","cullface":"up","rotation":180},"west":{"uv":[10,9,11,10],"texture":"#all","cullface":"up","rotation":270},"up":{"uv":[10,9,12,10],"texture":"#all","cullface":"up"}}},{"from":[13,16,5],"to":[15,16.492188,6],"faces":{"north":{"uv":[15,5,13,6],"texture":"#all","cullface":"up"},"east":{"uv":[14,5,15,6],"texture":"#all","cullface":"up","rotation":90},"south":{"uv":[15,5,13,6],"texture":"#all","cullface":"up","rotation":180},"west":{"uv":[13,5,14,6],"texture":"#all","cullface":"up","rotation":270},"up":{"uv":[13,5,15,6],"texture":"#all","cullface":"up"}}},{"from":[11,16,2],"to":[13,16.492188,3],"faces":{"east":{"uv":[12,2,13,3],"texture":"#all","cullface":"up","rotation":90},"south":{"uv":[13,2,11,3],"texture":"#all","cullface":"up","rotation":180},"west":{"uv":[11,2,12,3],"texture":"#all","cullface":"up","rotation":270},"up":{"uv":[11,2,13,3],"texture":"#all","cullface":"up"}}},{"from":[11,16,11],"to":[13,16.492188,14],"faces":{"north":{"uv":[13,11,11,12],"texture":"#all","cullface":"up"},"east":{"uv":[12,11,13,14],"texture":"#all","cullface":"up","rotation":90},"west":{"uv":[11,11,12,14],"texture":"#all","cullface":"up","rotation":270},"up":{"uv":[11,11,13,14],"texture":"#all","cullface":"up"}}},{"from":[8,16,12],"to":[15,16.492188,13],"faces":{"north":{"uv":[15,12,8,13],"texture":"#all","cullface":"up"},"east":{"uv":[14,12,15,13],"texture":"#all","cullface":"up","rotation":90},"south":{"uv":[15,12,8,13],"texture":"#all","cullface":"up","rotation":180},"west":{"uv":[8,12,9,13],"texture":"#all","cullface":"up","rotation":270},"up":{"uv":[8,12,15,13],"texture":"#all","cullface":"up"}}},{"from":[9,16,13],"to":[13,16.492188,14],"faces":{"south":{"uv":[13,13,9,14],"texture":"#all","cullface":"up","rotation":180},"west":{"uv":[9,13,10,14],"texture":"#all","cullface":"up","rotation":270},"up":{"uv":[9,13,13,14],"texture":"#all","cullface":"up"}}},{"from":[9,16,8],"to":[13,16.492188,9],"faces":{"north":{"uv":[13,8,9,9],"texture":"#all","cullface":"up"},"east":{"uv":[12,8,13,9],"texture":"#all","cullface":"up","rotation":90},"south":{"uv":[13,8,9,9],"texture":"#all","cullface":"up","rotation":180},"west":{"uv":[9,8,10,9],"texture":"#all","cullface":"up","rotation":270},"up":{"uv":[9,8,13,9],"texture":"#all","cullface":"up"}}},{"from":[10,16,1],"to":[14,16.492188,2],"faces":{"north":{"uv":[14,1,10,2],"texture":"#all","cullface":"up"},"east":{"uv":[13,1,14,2],"texture":"#all","cullface":"up","rotation":90},"south":{"uv":[14,1,10,2],"texture":"#all","cullface":"up","rotation":180},"west":{"uv":[10,1,11,2],"texture":"#all","cullface":"up","rotation":270},"up":{"uv":[10,1,14,2],"texture":"#all","cullface":"up"}}},{"from":[2,16,2],"to":[5,16.492188,3],"faces":{"north":{"uv":[5,2,2,3],"texture":"#all","cullface":"up"},"east":{"uv":[4,2,5,3],"texture":"#all","cullface":"up","rotation":90},"south":{"uv":[5,2,2,3],"texture":"#all","cullface":"up","rotation":180},"west":{"uv":[2,2,3,3],"texture":"#all","cullface":"up","rotation":270},"up":{"uv":[2,2,5,3],"texture":"#all","cullface":"up"}}},{"from":[1,16,3],"to":[4,16.492188,4],"faces":{"north":{"uv":[4,3,1,4],"texture":"#all","cullface":"up"},"east":{"uv":[3,3,4,4],"texture":"#all","cullface":"up","rotation":90},"south":{"uv":[4,3,1,4],"texture":"#all","cullface":"up","rotation":180},"west":{"uv":[1,3,2,4],"texture":"#all","cullface":"up","rotation":270},"up":{"uv":[1,3,4,4],"texture":"#all","cullface":"up"}}},{"from":[2,16,9],"to":[7,16.492188,10],"faces":{"north":{"uv":[7,9,2,10],"texture":"#all","cullface":"up"},"east":{"uv":[6,9,7,10],"texture":"#all","cullface":"up","rotation":90},"south":{"uv":[7,9,2,10],"texture":"#all","cullface":"up","rotation":180},"west":{"uv":[2,9,3,10],"texture":"#all","cullface":"up","rotation":270},"up":{"uv":[2,9,7,10],"texture":"#all","cullface":"up"}}},{"from":[4,16,5],"to":[11,16.492188,6],"faces":{"north":{"uv":[11,5,4,6],"texture":"#all","cullface":"up"},"east":{"uv":[10,5,11,6],"texture":"#all","cullface":"up","rotation":90},"south":{"uv":[11,5,4,6],"texture":"#all","cullface":"up","rotation":180},"west":{"uv":[4,5,5,6],"texture":"#all","cullface":"up","rotation":270},"up":{"uv":[4,5,11,6],"texture":"#all","cullface":"up"}}},{"from":[7,16,4],"to":[12,16.492188,5],"faces":{"north":{"uv":[12,4,7,5],"texture":"#all","cullface":"up"},"east":{"uv":[11,4,12,5],"texture":"#all","cullface":"up","rotation":90},"south":{"uv":[12,4,7,5],"texture":"#all","cullface":"up","rotation":180},"west":{"uv":[7,4,8,5],"texture":"#all","cullface":"up","rotation":270},"up":{"uv":[7,4,12,5],"texture":"#all","cullface":"up"}}},{"from":[6,16,6],"to":[9,16.492188,7],"faces":{"east":{"uv":[8,6,9,7],"texture":"#all","cullface":"up","rotation":90},"south":{"uv":[9,6,6,7],"texture":"#all","cullface":"up","rotation":180},"west":{"uv":[6,6,7,7],"texture":"#all","cullface":"up","rotation":270},"up":{"uv":[6,6,9,7],"texture":"#all","cullface":"up"}}},{"from":[2,-0.4921875,1],"to":[4,0,2],"faces":{"north":{"uv":[4,14,2,15],"texture":"#all","cullface":"down"},"east":{"uv":[3,14,4,15],"texture":"#all","cullface":"down","rotation":270},"south":{"uv":[4,14,2,15],"texture":"#all","cullface":"down","rotation":180},"west":{"uv":[2,14,3,15],"texture":"#all","cullface":"down","rotation":90},"down":{"uv":[2,14,4,15],"texture":"#all","cullface":"down"}}},{"from":[1,-0.4921875,2],"to":[3,0,3],"faces":{"north":{"uv":[3,13,1,14],"texture":"#all","cullface":"down"},"east":{"uv":[2,13,3,14],"texture":"#all","cullface":"down","rotation":270},"south":{"uv":[3,13,1,14],"texture":"#all","cullface":"down","rotation":180},"west":{"uv":[1,13,2,14],"texture":"#all","cullface":"down","rotation":90},"down":{"uv":[1,13,3,14],"texture":"#all","cullface":"down"}}},{"from":[4,-0.4921875,3],"to":[6,0,4],"faces":{"north":{"uv":[6,12,4,13],"texture":"#all","cullface":"down"},"east":{"uv":[5,12,6,13],"texture":"#all","cullface":"down","rotation":270},"south":{"uv":[6,12,4,13],"texture":"#all","cullface":"down","rotation":180},"west":{"uv":[4,12,5,13],"texture":"#all","cullface":"down","rotation":90},"down":{"uv":[4,12,6,13],"texture":"#all","cullface":"down"}}},{"from":[4,-0.4921875,5],"to":[6,0,6],"faces":{"north":{"uv":[6,10,4,11],"texture":"#all","cullface":"down"},"east":{"uv":[5,10,6,11],"texture":"#all","cullface":"down","rotation":270},"west":{"uv":[4,10,5,11],"texture":"#all","cullface":"down","rotation":90},"down":{"uv":[4,10,6,11],"texture":"#all","cullface":"down"}}},{"from":[3,-0.4921875,7],"to":[5,0,8],"faces":{"east":{"uv":[4,8,5,9],"texture":"#all","cullface":"down","rotation":270},"south":{"uv":[5,8,3,9],"texture":"#all","cullface":"down","rotation":180},"west":{"uv":[3,8,4,9],"texture":"#all","cullface":"down","rotation":90},"down":{"uv":[3,8,5,9],"texture":"#all","cullface":"down"}}},{"from":[10,-0.4921875,6],"to":[12,0,7],"faces":{"north":{"uv":[12,9,10,10],"texture":"#all","cullface":"down"},"east":{"uv":[11,9,12,10],"texture":"#all","cullface":"down","rotation":270},"west":{"uv":[10,9,11,10],"texture":"#all","cullface":"down","rotation":90},"down":{"uv":[10,9,12,10],"texture":"#all","cullface":"down"}}},{"from":[13,-0.4921875,10],"to":[15,0,11],"faces":{"north":{"uv":[15,5,13,6],"texture":"#all","cullface":"down"},"east":{"uv":[14,5,15,6],"texture":"#all","cullface":"down","rotation":270},"south":{"uv":[15,5,13,6],"texture":"#all","cullface":"down","rotation":180},"west":{"uv":[13,5,14,6],"texture":"#all","cullface":"down","rotation":90},"down":{"uv":[13,5,15,6],"texture":"#all","cullface":"down"}}},{"from":[11,-0.4921875,13],"to":[13,0,14],"faces":{"north":{"uv":[13,2,11,3],"texture":"#all","cullface":"down"},"east":{"uv":[12,2,13,3],"texture":"#all","cullface":"down","rotation":270},"west":{"uv":[11,2,12,3],"texture":"#all","cullface":"down","rotation":90},"down":{"uv":[11,2,13,3],"texture":"#all","cullface":"down"}}},{"from":[11,-0.4921875,2],"to":[13,0,5],"faces":{"east":{"uv":[12,11,13,14],"texture":"#all","cullface":"down","rotation":270},"south":{"uv":[13,11,11,12],"texture":"#all","cullface":"down","rotation":180},"west":{"uv":[11,11,12,14],"texture":"#all","cullface":"down","rotation":90},"down":{"uv":[11,11,13,14],"texture":"#all","cullface":"down"}}},{"from":[8,-0.4921875,3],"to":[15,0,4],"faces":{"north":{"uv":[15,12,8,13],"texture":"#all","cullface":"down"},"east":{"uv":[14,12,15,13],"texture":"#all","cullface":"down","rotation":270},"south":{"uv":[15,12,8,13],"texture":"#all","cullface":"down","rotation":180},"west":{"uv":[8,12,9,13],"texture":"#all","cullface":"down","rotation":90},"down":{"uv":[8,12,15,13],"texture":"#all","cullface":"down"}}},{"from":[9,-0.4921875,2],"to":[13,0,3],"faces":{"north":{"uv":[13,13,9,14],"texture":"#all","cullface":"down"},"west":{"uv":[9,13,10,14],"texture":"#all","cullface":"down","rotation":90},"down":{"uv":[9,13,13,14],"texture":"#all","cullface":"down"}}},{"from":[9,-0.4921875,7],"to":[13,0,8],"faces":{"north":{"uv":[13,8,9,9],"texture":"#all","cullface":"down"},"east":{"uv":[12,8,13,9],"texture":"#all","cullface":"down","rotation":270},"south":{"uv":[13,8,9,9],"texture":"#all","cullface":"down","rotation":180},"west":{"uv":[9,8,10,9],"texture":"#all","cullface":"down","rotation":90},"down":{"uv":[9,8,13,9],"texture":"#all","cullface":"down"}}},{"from":[10,-0.4921875,14],"to":[14,0,15],"faces":{"north":{"uv":[14,1,10,2],"texture":"#all","cullface":"down"},"east":{"uv":[13,1,14,2],"texture":"#all","cullface":"down","rotation":270},"south":{"uv":[14,1,10,2],"texture":"#all","cullface":"down","rotation":180},"west":{"uv":[10,1,11,2],"texture":"#all","cullface":"down","rotation":90},"down":{"uv":[10,1,14,2],"texture":"#all","cullface":"down"}}},{"from":[2,-0.4921875,13],"to":[5,0,14],"faces":{"north":{"uv":[5,2,2,3],"texture":"#all","cullface":"down"},"east":{"uv":[4,2,5,3],"texture":"#all","cullface":"down","rotation":270},"south":{"uv":[5,2,2,3],"texture":"#all","cullface":"down","rotation":180},"west":{"uv":[2,2,3,3],"texture":"#all","cullface":"down","rotation":90},"down":{"uv":[2,2,5,3],"texture":"#all","cullface":"down"}}},{"from":[1,-0.4921875,12],"to":[4,0,13],"faces":{"north":{"uv":[4,3,1,4],"texture":"#all","cullface":"down"},"east":{"uv":[3,3,4,4],"texture":"#all","cullface":"down","rotation":270},"south":{"uv":[4,3,1,4],"texture":"#all","cullface":"down","rotation":180},"west":{"uv":[1,3,2,4],"texture":"#all","cullface":"down","rotation":90},"down":{"uv":[1,3,4,4],"texture":"#all","cullface":"down"}}},{"from":[2,-0.4921875,6],"to":[7,0,7],"faces":{"north":{"uv":[7,9,2,10],"texture":"#all","cullface":"down"},"east":{"uv":[6,9,7,10],"texture":"#all","cullface":"down","rotation":270},"south":{"uv":[7,9,2,10],"texture":"#all","cullface":"down","rotation":180},"west":{"uv":[2,9,3,10],"texture":"#all","cullface":"down","rotation":90},"down":{"uv":[2,9,7,10],"texture":"#all","cullface":"down"}}},{"from":[4,-0.4921875,10],"to":[11,0,11],"faces":{"north":{"uv":[11,5,4,6],"texture":"#all","cullface":"down"},"east":{"uv":[10,5,11,6],"texture":"#all","cullface":"down","rotation":270},"south":{"uv":[11,5,4,6],"texture":"#all","cullface":"down","rotation":180},"west":{"uv":[4,5,5,6],"texture":"#all","cullface":"down","rotation":90},"down":{"uv":[4,5,11,6],"texture":"#all","cullface":"down"}}},{"from":[7,-0.4921875,11],"to":[12,0,12],"faces":{"north":{"uv":[12,4,7,5],"texture":"#all","cullface":"down"},"east":{"uv":[11,4,12,5],"texture":"#all","cullface":"down","rotation":270},"south":{"uv":[12,4,7,5],"texture":"#all","cullface":"down","rotation":180},"west":{"uv":[7,4,8,5],"texture":"#all","cullface":"down","rotation":90},"down":{"uv":[7,4,12,5],"texture":"#all","cullface":"down"}}},{"from":[6,-0.4921875,9],"to":[9,0,10],"faces":{"north":{"uv":[9,6,6,7],"texture":"#all","cullface":"down"},"east":{"uv":[8,6,9,7],"texture":"#all","cullface":"down","rotation":270},"west":{"uv":[6,6,7,7],"texture":"#all","cullface":"down","rotation":90},"down":{"uv":[6,6,9,7],"texture":"#all","cullface":"down"}}}]}