{"parent":"block/template/outer_stairs_all","elements":[{"from":[0,8,0],"to":[16,16,16],"faces":{"north":{"texture":"#all","cullface":"north"},"east":{"texture":"#all","cullface":"east"},"south":{"texture":"#all","cullface":"south"},"west":{"texture":"#all","cullface":"west"},"up":{"texture":"#all","cullface":"up"},"down":{"texture":"#all"}}},{"from":[8,0,0],"to":[16,8,8],"faces":{"north":{"texture":"#all","cullface":"north"},"east":{"texture":"#all","cullface":"east"},"south":{"texture":"#all"},"west":{"texture":"#all"},"down":{"texture":"#all","cullface":"down"}}},{"from":[16,8,0.0078125],"to":[16.492188,11,7],"faces":{"north":{"uv":[15,5,16,8],"texture":"#all","cullface":"east"},"east":{"uv":[9,5,16,8],"texture":"#all","cullface":"east"},"south":{"uv":[9,5,10,8],"texture":"#all","cullface":"east"},"up":{"uv":[16,5,9,6],"texture":"#all","cullface":"east","rotation":90},"down":{"uv":[16,7,9,8],"texture":"#all","cullface":"east","rotation":270}}},{"from":[16,8,8],"to":[16.492188,11,15],"faces":{"north":{"uv":[7,5,8,8],"texture":"#all","cullface":"east"},"east":{"uv":[1,5,8,8],"texture":"#all","cullface":"east"},"south":{"uv":[1,5,2,8],"texture":"#all","cullface":"east"},"up":{"uv":[8,5,1,6],"texture":"#all","cullface":"east","rotation":90},"down":{"uv":[8,7,1,8],"texture":"#all","cullface":"east","rotation":270}}},{"from":[16,12,12],"to":[16.492188,15,15.9921875],"faces":{"north":{"uv":[3,1,4,4],"texture":"#all","cullface":"east"},"east":{"uv":[0,1,4,4],"texture":"#all","cullface":"east"},"south":{"uv":[0,1,1,4],"texture":"#all","cullface":"east"},"up":{"uv":[4,1,0,2],"texture":"#all","cullface":"east","rotation":90},"down":{"uv":[4,3,0,4],"texture":"#all","cullface":"east","rotation":270}}},{"from":[16,12,4],"to":[16.492188,15,11],"faces":{"north":{"uv":[11,1,12,4],"texture":"#all","cullface":"east"},"east":{"uv":[5,1,12,4],"texture":"#all","cullface":"east"},"south":{"uv":[5,1,6,4],"texture":"#all","cullface":"east"},"up":{"uv":[12,1,5,2],"texture":"#all","cullface":"east","rotation":90},"down":{"uv":[12,3,5,4],"texture":"#all","cullface":"east","rotation":270}}},{"from":[16,12,0.0078125],"to":[16.492188,15,3],"faces":{"north":{"uv":[15,1,16,4],"texture":"#all","cullface":"east"},"east":{"uv":[13,1,16,4],"texture":"#all","cullface":"east"},"south":{"uv":[13,1,14,4],"texture":"#all","cullface":"east"},"up":{"uv":[16,1,13,2],"texture":"#all","cullface":"east","rotation":90},"down":{"uv":[16,3,13,4],"texture":"#all","cullface":"east","rotation":270}}},{"from":[16,4,0.0078125],"to":[16.492188,7,1],"faces":{"north":{"uv":[15,9,16,12],"texture":"#all","cullface":"east"},"east":{"uv":[15,9,16,12],"texture":"#all","cullface":"east"},"south":{"uv":[15,9,16,12],"texture":"#all","cullface":"east"},"up":{"uv":[16,9,15,10],"texture":"#all","cullface":"east","rotation":90},"down":{"uv":[16,11,15,12],"texture":"#all","cullface":"east","rotation":270}}},{"from":[16,4,2],"to":[16.492188,7,5],"faces":{"north":{"uv":[13,9,14,12],"texture":"#all","cullface":"east"},"east":{"uv":[11,9,14,12],"texture":"#all","cullface":"east"},"south":{"uv":[11,9,12,12],"texture":"#all","cullface":"east"},"up":{"uv":[14,9,11,10],"texture":"#all","cullface":"east","rotation":90},"down":{"uv":[14,11,11,12],"texture":"#all","cullface":"east","rotation":270}}},{"from":[16,4,6],"to":[16.492188,7,8],"faces":{"north":{"uv":[9,9,10,12],"texture":"#all","cullface":"east"},"east":{"uv":[8,9,10,12],"texture":"#all","cullface":"east"},"south":{"uv":[8,9,9,12],"texture":"#all","cullface":"east"},"up":{"uv":[10,9,8,10],"texture":"#all","cullface":"east","rotation":90},"down":{"uv":[10,11,8,12],"texture":"#all","cullface":"east","rotation":270}}},{"from":[16,0.0078125,4],"to":[16.492188,3,8],"faces":{"north":{"uv":[11,13,12,16],"texture":"#all","cullface":"east"},"east":{"uv":[8,13,12,16],"texture":"#all","cullface":"east"},"south":{"uv":[8,13,9,16],"texture":"#all","cullface":"east"},"up":{"uv":[12,13,8,14],"texture":"#all","cullface":"east","rotation":90},"down":{"uv":[12,15,8,16],"texture":"#all","cullface":"east","rotation":270}}},{"from":[16,0.0078125,0.0078125],"to":[16.492188,3,3],"faces":{"north":{"uv":[15,13,16,16],"texture":"#all","cullface":"east"},"east":{"uv":[13,13,16,16],"texture":"#all","cullface":"east"},"south":{"uv":[13,13,14,16],"texture":"#all","cullface":"east"},"up":{"uv":[16,13,13,14],"texture":"#all","cullface":"east","rotation":90},"down":{"uv":[16,15,13,16],"texture":"#all","cullface":"east","rotation":270}}},{"from":[0.0078125,8,-0.4921875],"to":[7,11,0],"faces":{"north":{"uv":[9,5,16,8],"texture":"#all","cullface":"north"},"east":{"uv":[9,5,10,8],"texture":"#all","cullface":"north"},"west":{"uv":[15,5,16,8],"texture":"#all","cullface":"north"},"up":{"uv":[16,5,9,6],"texture":"#all","cullface":"north"},"down":{"uv":[16,7,9,8],"texture":"#all","cullface":"north"}}},{"from":[8,8,-0.4921875],"to":[15,11,0],"faces":{"north":{"uv":[1,5,8,8],"texture":"#all","cullface":"north"},"east":{"uv":[1,5,2,8],"texture":"#all","cullface":"north"},"west":{"uv":[7,5,8,8],"texture":"#all","cullface":"north"},"up":{"uv":[8,5,1,6],"texture":"#all","cullface":"north"},"down":{"uv":[8,7,1,8],"texture":"#all","cullface":"north"}}},{"from":[12,12,-0.4921875],"to":[15.9921875,15,0],"faces":{"north":{"uv":[0,1,4,4],"texture":"#all","cullface":"north"},"east":{"uv":[0,1,1,4],"texture":"#all","cullface":"north"},"west":{"uv":[3,1,4,4],"texture":"#all","cullface":"north"},"up":{"uv":[4,1,0,2],"texture":"#all","cullface":"north"},"down":{"uv":[4,3,0,4],"texture":"#all","cullface":"north"}}},{"from":[4,12,-0.4921875],"to":[11,15,0],"faces":{"north":{"uv":[5,1,12,4],"texture":"#all","cullface":"north"},"east":{"uv":[5,1,6,4],"texture":"#all","cullface":"north"},"west":{"uv":[11,1,12,4],"texture":"#all","cullface":"north"},"up":{"uv":[12,1,5,2],"texture":"#all","cullface":"north"},"down":{"uv":[12,3,5,4],"texture":"#all","cullface":"north"}}},{"from":[0.0078125,12,-0.4921875],"to":[3,15,0],"faces":{"north":{"uv":[13,1,16,4],"texture":"#all","cullface":"north"},"east":{"uv":[13,1,14,4],"texture":"#all","cullface":"north"},"west":{"uv":[15,1,16,4],"texture":"#all","cullface":"north"},"up":{"uv":[16,1,13,2],"texture":"#all","cullface":"north"},"down":{"uv":[16,3,13,4],"texture":"#all","cullface":"north"}}},{"from":[8,4,-0.4921875],"to":[9,7,0],"faces":{"north":{"uv":[7,9,8,12],"texture":"#all","cullface":"north"},"east":{"uv":[7,9,8,12],"texture":"#all","cullface":"north"},"west":{"uv":[7,9,8,12],"texture":"#all","cullface":"north"},"up":{"uv":[8,9,7,10],"texture":"#all","cullface":"north"},"down":{"uv":[8,11,7,12],"texture":"#all","cullface":"north"}}},{"from":[10,4,-0.4921875],"to":[13,7,0],"faces":{"north":{"uv":[3,9,6,12],"texture":"#all","cullface":"north"},"east":{"uv":[3,9,4,12],"texture":"#all","cullface":"north"},"west":{"uv":[5,9,6,12],"texture":"#all","cullface":"north"},"up":{"uv":[6,9,3,10],"texture":"#all","cullface":"north"},"down":{"uv":[6,11,3,12],"texture":"#all","cullface":"north"}}},{"from":[14,4,-0.4921875],"to":[15.9921875,7,0],"faces":{"north":{"uv":[0,9,2,12],"texture":"#all","cullface":"north"},"east":{"uv":[0,9,1,12],"texture":"#all","cullface":"north"},"west":{"uv":[1,9,2,12],"texture":"#all","cullface":"north"},"up":{"uv":[2,9,0,10],"texture":"#all","cullface":"north"},"down":{"uv":[2,11,0,12],"texture":"#all","cullface":"north"}}},{"from":[12,0.0078125,-0.4921875],"to":[15.9921875,3,0],"faces":{"north":{"uv":[0,13,4,16],"texture":"#all","cullface":"north"},"east":{"uv":[0,13,1,16],"texture":"#all","cullface":"north"},"west":{"uv":[3,13,4,16],"texture":"#all","cullface":"north"},"up":{"uv":[4,13,0,14],"texture":"#all","cullface":"north"},"down":{"uv":[4,15,0,16],"texture":"#all","cullface":"north"}}},{"from":[8,0.0078125,-0.4921875],"to":[11,3,0],"faces":{"north":{"uv":[5,13,8,16],"texture":"#all","cullface":"north"},"east":{"uv":[5,13,6,16],"texture":"#all","cullface":"north"},"west":{"uv":[7,13,8,16],"texture":"#all","cullface":"north"},"up":{"uv":[8,13,5,14],"texture":"#all","cullface":"north"},"down":{"uv":[8,15,5,16],"texture":"#all","cullface":"north"}}},{"from":[-0.4921875,8,9],"to":[0,11,15.9921875],"faces":{"north":{"uv":[9,5,10,8],"texture":"#all","cullface":"west"},"south":{"uv":[15,5,16,8],"texture":"#all","cullface":"west"},"west":{"uv":[9,5,16,8],"texture":"#all","cullface":"west"},"up":{"uv":[16,5,9,6],"texture":"#all","cullface":"west","rotation":270},"down":{"uv":[16,7,9,8],"texture":"#all","cullface":"west","rotation":90}}},{"from":[-0.4921875,8,1],"to":[0,11,8],"faces":{"north":{"uv":[1,5,2,8],"texture":"#all","cullface":"west"},"south":{"uv":[7,5,8,8],"texture":"#all","cullface":"west"},"west":{"uv":[1,5,8,8],"texture":"#all","cullface":"west"},"up":{"uv":[8,5,1,6],"texture":"#all","cullface":"west","rotation":270},"down":{"uv":[8,7,1,8],"texture":"#all","cullface":"west","rotation":90}}},{"from":[-0.4921875,12,0.0078125],"to":[0,15,4],"faces":{"north":{"uv":[0,1,1,4],"texture":"#all","cullface":"west"},"south":{"uv":[3,1,4,4],"texture":"#all","cullface":"west"},"west":{"uv":[0,1,4,4],"texture":"#all","cullface":"west"},"up":{"uv":[4,1,0,2],"texture":"#all","cullface":"west","rotation":270},"down":{"uv":[4,3,0,4],"texture":"#all","cullface":"west","rotation":90}}},{"from":[-0.4921875,12,5],"to":[0,15,12],"faces":{"north":{"uv":[5,1,6,4],"texture":"#all","cullface":"west"},"south":{"uv":[11,1,12,4],"texture":"#all","cullface":"west"},"west":{"uv":[5,1,12,4],"texture":"#all","cullface":"west"},"up":{"uv":[12,1,5,2],"texture":"#all","cullface":"west","rotation":270},"down":{"uv":[12,3,5,4],"texture":"#all","cullface":"west","rotation":90}}},{"from":[-0.4921875,12,13],"to":[0,15,15.9921875],"faces":{"north":{"uv":[13,1,14,4],"texture":"#all","cullface":"west"},"south":{"uv":[15,1,16,4],"texture":"#all","cullface":"west"},"west":{"uv":[13,1,16,4],"texture":"#all","cullface":"west"},"up":{"uv":[16,1,13,2],"texture":"#all","cullface":"west","rotation":270},"down":{"uv":[16,3,13,4],"texture":"#all","cullface":"west","rotation":90}}},{"from":[7.5,0,5],"to":[8,3,8],"faces":{"north":{"uv":[5,13,6,16],"texture":"#all"},"south":{"uv":[7,13,8,16],"texture":"#all"},"west":{"uv":[5,13,8,16],"texture":"#all"},"up":{"uv":[8,13,5,14],"texture":"#all","rotation":270},"down":{"uv":[8,15,5,16],"texture":"#all","rotation":90}}},{"from":[7.5,0,0],"to":[8,3,4],"faces":{"north":{"uv":[0,13,1,16],"texture":"#all"},"south":{"uv":[3,13,4,16],"texture":"#all"},"west":{"uv":[0,13,4,16],"texture":"#all"},"up":{"uv":[4,13,0,14],"texture":"#all","rotation":270},"down":{"uv":[4,15,0,16],"texture":"#all","rotation":90}}},{"from":[7.5,4,0],"to":[8,7,2],"faces":{"north":{"uv":[0,9,1,12],"texture":"#all"},"south":{"uv":[1,9,2,12],"texture":"#all"},"west":{"uv":[0,9,2,12],"texture":"#all"},"up":{"uv":[2,9,0,10],"texture":"#all","rotation":270},"down":{"uv":[2,11,0,12],"texture":"#all","rotation":90}}},{"from":[7.5,4,3],"to":[8,7,6],"faces":{"north":{"uv":[3,9,4,12],"texture":"#all"},"south":{"uv":[5,9,6,12],"texture":"#all"},"west":{"uv":[3,9,6,12],"texture":"#all"},"up":{"uv":[6,9,3,10],"texture":"#all","rotation":270},"down":{"uv":[6,11,3,12],"texture":"#all","rotation":90}}},{"from":[7.5,4,7],"to":[8,7,8],"faces":{"north":{"uv":[7,9,8,12],"texture":"#all"},"south":{"uv":[7,9,8,12],"texture":"#all"},"west":{"uv":[7,9,8,12],"texture":"#all"},"up":{"uv":[8,9,7,10],"texture":"#all","rotation":270},"down":{"uv":[8,11,7,12],"texture":"#all","rotation":90}}},{"from":[9,8,16],"to":[15.9921875,11,16.492188],"faces":{"east":{"uv":[15,5,16,8],"texture":"#all","cullface":"south"},"south":{"uv":[9,5,16,8],"texture":"#all","cullface":"south"},"west":{"uv":[9,5,10,8],"texture":"#all","cullface":"south"},"up":{"uv":[16,5,9,6],"texture":"#all","cullface":"south","rotation":180},"down":{"uv":[16,7,9,8],"texture":"#all","cullface":"south","rotation":180}}},{"from":[1,8,16],"to":[8,11,16.492188],"faces":{"east":{"uv":[7,5,8,8],"texture":"#all","cullface":"south"},"south":{"uv":[1,5,8,8],"texture":"#all","cullface":"south"},"west":{"uv":[1,5,2,8],"texture":"#all","cullface":"south"},"up":{"uv":[8,5,1,6],"texture":"#all","cullface":"south","rotation":180},"down":{"uv":[8,7,1,8],"texture":"#all","cullface":"south","rotation":180}}},{"from":[0.0078125,12,16],"to":[4,15,16.492188],"faces":{"east":{"uv":[3,1,4,4],"texture":"#all","cullface":"south"},"south":{"uv":[0,1,4,4],"texture":"#all","cullface":"south"},"west":{"uv":[0,1,1,4],"texture":"#all","cullface":"south"},"up":{"uv":[4,1,0,2],"texture":"#all","cullface":"south","rotation":180},"down":{"uv":[4,3,0,4],"texture":"#all","cullface":"south","rotation":180}}},{"from":[5,12,16],"to":[12,15,16.492188],"faces":{"east":{"uv":[11,1,12,4],"texture":"#all","cullface":"south"},"south":{"uv":[5,1,12,4],"texture":"#all","cullface":"south"},"west":{"uv":[5,1,6,4],"texture":"#all","cullface":"south"},"up":{"uv":[12,1,5,2],"texture":"#all","cullface":"south","rotation":180},"down":{"uv":[12,3,5,4],"texture":"#all","cullface":"south","rotation":180}}},{"from":[13,12,16],"to":[15.9921875,15,16.492188],"faces":{"east":{"uv":[15,1,16,4],"texture":"#all","cullface":"south"},"south":{"uv":[13,1,16,4],"texture":"#all","cullface":"south"},"west":{"uv":[13,1,14,4],"texture":"#all","cullface":"south"},"up":{"uv":[16,1,13,2],"texture":"#all","cullface":"south","rotation":180},"down":{"uv":[16,3,13,4],"texture":"#all","cullface":"south","rotation":180}}},{"from":[13,0,8],"to":[16,3,8.5],"faces":{"east":{"uv":[15,13,16,16],"texture":"#all"},"south":{"uv":[13,13,16,16],"texture":"#all"},"west":{"uv":[13,13,14,16],"texture":"#all"},"up":{"uv":[16,13,13,14],"texture":"#all","rotation":180},"down":{"uv":[16,15,13,16],"texture":"#all","rotation":180}}},{"from":[8,0,8],"to":[12,3,8.5],"faces":{"east":{"uv":[11,13,12,16],"texture":"#all"},"south":{"uv":[8,13,12,16],"texture":"#all"},"west":{"uv":[8,13,9,16],"texture":"#all"},"up":{"uv":[12,13,8,14],"texture":"#all","rotation":180},"down":{"uv":[12,15,8,16],"texture":"#all","rotation":180}}},{"from":[8,4,8],"to":[10,7,8.5],"faces":{"east":{"uv":[9,9,10,12],"texture":"#all"},"south":{"uv":[8,9,10,12],"texture":"#all"},"west":{"uv":[8,9,9,12],"texture":"#all"},"up":{"uv":[10,9,8,10],"texture":"#all","rotation":180},"down":{"uv":[10,11,8,12],"texture":"#all","rotation":180}}},{"from":[11,4,8],"to":[14,7,8.5],"faces":{"east":{"uv":[13,9,14,12],"texture":"#all"},"south":{"uv":[11,9,14,12],"texture":"#all"},"west":{"uv":[11,9,12,12],"texture":"#all"},"up":{"uv":[14,9,11,10],"texture":"#all","rotation":180},"down":{"uv":[14,11,11,12],"texture":"#all","rotation":180}}},{"from":[15,4,8],"to":[16,7,8.5],"faces":{"east":{"uv":[15,9,16,12],"texture":"#all"},"south":{"uv":[15,9,16,12],"texture":"#all"},"west":{"uv":[15,9,16,12],"texture":"#all"},"up":{"uv":[16,9,15,10],"texture":"#all","rotation":180},"down":{"uv":[16,11,15,12],"texture":"#all","rotation":180}}},{"from":[13,16,13],"to":[15.9921875,16.492188,15.9921875],"faces":{"north":{"uv":[16,13,13,14],"texture":"#all","cullface":"up"},"east":{"uv":[15,13,16,16],"texture":"#all","cullface":"up","rotation":90},"south":{"uv":[16,15,13,16],"texture":"#all","cullface":"up","rotation":180},"west":{"uv":[13,13,14,16],"texture":"#all","cullface":"up","rotation":270},"up":{"uv":[13,13,16,16],"texture":"#all","cullface":"up"}}},{"from":[5,16,13],"to":[12,16.492188,15.9921875],"faces":{"north":{"uv":[12,13,5,14],"texture":"#all","cullface":"up"},"east":{"uv":[11,13,12,16],"texture":"#all","cullface":"up","rotation":90},"south":{"uv":[12,15,5,16],"texture":"#all","cullface":"up","rotation":180},"west":{"uv":[5,13,6,16],"texture":"#all","cullface":"up","rotation":270},"up":{"uv":[5,13,12,16],"texture":"#all","cullface":"up"}}},{"from":[0.0078125,16,13],"to":[4,16.492188,15.9921875],"faces":{"north":{"uv":[4,13,0,14],"texture":"#all","cullface":"up"},"east":{"uv":[3,13,4,16],"texture":"#all","cullface":"up","rotation":90},"south":{"uv":[4,15,0,16],"texture":"#all","cullface":"up","rotation":180},"west":{"uv":[0,13,1,16],"texture":"#all","cullface":"up","rotation":270},"up":{"uv":[0,13,4,16],"texture":"#all","cullface":"up"}}},{"from":[0.0078125,16,9],"to":[2,16.492188,12],"faces":{"north":{"uv":[2,9,0,10],"texture":"#all","cullface":"up"},"east":{"uv":[1,9,2,12],"texture":"#all","cullface":"up","rotation":90},"south":{"uv":[2,11,0,12],"texture":"#all","cullface":"up","rotation":180},"west":{"uv":[0,9,1,12],"texture":"#all","cullface":"up","rotation":270},"up":{"uv":[0,9,2,12],"texture":"#all","cullface":"up"}}},{"from":[3,16,9],"to":[6,16.492188,12],"faces":{"north":{"uv":[6,9,3,10],"texture":"#all","cullface":"up"},"east":{"uv":[5,9,6,12],"texture":"#all","cullface":"up","rotation":90},"south":{"uv":[6,11,3,12],"texture":"#all","cullface":"up","rotation":180},"west":{"uv":[3,9,4,12],"texture":"#all","cullface":"up","rotation":270},"up":{"uv":[3,9,6,12],"texture":"#all","cullface":"up"}}},{"from":[7,16,9],"to":[10,16.492188,12],"faces":{"north":{"uv":[10,9,7,10],"texture":"#all","cullface":"up"},"east":{"uv":[9,9,10,12],"texture":"#all","cullface":"up","rotation":90},"south":{"uv":[10,11,7,12],"texture":"#all","cullface":"up","rotation":180},"west":{"uv":[7,9,8,12],"texture":"#all","cullface":"up","rotation":270},"up":{"uv":[7,9,10,12],"texture":"#all","cullface":"up"}}},{"from":[11,16,9],"to":[14,16.492188,12],"faces":{"north":{"uv":[14,9,11,10],"texture":"#all","cullface":"up"},"east":{"uv":[13,9,14,12],"texture":"#all","cullface":"up","rotation":90},"south":{"uv":[14,11,11,12],"texture":"#all","cullface":"up","rotation":180},"west":{"uv":[11,9,12,12],"texture":"#all","cullface":"up","rotation":270},"up":{"uv":[11,9,14,12],"texture":"#all","cullface":"up"}}},{"from":[15,16,9],"to":[15.9921875,16.492188,12],"faces":{"north":{"uv":[16,9,15,10],"texture":"#all","cullface":"up"},"east":{"uv":[15,9,16,12],"texture":"#all","cullface":"up","rotation":90},"south":{"uv":[16,11,15,12],"texture":"#all","cullface":"up","rotation":180},"west":{"uv":[15,9,16,12],"texture":"#all","cullface":"up","rotation":270},"up":{"uv":[15,9,16,12],"texture":"#all","cullface":"up"}}},{"from":[9,16,5],"to":[15.9921875,16.492188,8],"faces":{"north":{"uv":[16,5,9,6],"texture":"#all","cullface":"up"},"east":{"uv":[15,5,16,8],"texture":"#all","cullface":"up","rotation":90},"south":{"uv":[16,7,9,8],"texture":"#all","cullface":"up","rotation":180},"west":{"uv":[9,5,10,8],"texture":"#all","cullface":"up","rotation":270},"up":{"uv":[9,5,16,8],"texture":"#all","cullface":"up"}}},{"from":[1,16,5],"to":[8,16.492188,8],"faces":{"north":{"uv":[8,5,1,6],"texture":"#all","cullface":"up"},"east":{"uv":[7,5,8,8],"texture":"#all","cullface":"up","rotation":90},"south":{"uv":[8,7,1,8],"texture":"#all","cullface":"up","rotation":180},"west":{"uv":[1,5,2,8],"texture":"#all","cullface":"up","rotation":270},"up":{"uv":[1,5,8,8],"texture":"#all","cullface":"up"}}},{"from":[0.0078125,16,1],"to":[4,16.492188,4],"faces":{"north":{"uv":[4,1,0,2],"texture":"#all","cullface":"up"},"east":{"uv":[3,1,4,4],"texture":"#all","cullface":"up","rotation":90},"south":{"uv":[4,3,0,4],"texture":"#all","cullface":"up","rotation":180},"west":{"uv":[0,1,1,4],"texture":"#all","cullface":"up","rotation":270},"up":{"uv":[0,1,4,4],"texture":"#all","cullface":"up"}}},{"from":[5,16,1],"to":[12,16.492188,4],"faces":{"north":{"uv":[12,1,5,2],"texture":"#all","cullface":"up"},"east":{"uv":[11,1,12,4],"texture":"#all","cullface":"up","rotation":90},"south":{"uv":[12,3,5,4],"texture":"#all","cullface":"up","rotation":180},"west":{"uv":[5,1,6,4],"texture":"#all","cullface":"up","rotation":270},"up":{"uv":[5,1,12,4],"texture":"#all","cullface":"up"}}},{"from":[13,16,1],"to":[15.9921875,16.492188,4],"faces":{"north":{"uv":[16,1,13,2],"texture":"#all","cullface":"up"},"east":{"uv":[15,1,16,4],"texture":"#all","cullface":"up","rotation":90},"south":{"uv":[16,3,13,4],"texture":"#all","cullface":"up","rotation":180},"west":{"uv":[13,1,14,4],"texture":"#all","cullface":"up","rotation":270},"up":{"uv":[13,1,16,4],"texture":"#all","cullface":"up"}}},{"from":[13,-0.4921875,0.0078125],"to":[15.9921875,0,3],"faces":{"north":{"uv":[16,15,13,16],"texture":"#all","cullface":"down"},"east":{"uv":[15,13,16,16],"texture":"#all","cullface":"down","rotation":270},"south":{"uv":[16,13,13,14],"texture":"#all","cullface":"down","rotation":180},"west":{"uv":[13,13,14,16],"texture":"#all","cullface":"down","rotation":90},"down":{"uv":[13,13,16,16],"texture":"#all","cullface":"down"}}},{"from":[8,-0.4921875,0.0078125],"to":[12,0,3],"faces":{"north":{"uv":[12,15,8,16],"texture":"#all","cullface":"down"},"east":{"uv":[11,13,12,16],"texture":"#all","cullface":"down","rotation":270},"south":{"uv":[12,13,8,14],"texture":"#all","cullface":"down","rotation":180},"west":{"uv":[8,13,9,16],"texture":"#all","cullface":"down","rotation":90},"down":{"uv":[8,13,12,16],"texture":"#all","cullface":"down"}}},{"from":[8,-0.4921875,4],"to":[10,0,7],"faces":{"north":{"uv":[10,11,8,12],"texture":"#all","cullface":"down"},"east":{"uv":[9,9,10,12],"texture":"#all","cullface":"down","rotation":270},"south":{"uv":[10,9,8,10],"texture":"#all","cullface":"down","rotation":180},"west":{"uv":[8,9,9,12],"texture":"#all","cullface":"down","rotation":90},"down":{"uv":[8,9,10,12],"texture":"#all","cullface":"down"}}},{"from":[11,-0.4921875,4],"to":[14,0,7],"faces":{"north":{"uv":[14,11,11,12],"texture":"#all","cullface":"down"},"east":{"uv":[13,9,14,12],"texture":"#all","cullface":"down","rotation":270},"south":{"uv":[14,9,11,10],"texture":"#all","cullface":"down","rotation":180},"west":{"uv":[11,9,12,12],"texture":"#all","cullface":"down","rotation":90},"down":{"uv":[11,9,14,12],"texture":"#all","cullface":"down"}}},{"from":[15,-0.4921875,4],"to":[15.9921875,0,7],"faces":{"north":{"uv":[16,11,15,12],"texture":"#all","cullface":"down"},"east":{"uv":[15,9,16,12],"texture":"#all","cullface":"down","rotation":270},"south":{"uv":[16,9,15,10],"texture":"#all","cullface":"down","rotation":180},"west":{"uv":[15,9,16,12],"texture":"#all","cullface":"down","rotation":90},"down":{"uv":[15,9,16,12],"texture":"#all","cullface":"down"}}},{"from":[9,7.5,8],"to":[16,8,11],"faces":{"north":{"uv":[16,7,9,8],"texture":"#all"},"east":{"uv":[15,5,16,8],"texture":"#all","rotation":270},"south":{"uv":[16,5,9,6],"texture":"#all","rotation":180},"west":{"uv":[9,5,10,8],"texture":"#all","rotation":90},"down":{"uv":[9,5,16,8],"texture":"#all"}}},{"from":[1,7.5,8],"to":[8,8,11],"faces":{"north":{"uv":[8,7,1,8],"texture":"#all"},"east":{"uv":[7,5,8,8],"texture":"#all","rotation":270},"south":{"uv":[8,5,1,6],"texture":"#all","rotation":180},"west":{"uv":[1,5,2,8],"texture":"#all","rotation":90},"down":{"uv":[1,5,8,8],"texture":"#all"}}},{"from":[0,7.5,12],"to":[4,8,15],"faces":{"north":{"uv":[4,3,0,4],"texture":"#all"},"east":{"uv":[3,1,4,4],"texture":"#all","rotation":270},"south":{"uv":[4,1,0,2],"texture":"#all","rotation":180},"west":{"uv":[0,1,1,4],"texture":"#all","rotation":90},"down":{"uv":[0,1,4,4],"texture":"#all"}}},{"from":[5,7.5,12],"to":[12,8,15],"faces":{"north":{"uv":[12,3,5,4],"texture":"#all"},"east":{"uv":[11,1,12,4],"texture":"#all","rotation":270},"south":{"uv":[12,1,5,2],"texture":"#all","rotation":180},"west":{"uv":[5,1,6,4],"texture":"#all","rotation":90},"down":{"uv":[5,1,12,4],"texture":"#all"}}},{"from":[13,7.5,12],"to":[16,8,15],"faces":{"north":{"uv":[16,3,13,4],"texture":"#all"},"east":{"uv":[15,1,16,4],"texture":"#all","rotation":270},"south":{"uv":[16,1,13,2],"texture":"#all","rotation":180},"west":{"uv":[13,1,14,4],"texture":"#all","rotation":90},"down":{"uv":[13,1,16,4],"texture":"#all"}}},{"from":[7,7.5,4],"to":[8,8,7],"faces":{"north":{"uv":[8,11,7,12],"texture":"#all"},"east":{"uv":[7,9,8,12],"texture":"#all","rotation":270},"south":{"uv":[8,9,7,10],"texture":"#all","rotation":180},"west":{"uv":[7,9,8,12],"texture":"#all","rotation":90},"down":{"uv":[7,9,8,12],"texture":"#all"}}},{"from":[3,7.5,4],"to":[6,8,7],"faces":{"north":{"uv":[6,11,3,12],"texture":"#all"},"east":{"uv":[5,9,6,12],"texture":"#all","rotation":270},"south":{"uv":[6,9,3,10],"texture":"#all","rotation":180},"west":{"uv":[3,9,4,12],"texture":"#all","rotation":90},"down":{"uv":[3,9,6,12],"texture":"#all"}}},{"from":[0,7.5,4],"to":[2,8,7],"faces":{"north":{"uv":[2,11,0,12],"texture":"#all"},"east":{"uv":[1,9,2,12],"texture":"#all","rotation":270},"south":{"uv":[2,9,0,10],"texture":"#all","rotation":180},"west":{"uv":[0,9,1,12],"texture":"#all","rotation":90},"down":{"uv":[0,9,2,12],"texture":"#all"}}},{"from":[0,7.5,0],"to":[4,8,3],"faces":{"north":{"uv":[4,15,0,16],"texture":"#all"},"east":{"uv":[3,13,4,16],"texture":"#all","rotation":270},"south":{"uv":[4,13,0,14],"texture":"#all","rotation":180},"west":{"uv":[0,13,1,16],"texture":"#all","rotation":90},"down":{"uv":[0,13,4,16],"texture":"#all"}}},{"from":[5,7.5,0],"to":[8,8,3],"faces":{"north":{"uv":[8,15,5,16],"texture":"#all"},"east":{"uv":[7,13,8,16],"texture":"#all","rotation":270},"south":{"uv":[8,13,5,14],"texture":"#all","rotation":180},"west":{"uv":[5,13,6,16],"texture":"#all","rotation":90},"down":{"uv":[5,13,8,16],"texture":"#all"}}}]}