{"parent":"block/cube_bottom_top","textures":{"bottom":"block/netherrack"},"elements":[{"from":[0,0,0],"to":[16,16,16],"faces":{"north":{"texture":"#side","cullface":"north"},"east":{"texture":"#side","cullface":"east"},"south":{"texture":"#side","cullface":"south"},"west":{"texture":"#side","cullface":"west"},"up":{"texture":"#top","cullface":"up"},"down":{"texture":"#bottom","cullface":"down"}}},{"from":[3,10,-0.4921875],"to":[5,11,0],"faces":{"north":{"uv":[11,5,13,6],"texture":"#side","cullface":"north"},"west":{"uv":[12,5,13,6],"texture":"#side","cullface":"north"},"down":{"uv":[13,5,11,6],"texture":"#side","cullface":"north"}}},{"from":[8,10,-0.4921875],"to":[10,11,0],"faces":{"north":{"uv":[6,5,8,6],"texture":"#side","cullface":"north"},"east":{"uv":[6,5,7,6],"texture":"#side","cullface":"north"},"west":{"uv":[7,5,8,6],"texture":"#side","cullface":"north"},"down":{"uv":[8,5,6,6],"texture":"#side","cullface":"north"}}},{"from":[5,9,-0.4921875],"to":[6,12,0],"faces":{"north":{"uv":[10,4,11,7],"texture":"#side","cullface":"north"},"east":{"uv":[10,4,11,7],"texture":"#side","cullface":"north"},"west":{"uv":[10,4,11,7],"texture":"#side","cullface":"north"},"down":{"uv":[11,6,10,7],"texture":"#side","cullface":"north"}}},{"from":[2,11,-0.4921875],"to":[6,12,0],"faces":{"north":{"uv":[10,4,14,5],"texture":"#side","cullface":"north"},"west":{"uv":[13,4,14,5],"texture":"#side","cullface":"north"},"down":{"uv":[14,4,10,5],"texture":"#side","cullface":"north"}}},{"from":[7,11,-0.4921875],"to":[15,12,0],"faces":{"north":{"uv":[1,4,9,5],"texture":"#side","cullface":"north"},"east":{"uv":[1,4,2,5],"texture":"#side","cullface":"north"},"west":{"uv":[8,4,9,5],"texture":"#side","cullface":"north"},"down":{"uv":[9,4,1,5],"texture":"#side","cullface":"north"}}},{"from":[0.0078125,12,-0.4921875],"to":[15.9921875,15.9921875,0],"faces":{"north":{"uv":[0,0,16,4],"texture":"#side","cullface":"north"},"east":{"uv":[0,0,1,4],"texture":"#side","cullface":"north"},"west":{"uv":[15,0,16,4],"texture":"#side","cullface":"north"},"up":{"uv":[16,0,0,1],"texture":"#side","cullface":"north"},"down":{"uv":[16,3,0,4],"texture":"#side","cullface":"north"}}},{"from":[12,8,-0.4921875],"to":[13,11,0],"faces":{"north":{"uv":[3,5,4,8],"texture":"#side","cullface":"north"},"east":{"uv":[3,5,4,8],"texture":"#side","cullface":"north"},"west":{"uv":[3,5,4,8],"texture":"#side","cullface":"north"}}},{"from":[12,8,-0.4921875],"to":[14,9,0],"faces":{"north":{"uv":[2,7,4,8],"texture":"#side","cullface":"north"},"east":{"uv":[2,7,3,8],"texture":"#side","cullface":"north"},"up":{"uv":[4,7,2,8],"texture":"#side","cullface":"north"},"down":{"uv":[4,7,2,8],"texture":"#side","cullface":"north"}}},{"from":[11,3,-0.4921875],"to":[13,4,0],"faces":{"north":{"uv":[3,12,5,13],"texture":"#side","cullface":"north"},"east":{"uv":[3,12,4,13],"texture":"#side","cullface":"north"},"west":{"uv":[4,12,5,13],"texture":"#side","cullface":"north"},"up":{"uv":[5,12,3,13],"texture":"#side","cullface":"north"},"down":{"uv":[5,12,3,13],"texture":"#side","cullface":"north"}}},{"from":[13,4,-0.4921875],"to":[14,5,0],"faces":{"north":{"uv":[2,11,3,12],"texture":"#side","cullface":"north"},"east":{"uv":[2,11,3,12],"texture":"#side","cullface":"north"},"west":{"uv":[2,11,3,12],"texture":"#side","cullface":"north"},"up":{"uv":[3,11,2,12],"texture":"#side","cullface":"north"},"down":{"uv":[3,11,2,12],"texture":"#side","cullface":"north"}}},{"from":[15,6,-0.4921875],"to":[15.9921875,7,0],"faces":{"north":{"uv":[0,9,1,10],"texture":"#side","cullface":"north"},"east":{"uv":[0,9,1,10],"texture":"#side","cullface":"north"},"west":{"uv":[0,9,1,10],"texture":"#side","cullface":"north"},"up":{"uv":[1,9,0,10],"texture":"#side","cullface":"north"},"down":{"uv":[1,9,0,10],"texture":"#side","cullface":"north"}}},{"from":[8,5,-0.4921875],"to":[9,8,0],"faces":{"north":{"uv":[7,8,8,11],"texture":"#side","cullface":"north"},"east":{"uv":[7,8,8,11],"texture":"#side","cullface":"north"},"west":{"uv":[7,8,8,11],"texture":"#side","cullface":"north"},"up":{"uv":[8,8,7,9],"texture":"#side","cullface":"north"},"down":{"uv":[8,10,7,11],"texture":"#side","cullface":"north"}}},{"from":[6,7,-0.4921875],"to":[8,9,0],"faces":{"north":{"uv":[8,7,10,9],"texture":"#side","cullface":"north"},"east":{"uv":[8,7,9,9],"texture":"#side","cullface":"north"},"west":{"uv":[9,7,10,9],"texture":"#side","cullface":"north"},"up":{"uv":[10,7,8,8],"texture":"#side","cullface":"north"},"down":{"uv":[10,8,8,9],"texture":"#side","cullface":"north"}}},{"from":[2,8,-0.4921875],"to":[4,9,0],"faces":{"north":{"uv":[12,7,14,8],"texture":"#side","cullface":"north"},"east":{"uv":[12,7,13,8],"texture":"#side","cullface":"north"},"up":{"uv":[14,7,12,8],"texture":"#side","cullface":"north"},"down":{"uv":[14,7,12,8],"texture":"#side","cullface":"north"}}},{"from":[2,7,-0.4921875],"to":[3,9,0],"faces":{"north":{"uv":[13,7,14,9],"texture":"#side","cullface":"north"},"east":{"uv":[13,7,14,9],"texture":"#side","cullface":"north"},"west":{"uv":[13,7,14,9],"texture":"#side","cullface":"north"},"down":{"uv":[14,8,13,9],"texture":"#side","cullface":"north"}}},{"from":[0.0078125,6,-0.4921875],"to":[2,7,0],"faces":{"north":{"uv":[14,9,16,10],"texture":"#side","cullface":"north"},"east":{"uv":[14,9,15,10],"texture":"#side","cullface":"north"},"west":{"uv":[15,9,16,10],"texture":"#side","cullface":"north"},"up":{"uv":[16,9,14,10],"texture":"#side","cullface":"north"},"down":{"uv":[16,9,14,10],"texture":"#side","cullface":"north"}}},{"from":[-0.4921875,10,11],"to":[0,11,13],"faces":{"south":{"uv":[12,5,13,6],"texture":"#side","cullface":"west"},"west":{"uv":[11,5,13,6],"texture":"#side","cullface":"west"},"down":{"uv":[13,5,11,6],"texture":"#side","cullface":"west","rotation":90}}},{"from":[-0.4921875,10,6],"to":[0,11,8],"faces":{"north":{"uv":[6,5,7,6],"texture":"#side","cullface":"west"},"south":{"uv":[7,5,8,6],"texture":"#side","cullface":"west"},"west":{"uv":[6,5,8,6],"texture":"#side","cullface":"west"},"down":{"uv":[8,5,6,6],"texture":"#side","cullface":"west","rotation":90}}},{"from":[-0.4921875,9,10],"to":[0,12,11],"faces":{"north":{"uv":[10,4,11,7],"texture":"#side","cullface":"west"},"south":{"uv":[10,4,11,7],"texture":"#side","cullface":"west"},"west":{"uv":[10,4,11,7],"texture":"#side","cullface":"west"},"down":{"uv":[11,6,10,7],"texture":"#side","cullface":"west","rotation":90}}},{"from":[-0.4921875,11,10],"to":[0,12,14],"faces":{"south":{"uv":[13,4,14,5],"texture":"#side","cullface":"west"},"west":{"uv":[10,4,14,5],"texture":"#side","cullface":"west"},"down":{"uv":[14,4,10,5],"texture":"#side","cullface":"west","rotation":90}}},{"from":[-0.4921875,11,1],"to":[0,12,9],"faces":{"north":{"uv":[1,4,2,5],"texture":"#side","cullface":"west"},"south":{"uv":[8,4,9,5],"texture":"#side","cullface":"west"},"west":{"uv":[1,4,9,5],"texture":"#side","cullface":"west"},"down":{"uv":[9,4,1,5],"texture":"#side","cullface":"west","rotation":90}}},{"from":[-0.4921875,12,0.0078125],"to":[0,15.9921875,15.9921875],"faces":{"north":{"uv":[0,0,1,4],"texture":"#side","cullface":"west"},"south":{"uv":[15,0,16,4],"texture":"#side","cullface":"west"},"west":{"uv":[0,0,16,4],"texture":"#side","cullface":"west"},"up":{"uv":[16,0,0,1],"texture":"#side","cullface":"west","rotation":270},"down":{"uv":[16,3,0,4],"texture":"#side","cullface":"west","rotation":90}}},{"from":[-0.4921875,8,3],"to":[0,11,4],"faces":{"north":{"uv":[3,5,4,8],"texture":"#side","cullface":"west"},"south":{"uv":[3,5,4,8],"texture":"#side","cullface":"west"},"west":{"uv":[3,5,4,8],"texture":"#side","cullface":"west"}}},{"from":[-0.4921875,8,2],"to":[0,9,4],"faces":{"north":{"uv":[2,7,3,8],"texture":"#side","cullface":"west"},"west":{"uv":[2,7,4,8],"texture":"#side","cullface":"west"},"up":{"uv":[4,7,2,8],"texture":"#side","cullface":"west","rotation":270},"down":{"uv":[4,7,2,8],"texture":"#side","cullface":"west","rotation":90}}},{"from":[-0.4921875,3,3],"to":[0,4,5],"faces":{"north":{"uv":[3,12,4,13],"texture":"#side","cullface":"west"},"south":{"uv":[4,12,5,13],"texture":"#side","cullface":"west"},"west":{"uv":[3,12,5,13],"texture":"#side","cullface":"west"},"up":{"uv":[5,12,3,13],"texture":"#side","cullface":"west","rotation":270},"down":{"uv":[5,12,3,13],"texture":"#side","cullface":"west","rotation":90}}},{"from":[-0.4921875,4,2],"to":[0,5,3],"faces":{"north":{"uv":[2,11,3,12],"texture":"#side","cullface":"west"},"south":{"uv":[2,11,3,12],"texture":"#side","cullface":"west"},"west":{"uv":[2,11,3,12],"texture":"#side","cullface":"west"},"up":{"uv":[3,11,2,12],"texture":"#side","cullface":"west","rotation":270},"down":{"uv":[3,11,2,12],"texture":"#side","cullface":"west","rotation":90}}},{"from":[-0.4921875,6,0.0078125],"to":[0,7,1],"faces":{"north":{"uv":[0,9,1,10],"texture":"#side","cullface":"west"},"south":{"uv":[0,9,1,10],"texture":"#side","cullface":"west"},"west":{"uv":[0,9,1,10],"texture":"#side","cullface":"west"},"up":{"uv":[1,9,0,10],"texture":"#side","cullface":"west","rotation":270},"down":{"uv":[1,9,0,10],"texture":"#side","cullface":"west","rotation":90}}},{"from":[-0.4921875,5,7],"to":[0,8,8],"faces":{"north":{"uv":[7,8,8,11],"texture":"#side","cullface":"west"},"south":{"uv":[7,8,8,11],"texture":"#side","cullface":"west"},"west":{"uv":[7,8,8,11],"texture":"#side","cullface":"west"},"up":{"uv":[8,8,7,9],"texture":"#side","cullface":"west","rotation":270},"down":{"uv":[8,10,7,11],"texture":"#side","cullface":"west","rotation":90}}},{"from":[-0.4921875,7,8],"to":[0,9,10],"faces":{"north":{"uv":[8,7,9,9],"texture":"#side","cullface":"west"},"south":{"uv":[9,7,10,9],"texture":"#side","cullface":"west"},"west":{"uv":[8,7,10,9],"texture":"#side","cullface":"west"},"up":{"uv":[10,7,8,8],"texture":"#side","cullface":"west","rotation":270},"down":{"uv":[10,8,8,9],"texture":"#side","cullface":"west","rotation":90}}},{"from":[-0.4921875,8,12],"to":[0,9,14],"faces":{"north":{"uv":[12,7,13,8],"texture":"#side","cullface":"west"},"west":{"uv":[12,7,14,8],"texture":"#side","cullface":"west"},"up":{"uv":[14,7,12,8],"texture":"#side","cullface":"west","rotation":270},"down":{"uv":[14,7,12,8],"texture":"#side","cullface":"west","rotation":90}}},{"from":[-0.4921875,7,13],"to":[0,9,14],"faces":{"north":{"uv":[13,7,14,9],"texture":"#side","cullface":"west"},"south":{"uv":[13,7,14,9],"texture":"#side","cullface":"west"},"west":{"uv":[13,7,14,9],"texture":"#side","cullface":"west"},"down":{"uv":[14,8,13,9],"texture":"#side","cullface":"west","rotation":90}}},{"from":[-0.4921875,6,14],"to":[0,7,15.9921875],"faces":{"north":{"uv":[14,9,15,10],"texture":"#side","cullface":"west"},"south":{"uv":[15,9,16,10],"texture":"#side","cullface":"west"},"west":{"uv":[14,9,16,10],"texture":"#side","cullface":"west"},"up":{"uv":[16,9,14,10],"texture":"#side","cullface":"west","rotation":270},"down":{"uv":[16,9,14,10],"texture":"#side","cullface":"west","rotation":90}}},{"from":[11,10,16],"to":[13,11,16.492188],"faces":{"east":{"uv":[12,5,13,6],"texture":"#side","cullface":"south"},"south":{"uv":[11,5,13,6],"texture":"#side","cullface":"south"},"down":{"uv":[13,5,11,6],"texture":"#side","cullface":"south","rotation":180}}},{"from":[6,10,16],"to":[8,11,16.492188],"faces":{"east":{"uv":[7,5,8,6],"texture":"#side","cullface":"south"},"south":{"uv":[6,5,8,6],"texture":"#side","cullface":"south"},"west":{"uv":[6,5,7,6],"texture":"#side","cullface":"south"},"down":{"uv":[8,5,6,6],"texture":"#side","cullface":"south","rotation":180}}},{"from":[10,9,16],"to":[11,12,16.492188],"faces":{"east":{"uv":[10,4,11,7],"texture":"#side","cullface":"south"},"south":{"uv":[10,4,11,7],"texture":"#side","cullface":"south"},"west":{"uv":[10,4,11,7],"texture":"#side","cullface":"south"},"down":{"uv":[11,6,10,7],"texture":"#side","cullface":"south","rotation":180}}},{"from":[10,11,16],"to":[14,12,16.492188],"faces":{"east":{"uv":[13,4,14,5],"texture":"#side","cullface":"south"},"south":{"uv":[10,4,14,5],"texture":"#side","cullface":"south"},"down":{"uv":[14,4,10,5],"texture":"#side","cullface":"south","rotation":180}}},{"from":[1,11,16],"to":[9,12,16.492188],"faces":{"east":{"uv":[8,4,9,5],"texture":"#side","cullface":"south"},"south":{"uv":[1,4,9,5],"texture":"#side","cullface":"south"},"west":{"uv":[1,4,2,5],"texture":"#side","cullface":"south"},"down":{"uv":[9,4,1,5],"texture":"#side","cullface":"south","rotation":180}}},{"from":[0.0078125,12,16],"to":[15.9921875,15.9921875,16.492188],"faces":{"east":{"uv":[15,0,16,4],"texture":"#side","cullface":"south"},"south":{"uv":[0,0,16,4],"texture":"#side","cullface":"south"},"west":{"uv":[0,0,1,4],"texture":"#side","cullface":"south"},"up":{"uv":[16,0,0,1],"texture":"#side","cullface":"south","rotation":180},"down":{"uv":[16,3,0,4],"texture":"#side","cullface":"south","rotation":180}}},{"from":[3,8,16],"to":[4,11,16.492188],"faces":{"east":{"uv":[3,5,4,8],"texture":"#side","cullface":"south"},"south":{"uv":[3,5,4,8],"texture":"#side","cullface":"south"},"west":{"uv":[3,5,4,8],"texture":"#side","cullface":"south"}}},{"from":[2,8,16],"to":[4,9,16.492188],"faces":{"south":{"uv":[2,7,4,8],"texture":"#side","cullface":"south"},"west":{"uv":[2,7,3,8],"texture":"#side","cullface":"south"},"up":{"uv":[4,7,2,8],"texture":"#side","cullface":"south","rotation":180},"down":{"uv":[4,7,2,8],"texture":"#side","cullface":"south","rotation":180}}},{"from":[3,3,16],"to":[5,4,16.492188],"faces":{"east":{"uv":[4,12,5,13],"texture":"#side","cullface":"south"},"south":{"uv":[3,12,5,13],"texture":"#side","cullface":"south"},"west":{"uv":[3,12,4,13],"texture":"#side","cullface":"south"},"up":{"uv":[5,12,3,13],"texture":"#side","cullface":"south","rotation":180},"down":{"uv":[5,12,3,13],"texture":"#side","cullface":"south","rotation":180}}},{"from":[2,4,16],"to":[3,5,16.492188],"faces":{"east":{"uv":[2,11,3,12],"texture":"#side","cullface":"south"},"south":{"uv":[2,11,3,12],"texture":"#side","cullface":"south"},"west":{"uv":[2,11,3,12],"texture":"#side","cullface":"south"},"up":{"uv":[3,11,2,12],"texture":"#side","cullface":"south","rotation":180},"down":{"uv":[3,11,2,12],"texture":"#side","cullface":"south","rotation":180}}},{"from":[0.0078125,6,16],"to":[1,7,16.492188],"faces":{"east":{"uv":[0,9,1,10],"texture":"#side","cullface":"south"},"south":{"uv":[0,9,1,10],"texture":"#side","cullface":"south"},"west":{"uv":[0,9,1,10],"texture":"#side","cullface":"south"},"up":{"uv":[1,9,0,10],"texture":"#side","cullface":"south","rotation":180},"down":{"uv":[1,9,0,10],"texture":"#side","cullface":"south","rotation":180}}},{"from":[7,5,16],"to":[8,8,16.492188],"faces":{"east":{"uv":[7,8,8,11],"texture":"#side","cullface":"south"},"south":{"uv":[7,8,8,11],"texture":"#side","cullface":"south"},"west":{"uv":[7,8,8,11],"texture":"#side","cullface":"south"},"up":{"uv":[8,8,7,9],"texture":"#side","cullface":"south","rotation":180},"down":{"uv":[8,10,7,11],"texture":"#side","cullface":"south","rotation":180}}},{"from":[8,7,16],"to":[10,9,16.492188],"faces":{"east":{"uv":[9,7,10,9],"texture":"#side","cullface":"south"},"south":{"uv":[8,7,10,9],"texture":"#side","cullface":"south"},"west":{"uv":[8,7,9,9],"texture":"#side","cullface":"south"},"up":{"uv":[10,7,8,8],"texture":"#side","cullface":"south","rotation":180},"down":{"uv":[10,8,8,9],"texture":"#side","cullface":"south","rotation":180}}},{"from":[12,8,16],"to":[14,9,16.492188],"faces":{"south":{"uv":[12,7,14,8],"texture":"#side","cullface":"south"},"west":{"uv":[12,7,13,8],"texture":"#side","cullface":"south"},"up":{"uv":[14,7,12,8],"texture":"#side","cullface":"south","rotation":180},"down":{"uv":[14,7,12,8],"texture":"#side","cullface":"south","rotation":180}}},{"from":[13,7,16],"to":[14,9,16.492188],"faces":{"east":{"uv":[13,7,14,9],"texture":"#side","cullface":"south"},"south":{"uv":[13,7,14,9],"texture":"#side","cullface":"south"},"west":{"uv":[13,7,14,9],"texture":"#side","cullface":"south"},"down":{"uv":[14,8,13,9],"texture":"#side","cullface":"south","rotation":180}}},{"from":[14,6,16],"to":[15.9921875,7,16.492188],"faces":{"east":{"uv":[15,9,16,10],"texture":"#side","cullface":"south"},"south":{"uv":[14,9,16,10],"texture":"#side","cullface":"south"},"west":{"uv":[14,9,15,10],"texture":"#side","cullface":"south"},"up":{"uv":[16,9,14,10],"texture":"#side","cullface":"south","rotation":180},"down":{"uv":[16,9,14,10],"texture":"#side","cullface":"south","rotation":180}}},{"from":[16,10,3],"to":[16.492188,11,5],"faces":{"north":{"uv":[12,5,13,6],"texture":"#side","cullface":"east"},"east":{"uv":[11,5,13,6],"texture":"#side","cullface":"east"},"down":{"uv":[13,5,11,6],"texture":"#side","cullface":"east","rotation":270}}},{"from":[16,10,8],"to":[16.492188,11,10],"faces":{"north":{"uv":[7,5,8,6],"texture":"#side","cullface":"east"},"east":{"uv":[6,5,8,6],"texture":"#side","cullface":"east"},"south":{"uv":[6,5,7,6],"texture":"#side","cullface":"east"},"down":{"uv":[8,5,6,6],"texture":"#side","cullface":"east","rotation":270}}},{"from":[16,9,5],"to":[16.492188,12,6],"faces":{"north":{"uv":[10,4,11,7],"texture":"#side","cullface":"east"},"east":{"uv":[10,4,11,7],"texture":"#side","cullface":"east"},"south":{"uv":[10,4,11,7],"texture":"#side","cullface":"east"},"down":{"uv":[11,6,10,7],"texture":"#side","cullface":"east","rotation":270}}},{"from":[16,11,2],"to":[16.492188,12,6],"faces":{"north":{"uv":[13,4,14,5],"texture":"#side","cullface":"east"},"east":{"uv":[10,4,14,5],"texture":"#side","cullface":"east"},"down":{"uv":[14,4,10,5],"texture":"#side","cullface":"east","rotation":270}}},{"from":[16,11,7],"to":[16.492188,12,15],"faces":{"north":{"uv":[8,4,9,5],"texture":"#side","cullface":"east"},"east":{"uv":[1,4,9,5],"texture":"#side","cullface":"east"},"south":{"uv":[1,4,2,5],"texture":"#side","cullface":"east"},"down":{"uv":[9,4,1,5],"texture":"#side","cullface":"east","rotation":270}}},{"from":[16,12,0.0078125],"to":[16.492188,15.9921875,15.9921875],"faces":{"north":{"uv":[15,0,16,4],"texture":"#side","cullface":"east"},"east":{"uv":[0,0,16,4],"texture":"#side","cullface":"east"},"south":{"uv":[0,0,1,4],"texture":"#side","cullface":"east"},"up":{"uv":[16,0,0,1],"texture":"#side","cullface":"east","rotation":90},"down":{"uv":[16,3,0,4],"texture":"#side","cullface":"east","rotation":270}}},{"from":[16,8,12],"to":[16.492188,11,13],"faces":{"north":{"uv":[3,5,4,8],"texture":"#side","cullface":"east"},"east":{"uv":[3,5,4,8],"texture":"#side","cullface":"east"},"south":{"uv":[3,5,4,8],"texture":"#side","cullface":"east"}}},{"from":[16,8,12],"to":[16.492188,9,14],"faces":{"east":{"uv":[2,7,4,8],"texture":"#side","cullface":"east"},"south":{"uv":[2,7,3,8],"texture":"#side","cullface":"east"},"up":{"uv":[4,7,2,8],"texture":"#side","cullface":"east","rotation":90},"down":{"uv":[4,7,2,8],"texture":"#side","cullface":"east","rotation":270}}},{"from":[16,3,11],"to":[16.492188,4,13],"faces":{"north":{"uv":[4,12,5,13],"texture":"#side","cullface":"east"},"east":{"uv":[3,12,5,13],"texture":"#side","cullface":"east"},"south":{"uv":[3,12,4,13],"texture":"#side","cullface":"east"},"up":{"uv":[5,12,3,13],"texture":"#side","cullface":"east","rotation":90},"down":{"uv":[5,12,3,13],"texture":"#side","cullface":"east","rotation":270}}},{"from":[16,4,13],"to":[16.492188,5,14],"faces":{"north":{"uv":[2,11,3,12],"texture":"#side","cullface":"east"},"east":{"uv":[2,11,3,12],"texture":"#side","cullface":"east"},"south":{"uv":[2,11,3,12],"texture":"#side","cullface":"east"},"up":{"uv":[3,11,2,12],"texture":"#side","cullface":"east","rotation":90},"down":{"uv":[3,11,2,12],"texture":"#side","cullface":"east","rotation":270}}},{"from":[16,6,15],"to":[16.492188,7,15.9921875],"faces":{"north":{"uv":[0,9,1,10],"texture":"#side","cullface":"east"},"east":{"uv":[0,9,1,10],"texture":"#side","cullface":"east"},"south":{"uv":[0,9,1,10],"texture":"#side","cullface":"east"},"up":{"uv":[1,9,0,10],"texture":"#side","cullface":"east","rotation":90},"down":{"uv":[1,9,0,10],"texture":"#side","cullface":"east","rotation":270}}},{"from":[16,5,8],"to":[16.492188,8,9],"faces":{"north":{"uv":[7,8,8,11],"texture":"#side","cullface":"east"},"east":{"uv":[7,8,8,11],"texture":"#side","cullface":"east"},"south":{"uv":[7,8,8,11],"texture":"#side","cullface":"east"},"up":{"uv":[8,8,7,9],"texture":"#side","cullface":"east","rotation":90},"down":{"uv":[8,10,7,11],"texture":"#side","cullface":"east","rotation":270}}},{"from":[16,7,6],"to":[16.492188,9,8],"faces":{"north":{"uv":[9,7,10,9],"texture":"#side","cullface":"east"},"east":{"uv":[8,7,10,9],"texture":"#side","cullface":"east"},"south":{"uv":[8,7,9,9],"texture":"#side","cullface":"east"},"up":{"uv":[10,7,8,8],"texture":"#side","cullface":"east","rotation":90},"down":{"uv":[10,8,8,9],"texture":"#side","cullface":"east","rotation":270}}},{"from":[16,8,2],"to":[16.492188,9,4],"faces":{"east":{"uv":[12,7,14,8],"texture":"#side","cullface":"east"},"south":{"uv":[12,7,13,8],"texture":"#side","cullface":"east"},"up":{"uv":[14,7,12,8],"texture":"#side","cullface":"east","rotation":90},"down":{"uv":[14,7,12,8],"texture":"#side","cullface":"east","rotation":270}}},{"from":[16,7,2],"to":[16.492188,9,3],"faces":{"north":{"uv":[13,7,14,9],"texture":"#side","cullface":"east"},"east":{"uv":[13,7,14,9],"texture":"#side","cullface":"east"},"south":{"uv":[13,7,14,9],"texture":"#side","cullface":"east"},"down":{"uv":[14,8,13,9],"texture":"#side","cullface":"east","rotation":270}}},{"from":[16,6,0.0078125],"to":[16.492188,7,2],"faces":{"north":{"uv":[15,9,16,10],"texture":"#side","cullface":"east"},"east":{"uv":[14,9,16,10],"texture":"#side","cullface":"east"},"south":{"uv":[14,9,15,10],"texture":"#side","cullface":"east"},"up":{"uv":[16,9,14,10],"texture":"#side","cullface":"east","rotation":90},"down":{"uv":[16,9,14,10],"texture":"#side","cullface":"east","rotation":270}}}]}