{"parent":"block/template/stairs_all","elements":[{"from":[0,8,0],"to":[16,16,16],"faces":{"north":{"uv":[0,0,16,8],"texture":"#all","cullface":"north"},"east":{"uv":[0,0,16,8],"texture":"#all","cullface":"east"},"south":{"uv":[0,0,16,8],"texture":"#all","cullface":"south"},"west":{"uv":[0,0,16,8],"texture":"#all","cullface":"west"},"up":{"uv":[0,0,16,16],"texture":"#all","cullface":"up"},"down":{"uv":[0,0,16,16],"texture":"#all"}}},{"from":[0,0,0],"to":[8,8,16],"faces":{"north":{"uv":[8,8,16,16],"texture":"#all","cullface":"north"},"east":{"uv":[0,8,16,16],"texture":"#all"},"south":{"uv":[0,8,8,16],"texture":"#all","cullface":"south"},"west":{"uv":[0,8,16,16],"texture":"#all","cullface":"west"},"down":{"uv":[0,0,8,16],"texture":"#all","cullface":"down"}}},{"from":[0.0078125,16,0.0078125],"to":[15,16.492188,3],"faces":{"north":{"uv":[15,1,0,0],"texture":"#all","cullface":"up"},"east":{"uv":[15,3,14,0],"texture":"#all","cullface":"up","rotation":270},"south":{"uv":[15,3,0,2],"texture":"#all","cullface":"up","rotation":180},"west":{"uv":[1,3,0,0],"texture":"#all","cullface":"up","rotation":90},"up":{"uv":[15,3,0,0],"texture":"#all","cullface":"up","rotation":180}}},{"from":[8,16,12],"to":[15.9921875,16.492188,15],"faces":{"north":{"uv":[16,13,8,12],"texture":"#all","cullface":"up"},"east":{"uv":[16,15,15,12],"texture":"#all","cullface":"up","rotation":270},"south":{"uv":[16,15,8,14],"texture":"#all","cullface":"up","rotation":180},"west":{"uv":[9,15,8,12],"texture":"#all","cullface":"up","rotation":90},"up":{"uv":[16,15,8,12],"texture":"#all","cullface":"up","rotation":180}}},{"from":[8,16,4],"to":[15.9921875,16.492188,7],"faces":{"north":{"uv":[16,5,8,4],"texture":"#all","cullface":"up"},"east":{"uv":[16,7,15,4],"texture":"#all","cullface":"up","rotation":270},"south":{"uv":[16,7,8,6],"texture":"#all","cullface":"up","rotation":180},"west":{"uv":[9,7,8,4],"texture":"#all","cullface":"up","rotation":90},"up":{"uv":[16,7,8,4],"texture":"#all","cullface":"up","rotation":180}}},{"from":[0.0078125,16,4],"to":[7,16.492188,7],"faces":{"north":{"uv":[7,5,0,4],"texture":"#all","cullface":"up"},"east":{"uv":[7,7,6,4],"texture":"#all","cullface":"up","rotation":270},"south":{"uv":[7,7,0,6],"texture":"#all","cullface":"up","rotation":180},"west":{"uv":[1,7,0,4],"texture":"#all","cullface":"up","rotation":90},"up":{"uv":[7,7,0,4],"texture":"#all","cullface":"up","rotation":180}}},{"from":[0.0078125,16,12],"to":[7,16.492188,15],"faces":{"north":{"uv":[7,13,0,12],"texture":"#all","cullface":"up"},"east":{"uv":[7,15,6,12],"texture":"#all","cullface":"up","rotation":270},"south":{"uv":[7,15,0,14],"texture":"#all","cullface":"up","rotation":180},"west":{"uv":[1,15,0,12],"texture":"#all","cullface":"up","rotation":90},"up":{"uv":[7,15,0,12],"texture":"#all","cullface":"up","rotation":180}}},{"from":[0.0078125,16,8],"to":[15,16.492188,11],"faces":{"north":{"uv":[15,9,0,8],"texture":"#all","cullface":"up"},"east":{"uv":[15,11,14,8],"texture":"#all","cullface":"up","rotation":270},"south":{"uv":[15,11,0,10],"texture":"#all","cullface":"up","rotation":180},"west":{"uv":[1,11,0,8],"texture":"#all","cullface":"up","rotation":90},"up":{"uv":[15,11,0,8],"texture":"#all","cullface":"up","rotation":180}}},{"from":[8,5,1],"to":[8.5,8,16],"rotation":{"origin":[0,8,8],"axis":"y","angle":0.0},"faces":{"north":{"uv":[14,8,15,11],"texture":"#all"},"east":{"uv":[0,8,15,11],"texture":"#all"},"south":{"uv":[0,8,1,11],"texture":"#all"},"up":{"uv":[0,8,15,9],"texture":"#all","rotation":270},"down":{"uv":[0,10,15,11],"texture":"#all","rotation":90}}},{"from":[8,1,9],"to":[8.5,4,16],"rotation":{"origin":[0,8,8],"axis":"y","angle":0.0},"faces":{"north":{"uv":[6,12,7,15],"texture":"#all"},"east":{"uv":[0,12,7,15],"texture":"#all"},"south":{"uv":[0,12,1,15],"texture":"#all"},"up":{"uv":[0,12,7,13],"texture":"#all","rotation":270},"down":{"uv":[0,14,7,15],"texture":"#all","rotation":90}}},{"from":[8,1,0],"to":[8.5,4,8],"rotation":{"origin":[0,8,8],"axis":"y","angle":0.0},"faces":{"north":{"uv":[15,12,16,15],"texture":"#all"},"east":{"uv":[8,12,16,15],"texture":"#all"},"south":{"uv":[8,12,9,15],"texture":"#all"},"up":{"uv":[8,12,16,13],"texture":"#all","rotation":270},"down":{"uv":[8,14,16,15],"texture":"#all","rotation":90}}},{"from":[16,13,1],"to":[16.492188,15.9921875,15.9921875],"faces":{"north":{"uv":[14,0,15,3],"texture":"#all","cullface":"east"},"east":{"uv":[0,0,15,3],"texture":"#all","cullface":"east"},"south":{"uv":[0,0,1,3],"texture":"#all","cullface":"east"},"up":{"uv":[0,0,15,1],"texture":"#all","cullface":"east","rotation":270},"down":{"uv":[0,2,15,3],"texture":"#all","cullface":"east","rotation":90}}},{"from":[16,9,0.0078125],"to":[16.492188,12,8],"faces":{"north":{"uv":[15,4,16,7],"texture":"#all","cullface":"north"},"east":{"uv":[8,4,16,7],"texture":"#all","cullface":"east"},"south":{"uv":[8,4,9,7],"texture":"#all","cullface":"east"},"up":{"uv":[8,4,16,5],"texture":"#all","cullface":"east","rotation":270},"down":{"uv":[8,4,16,7],"texture":"#all","cullface":"east","rotation":90}}},{"from":[16,9,9],"to":[16.492188,12,15.9921875],"faces":{"north":{"uv":[6,4,7,7],"texture":"#all","cullface":"east"},"east":{"uv":[0,4,7,7],"texture":"#all","cullface":"east"},"south":{"uv":[0,4,1,7],"texture":"#all","cullface":"east"},"up":{"uv":[0,4,7,5],"texture":"#all","cullface":"east","rotation":270},"down":{"uv":[0,4,7,7],"texture":"#all","cullface":"east","rotation":90}}},{"from":[0.0078125,13,16],"to":[15,15.9921875,16.492188],"faces":{"east":{"uv":[14,0,15,3],"texture":"#all","cullface":"south"},"south":{"uv":[0,0,15,3],"texture":"#all","cullface":"south"},"west":{"uv":[0,0,1,3],"texture":"#all","cullface":"south"},"up":{"uv":[0,0,15,1],"texture":"#all","cullface":"south"},"down":{"uv":[0,2,15,3],"texture":"#all","cullface":"south"}}},{"from":[8,9,16],"to":[15.9921875,12,16.492188],"faces":{"east":{"uv":[15,4,16,7],"texture":"#all","cullface":"south"},"south":{"uv":[8,4,16,7],"texture":"#all","cullface":"south"},"west":{"uv":[8,4,9,7],"texture":"#all","cullface":"south"},"up":{"uv":[8,4,16,5],"texture":"#all","cullface":"south"},"down":{"uv":[8,6,16,7],"texture":"#all","cullface":"south"}}},{"from":[0.0078125,9,16],"to":[7,12,16.492188],"faces":{"east":{"uv":[6,4,7,7],"texture":"#all","cullface":"south"},"south":{"uv":[0,4,7,7],"texture":"#all","cullface":"south"},"west":{"uv":[0,4,1,7],"texture":"#all","cullface":"south"},"up":{"uv":[0,4,7,5],"texture":"#all","cullface":"south"},"down":{"uv":[0,6,7,7],"texture":"#all","cullface":"south"}}},{"from":[0.0078125,1,16],"to":[7,4,16.492188],"faces":{"east":{"uv":[6,12,7,15],"texture":"#all","cullface":"south"},"south":{"uv":[0,12,7,15],"texture":"#all","cullface":"south"},"west":{"uv":[0,12,1,15],"texture":"#all","cullface":"south"},"up":{"uv":[0,12,7,13],"texture":"#all","cullface":"south"},"down":{"uv":[0,14,7,15],"texture":"#all","cullface":"south"}}},{"from":[0.0078125,5,16],"to":[8,8,16.492188],"faces":{"east":{"uv":[14,8,15,11],"texture":"#all","cullface":"south"},"south":{"uv":[0,8,8,11],"texture":"#all","cullface":"south"},"west":{"uv":[0,8,1,11],"texture":"#all","cullface":"south"},"up":{"uv":[0,8,8,9],"texture":"#all","cullface":"south"},"down":{"uv":[0,10,8,11],"texture":"#all","cullface":"south"}}},{"from":[-0.4921875,13,0.0078125],"to":[0,15.9921875,15],"faces":{"north":{"uv":[0,0,1,3],"texture":"#all","cullface":"west"},"south":{"uv":[14,0,15,3],"texture":"#all","cullface":"west"},"west":{"uv":[0,0,15,3],"texture":"#all","cullface":"west"},"up":{"uv":[0,0,15,1],"texture":"#all","cullface":"west","rotation":90},"down":{"uv":[0,2,15,3],"texture":"#all","cullface":"west","rotation":270}}},{"from":[-0.4921875,1,8],"to":[0,4,15.9921875],"faces":{"north":{"uv":[8,12,9,15],"texture":"#all","cullface":"west"},"south":{"uv":[15,12,16,15],"texture":"#all","cullface":"west"},"west":{"uv":[8,12,16,15],"texture":"#all","cullface":"west"},"up":{"uv":[8,12,16,13],"texture":"#all","cullface":"west","rotation":90},"down":{"uv":[8,14,16,15],"texture":"#all","cullface":"west","rotation":270}}},{"from":[-0.4921875,9,8],"to":[0,12,15.9921875],"faces":{"north":{"uv":[8,4,9,7],"texture":"#all","cullface":"west"},"south":{"uv":[15,4,16,7],"texture":"#all","cullface":"west"},"west":{"uv":[8,4,16,7],"texture":"#all","cullface":"west"},"up":{"uv":[8,4,16,5],"texture":"#all","cullface":"west","rotation":90},"down":{"uv":[8,6,16,7],"texture":"#all","cullface":"west","rotation":270}}},{"from":[-0.4921875,9,0.0078125],"to":[0,12,7],"faces":{"north":{"uv":[0,4,1,7],"texture":"#all","cullface":"west"},"south":{"uv":[6,4,7,7],"texture":"#all","cullface":"west"},"west":{"uv":[0,4,7,7],"texture":"#all","cullface":"west"},"up":{"uv":[0,4,7,5],"texture":"#all","cullface":"west","rotation":90},"down":{"uv":[0,6,7,7],"texture":"#all","cullface":"west","rotation":270}}},{"from":[-0.4921875,1,0.0078125],"to":[0,4,7],"faces":{"north":{"uv":[0,12,1,15],"texture":"#all","cullface":"west"},"south":{"uv":[6,12,7,15],"texture":"#all","cullface":"west"},"west":{"uv":[0,12,7,15],"texture":"#all","cullface":"west"},"up":{"uv":[0,12,7,13],"texture":"#all","cullface":"west","rotation":90},"down":{"uv":[0,14,7,15],"texture":"#all","cullface":"west","rotation":270}}},{"from":[-0.4921875,5,0.0078125],"to":[0,8,15],"faces":{"north":{"uv":[0,8,1,11],"texture":"#all","cullface":"west"},"south":{"uv":[14,8,15,11],"texture":"#all","cullface":"west"},"west":{"uv":[0,8,15,11],"texture":"#all","cullface":"west"},"up":{"uv":[0,8,15,9],"texture":"#all","cullface":"west","rotation":90},"down":{"uv":[0,10,15,11],"texture":"#all","cullface":"west","rotation":270}}},{"from":[1,13,-0.4921875],"to":[15.9921875,15.9921875,0],"faces":{"north":{"uv":[0,0,15,3],"texture":"#all","cullface":"north"},"east":{"uv":[0,0,1,3],"texture":"#all","cullface":"north"},"west":{"uv":[14,0,15,3],"texture":"#all","cullface":"north"},"up":{"uv":[0,0,15,1],"texture":"#all","cullface":"north","rotation":180},"down":{"uv":[0,2,15,3],"texture":"#all","cullface":"north","rotation":180}}},{"from":[0.0078125,1,-0.4921875],"to":[8,4,0],"faces":{"north":{"uv":[8,12,16,15],"texture":"#all","cullface":"north"},"east":{"uv":[8,12,9,15],"texture":"#all","cullface":"north"},"west":{"uv":[15,12,16,15],"texture":"#all","cullface":"north"},"up":{"uv":[8,12,16,13],"texture":"#all","cullface":"north","rotation":180},"down":{"uv":[8,14,16,15],"texture":"#all","cullface":"north","rotation":180}}},{"from":[0.0078125,9,-0.4921875],"to":[8,12,0],"faces":{"north":{"uv":[8,4,16,7],"texture":"#all","cullface":"north"},"east":{"uv":[8,4,9,7],"texture":"#all","cullface":"north"},"west":{"uv":[15,4,16,7],"texture":"#all","cullface":"north"},"up":{"uv":[8,4,16,5],"texture":"#all","cullface":"north","rotation":180},"down":{"uv":[8,6,16,7],"texture":"#all","cullface":"north","rotation":180}}},{"from":[9,9,-0.4921875],"to":[15.9921875,12,0],"faces":{"north":{"uv":[0,4,7,7],"texture":"#all","cullface":"north"},"east":{"uv":[0,4,1,7],"texture":"#all","cullface":"north"},"west":{"uv":[6,4,7,7],"texture":"#all","cullface":"north"},"up":{"uv":[0,4,7,5],"texture":"#all","cullface":"north","rotation":180},"down":{"uv":[0,6,7,7],"texture":"#all","cullface":"north","rotation":180}}},{"from":[1,5,-0.4921875],"to":[8,8,0],"faces":{"north":{"uv":[8,8,15,11],"texture":"#all","cullface":"north"},"east":{"uv":[0,8,1,11],"texture":"#all","cullface":"north"},"west":{"uv":[14,8,15,11],"texture":"#all","cullface":"north"},"up":{"uv":[8,8,15,9],"texture":"#all","cullface":"north","rotation":180},"down":{"uv":[8,10,15,11],"texture":"#all","cullface":"north","rotation":180}}},{"from":[0.0078125,-0.4921875,13],"to":[8,0,15.9921875],"faces":{"north":{"uv":[0,2,15,3],"texture":"#all","cullface":"down","rotation":180},"east":{"uv":[7,0,8,3],"texture":"#all","cullface":"down","rotation":270},"south":{"uv":[0,0,15,1],"texture":"#all","cullface":"down"},"west":{"uv":[0,0,1,3],"texture":"#all","cullface":"down","rotation":90},"down":{"uv":[0.01,0.01,7.99,3.01],"texture":"#all","cullface":"down"}}},{"from":[0.0078125,-0.4921875,9],"to":[7,0,12],"faces":{"north":{"uv":[0,6,7,7],"texture":"#all","cullface":"down","rotation":180},"east":{"uv":[6,4,7,7],"texture":"#all","cullface":"down","rotation":270},"south":{"uv":[0,4,7,5],"texture":"#all","cullface":"down"},"west":{"uv":[0,4,1,7],"texture":"#all","cullface":"down","rotation":90},"down":{"uv":[0.01,4.01,7.01,7.01],"texture":"#all","cullface":"down"}}},{"from":[0.0078125,-0.4921875,1],"to":[7,0,4],"faces":{"north":{"uv":[0,14,7,15],"texture":"#all","cullface":"down","rotation":180},"east":{"uv":[6,12,7,15],"texture":"#all","cullface":"down","rotation":270},"south":{"uv":[0,12,7,13],"texture":"#all","cullface":"down"},"west":{"uv":[0,12,1,15],"texture":"#all","cullface":"down","rotation":90},"down":{"uv":[0.01,12,7.01,15],"texture":"#all","cullface":"down"}}},{"from":[0.0078125,-0.4921875,5],"to":[8,0,8],"faces":{"north":{"uv":[0,10,8,11],"texture":"#all","cullface":"down","rotation":180},"east":{"uv":[7,8,8,11],"texture":"#all","cullface":"down","rotation":270},"south":{"uv":[0,8,8,9],"texture":"#all","cullface":"down"},"west":{"uv":[0,8,1,11],"texture":"#all","cullface":"down","rotation":90},"down":{"uv":[0.01,8.01,8.01,10.99],"texture":"#all","cullface":"down"}}},{"from":[8,7.5,5],"to":[15,8,8],"rotation":{"origin":[8,16,8],"axis":"x","angle":0.0},"faces":{"north":{"uv":[8,8,15,9],"texture":"#all","rotation":180},"east":{"uv":[14,8,15,11],"texture":"#all","rotation":270},"south":{"uv":[8,8,15,9],"texture":"#all"},"down":{"uv":[8.01,8.01,15.01,10.99],"texture":"#all"}}},{"from":[8,7.5,13],"to":[15,8,16],"rotation":{"origin":[8,16,8],"axis":"x","angle":0.0},"faces":{"north":{"uv":[8,0,15,1],"texture":"#all","rotation":180},"east":{"uv":[14,0,15,3],"texture":"#all","rotation":270},"south":{"uv":[8,0,15,1],"texture":"#all"},"down":{"uv":[8.01,0.01,14.99,3.01],"texture":"#all"}}},{"from":[8,7.5,9],"to":[16,8,12],"rotation":{"origin":[8,16,8],"axis":"x","angle":0.0},"faces":{"north":{"uv":[8,4,16,5],"texture":"#all","rotation":180},"east":{"uv":[15,4,16,7],"texture":"#all","rotation":270},"south":{"uv":[8,4,16,5],"texture":"#all"},"west":{"uv":[8,4,9,7],"texture":"#all","rotation":90},"down":{"uv":[8,4,16,7],"texture":"#all"}}},{"from":[8,7.5,1],"to":[16,8,4],"rotation":{"origin":[8,16,8],"axis":"x","angle":0.0},"faces":{"north":{"uv":[8,14,16,15],"texture":"#all","rotation":180},"east":{"uv":[15,12,16,15],"texture":"#all","rotation":270},"south":{"uv":[8,12,16,13],"texture":"#all"},"west":{"uv":[8,12,9,15],"texture":"#all","rotation":90},"down":{"uv":[8,12,16,15],"texture":"#all"}}}]}