{"parent":"block/template/stairs_all","elements":[{"from":[0,0,0],"to":[16,8,16],"faces":{"north":{"texture":"#all","cullface":"north"},"east":{"texture":"#all","cullface":"east"},"south":{"texture":"#all","cullface":"south"},"west":{"texture":"#all","cullface":"west"},"up":{"texture":"#all"},"down":{"texture":"#all","cullface":"down"}}},{"from":[0,8,0],"to":[8,16,16],"faces":{"north":{"texture":"#all","cullface":"north"},"east":{"texture":"#all"},"south":{"texture":"#all","cullface":"south"},"west":{"texture":"#all","cullface":"west"},"up":{"texture":"#all","cullface":"up"}}},{"from":[-0.4921875,9,8],"to":[0,15.9921875,15],"rotation":{"origin":[0,0,8],"axis":"y","angle":0.0},"faces":{"north":{"uv":[8,0,9,7],"texture":"#all","cullface":"west"},"south":{"uv":[14,0,15,7],"texture":"#all","cullface":"west"},"west":{"uv":[8,0,15,7],"texture":"#all","cullface":"west"},"up":{"uv":[15,0,8,1],"texture":"#all","cullface":"west","rotation":270},"down":{"uv":[15,6,8,7],"texture":"#all","cullface":"west","rotation":90}}},{"from":[-0.4921875,9,0.0078125],"to":[0,15.9921875,7],"rotation":{"origin":[0,0,8],"axis":"y","angle":0.0},"faces":{"north":{"uv":[0,0,1,7],"texture":"#all","cullface":"west"},"south":{"uv":[6,0,7,7],"texture":"#all","cullface":"west"},"west":{"uv":[0,0,7,7],"texture":"#all","cullface":"west"},"up":{"uv":[7,0,0,1],"texture":"#all","cullface":"west","rotation":270},"down":{"uv":[7,6,0,7],"texture":"#all","cullface":"west","rotation":90}}},{"from":[-0.4921875,1,0.0078125],"to":[0,8,7],"rotation":{"origin":[0,0,8],"axis":"y","angle":0.0},"faces":{"north":{"uv":[0,8,1,15],"texture":"#all","cullface":"west"},"south":{"uv":[6,8,7,15],"texture":"#all","cullface":"west"},"west":{"uv":[0,8,7,15],"texture":"#all","cullface":"west"},"up":{"uv":[7,8,0,9],"texture":"#all","cullface":"west","rotation":270},"down":{"uv":[7,14,0,15],"texture":"#all","cullface":"west","rotation":90}}},{"from":[-0.4921875,1,8],"to":[0,8,15],"rotation":{"origin":[0,0,8],"axis":"y","angle":0.0},"faces":{"north":{"uv":[8,8,9,15],"texture":"#all","cullface":"west"},"south":{"uv":[14,8,15,15],"texture":"#all","cullface":"west"},"west":{"uv":[8,8,15,15],"texture":"#all","cullface":"west"},"up":{"uv":[15,8,8,9],"texture":"#all","cullface":"west","rotation":270},"down":{"uv":[15,14,8,15],"texture":"#all","cullface":"west","rotation":90}}},{"from":[0.0078125,9,16],"to":[7,15.9921875,16.492188],"faces":{"east":{"uv":[6,0,7,7],"texture":"#all","cullface":"south"},"south":{"uv":[0,0,7,7],"texture":"#all","cullface":"south"},"west":{"uv":[0,0,1,7],"texture":"#all","cullface":"south"},"up":{"uv":[7,0,0,1],"texture":"#all","cullface":"south","rotation":180},"down":{"uv":[7,6,0,7],"texture":"#all","cullface":"south","rotation":180}}},{"from":[0.0078125,1,16],"to":[7,8,16.492188],"faces":{"east":{"uv":[6,8,7,15],"texture":"#all","cullface":"south"},"south":{"uv":[0,8,7,15],"texture":"#all","cullface":"south"},"west":{"uv":[0,8,1,15],"texture":"#all","cullface":"south"},"up":{"uv":[7,8,0,9],"texture":"#all","cullface":"south","rotation":180},"down":{"uv":[7,14,0,15],"texture":"#all","cullface":"south","rotation":180}}},{"from":[8,1,16],"to":[15,8,16.492188],"faces":{"east":{"uv":[14,8,15,15],"texture":"#all","cullface":"south"},"south":{"uv":[8,8,15,15],"texture":"#all","cullface":"south"},"west":{"uv":[8,8,9,15],"texture":"#all","cullface":"south"},"up":{"uv":[15,8,8,9],"texture":"#all","cullface":"south","rotation":180},"down":{"uv":[15,14,8,15],"texture":"#all","cullface":"south","rotation":180}}},{"from":[16,1,9],"to":[16.492188,8,15.9921875],"faces":{"north":{"uv":[6,8,7,15],"texture":"#all","cullface":"east"},"east":{"uv":[0,8,7,15],"texture":"#all","cullface":"east"},"south":{"uv":[0,8,1,15],"texture":"#all","cullface":"east"},"up":{"uv":[7,8,0,9],"texture":"#all","cullface":"east","rotation":90},"down":{"uv":[7,14,0,15],"texture":"#all","cullface":"east","rotation":270}}},{"from":[16,1,1],"to":[16.492188,8,8],"faces":{"north":{"uv":[14,8,15,15],"texture":"#all","cullface":"east"},"east":{"uv":[8,8,15,15],"texture":"#all","cullface":"east"},"south":{"uv":[8,8,9,15],"texture":"#all","cullface":"east"},"up":{"uv":[15,8,8,9],"texture":"#all","cullface":"east","rotation":90},"down":{"uv":[15,14,8,15],"texture":"#all","cullface":"east","rotation":270}}},{"from":[8,9,1],"to":[8.5,16,8],"faces":{"north":{"uv":[14,0,15,7],"texture":"#all"},"east":{"uv":[8,0,15,7],"texture":"#all"},"south":{"uv":[8,0,9,7],"texture":"#all"},"up":{"uv":[15,0,8,1],"texture":"#all","rotation":90},"down":{"uv":[15,6,8,7],"texture":"#all","rotation":270}}},{"from":[8,9,9],"to":[8.5,16,16],"faces":{"north":{"uv":[6,0,7,7],"texture":"#all"},"east":{"uv":[0,0,7,7],"texture":"#all"},"south":{"uv":[0,0,1,7],"texture":"#all"},"up":{"uv":[7,0,0,1],"texture":"#all","rotation":90},"down":{"uv":[7,6,0,7],"texture":"#all","rotation":270}}},{"from":[1,9,-0.4921875],"to":[8,15.9921875,0],"faces":{"north":{"uv":[8,0,15,7],"texture":"#all","cullface":"north"},"east":{"uv":[8,0,9,7],"texture":"#all","cullface":"north"},"west":{"uv":[14,0,15,7],"texture":"#all","cullface":"north"},"up":{"uv":[15,0,8,1],"texture":"#all","cullface":"north"},"down":{"uv":[15,6,8,7],"texture":"#all","cullface":"north"}}},{"from":[9,1,-0.4921875],"to":[15.9921875,8,0],"faces":{"north":{"uv":[0,8,7,15],"texture":"#all","cullface":"north"},"east":{"uv":[0,8,1,15],"texture":"#all","cullface":"north"},"west":{"uv":[6,8,7,15],"texture":"#all","cullface":"north"},"up":{"uv":[7,8,0,9],"texture":"#all","cullface":"north"},"down":{"uv":[7,14,0,15],"texture":"#all","cullface":"north"}}},{"from":[1,1,-0.4921875],"to":[8,8,0],"faces":{"north":{"uv":[8,8,15,15],"texture":"#all","cullface":"north"},"east":{"uv":[8,8,9,15],"texture":"#all","cullface":"north"},"west":{"uv":[14,8,15,15],"texture":"#all","cullface":"north"},"up":{"uv":[15,8,8,9],"texture":"#all","cullface":"north"},"down":{"uv":[15,14,8,15],"texture":"#all","cullface":"north"}}},{"from":[8,8,0],"to":[15,8.5,7],"faces":{"north":{"uv":[15,0,8,1],"texture":"#all"},"east":{"uv":[14,0,15,7],"texture":"#all","rotation":90},"south":{"uv":[15,6,8,7],"texture":"#all","rotation":180},"west":{"uv":[8,0,9,7],"texture":"#all","rotation":270},"up":{"uv":[8,0,15,7],"texture":"#all"}}},{"from":[8,8,8],"to":[15,8.5,15],"faces":{"north":{"uv":[15,8,8,9],"texture":"#all"},"east":{"uv":[14,8,15,15],"texture":"#all","rotation":90},"south":{"uv":[15,14,8,15],"texture":"#all","rotation":180},"west":{"uv":[8,8,9,15],"texture":"#all","rotation":270},"up":{"uv":[8,8,15,15],"texture":"#all"}}},{"from":[0.0078125,16,0.0078125],"to":[7,16.492188,7],"faces":{"north":{"uv":[7,0,0,1],"texture":"#all","cullface":"up"},"east":{"uv":[6,0,7,7],"texture":"#all","cullface":"up","rotation":90},"south":{"uv":[7,6,0,7],"texture":"#all","cullface":"up","rotation":180},"west":{"uv":[0,0,1,7],"texture":"#all","cullface":"up","rotation":270},"up":{"uv":[0,0,7,7],"texture":"#all","cullface":"up"}}},{"from":[0.0078125,16,8],"to":[7,16.492188,15],"faces":{"north":{"uv":[7,8,0,9],"texture":"#all","cullface":"up"},"east":{"uv":[6,8,7,15],"texture":"#all","cullface":"up","rotation":90},"south":{"uv":[7,14,0,15],"texture":"#all","cullface":"up","rotation":180},"west":{"uv":[0,8,1,15],"texture":"#all","cullface":"up","rotation":270},"up":{"uv":[0,8,7,15],"texture":"#all","cullface":"up"}}},{"from":[8,-0.4921875,9],"to":[15,0,15.9921875],"rotation":{"origin":[0,0,8],"axis":"y","angle":0.0},"faces":{"north":{"uv":[15,6,8,7],"texture":"#all","cullface":"down"},"east":{"uv":[14,0,15,7],"texture":"#all","cullface":"down","rotation":270},"south":{"uv":[15,0,8,1],"texture":"#all","cullface":"down","rotation":180},"west":{"uv":[8,0,9,7],"texture":"#all","cullface":"down","rotation":90},"down":{"uv":[8,0,15,7],"texture":"#all","cullface":"down"}}},{"from":[0.0078125,-0.4921875,9],"to":[7,0,15.9921875],"rotation":{"origin":[0,0,8],"axis":"y","angle":0.0},"faces":{"north":{"uv":[7,6,0,7],"texture":"#all","cullface":"down"},"east":{"uv":[6,0,7,7],"texture":"#all","cullface":"down","rotation":270},"south":{"uv":[7,0,0,1],"texture":"#all","cullface":"down","rotation":180},"west":{"uv":[0,0,1,7],"texture":"#all","cullface":"down","rotation":90},"down":{"uv":[0,0,7,7],"texture":"#all","cullface":"down"}}},{"from":[0.0078125,-0.4921875,1],"to":[7,0,8],"rotation":{"origin":[0,0,8],"axis":"y","angle":0.0},"faces":{"north":{"uv":[7,14,0,15],"texture":"#all","cullface":"down"},"east":{"uv":[6,8,7,15],"texture":"#all","cullface":"down","rotation":270},"south":{"uv":[7,8,0,9],"texture":"#all","cullface":"down","rotation":180},"west":{"uv":[0,8,1,15],"texture":"#all","cullface":"down","rotation":90},"down":{"uv":[0,8,7,15],"texture":"#all","cullface":"down"}}},{"from":[8,-0.4921875,1],"to":[15,0,8],"rotation":{"origin":[0,0,8],"axis":"y","angle":0.0},"faces":{"north":{"uv":[15,14,8,15],"texture":"#all","cullface":"down"},"east":{"uv":[14,8,15,15],"texture":"#all","cullface":"down","rotation":270},"south":{"uv":[15,8,8,9],"texture":"#all","cullface":"down","rotation":180},"west":{"uv":[8,8,9,15],"texture":"#all","cullface":"down","rotation":90},"down":{"uv":[8,8,15,15],"texture":"#all","cullface":"down"}}}]}