{"parent":"block/cube_all","elements":[{"from":[0,0,0],"to":[16,16,16],"faces":{"north":{"texture":"#all","cullface":"north"},"east":{"texture":"#all","cullface":"east"},"south":{"texture":"#all","cullface":"south"},"west":{"texture":"#all","cullface":"west"},"up":{"texture":"#all","cullface":"up"},"down":{"texture":"#all","cullface":"down"}}},{"from":[3,3,-0.4921875],"to":[5,4,0],"faces":{"north":{"uv":[11,12,13,13],"texture":"#all","cullface":"north"},"east":{"uv":[11,12,12,13],"texture":"#all","cullface":"north"},"west":{"uv":[12,12,13,13],"texture":"#all","cullface":"north"},"up":{"uv":[13,12,11,13],"texture":"#all","cullface":"north"},"down":{"uv":[13,12,11,13],"texture":"#all","cullface":"north"}}},{"from":[8,3,-0.4921875],"to":[13,4,0],"faces":{"north":{"uv":[3,12,8,13],"texture":"#all","cullface":"north"},"east":{"uv":[3,12,4,13],"texture":"#all","cullface":"north"},"west":{"uv":[7,12,8,13],"texture":"#all","cullface":"north"},"up":{"uv":[8,12,3,13],"texture":"#all","cullface":"north"},"down":{"uv":[8,12,3,13],"texture":"#all","cullface":"north"}}},{"from":[10,2,-0.4921875],"to":[12,3,0],"faces":{"north":{"uv":[4,13,6,14],"texture":"#all","cullface":"north"},"east":{"uv":[4,13,5,14],"texture":"#all","cullface":"north"},"west":{"uv":[5,13,6,14],"texture":"#all","cullface":"north"},"down":{"uv":[6,13,4,14],"texture":"#all","cullface":"north"}}},{"from":[13,6,-0.4921875],"to":[15,8,0],"faces":{"north":{"uv":[1,8,3,10],"texture":"#all","cullface":"north"},"east":{"uv":[1,8,2,10],"texture":"#all","cullface":"north"},"west":{"uv":[2,8,3,10],"texture":"#all","cullface":"north"},"down":{"uv":[3,9,1,10],"texture":"#all","cullface":"north"}}},{"from":[12,7,-0.4921875],"to":[15,8,0],"faces":{"north":{"uv":[1,8,4,9],"texture":"#all","cullface":"north"},"west":{"uv":[3,8,4,9],"texture":"#all","cullface":"north"},"up":{"uv":[4,8,1,9],"texture":"#all","cullface":"north"},"down":{"uv":[4,8,1,9],"texture":"#all","cullface":"north"}}},{"from":[6,11,-0.4921875],"to":[13,12,0],"faces":{"north":{"uv":[3,4,10,5],"texture":"#all","cullface":"north"},"east":{"uv":[3,4,4,5],"texture":"#all","cullface":"north"},"west":{"uv":[9,4,10,5],"texture":"#all","cullface":"north"},"up":{"uv":[10,4,3,5],"texture":"#all","cullface":"north"},"down":{"uv":[10,4,3,5],"texture":"#all","cullface":"north"}}},{"from":[8,10,-0.4921875],"to":[11,13,0],"faces":{"north":{"uv":[5,3,8,6],"texture":"#all","cullface":"north"},"east":{"uv":[5,3,6,6],"texture":"#all","cullface":"north"},"west":{"uv":[7,3,8,6],"texture":"#all","cullface":"north"},"up":{"uv":[8,3,5,4],"texture":"#all","cullface":"north"}}},{"from":[8,10,-0.4921875],"to":[12,11,0],"faces":{"north":{"uv":[4,5,8,6],"texture":"#all","cullface":"north"},"east":{"uv":[4,5,5,6],"texture":"#all","cullface":"north"},"down":{"uv":[8,5,4,6],"texture":"#all","cullface":"north"}}},{"from":[2,10,-0.4921875],"to":[4,11,0],"faces":{"north":{"uv":[12,5,14,6],"texture":"#all","cullface":"north"},"east":{"uv":[12,5,13,6],"texture":"#all","cullface":"north"},"west":{"uv":[13,5,14,6],"texture":"#all","cullface":"north"},"up":{"uv":[14,5,12,6],"texture":"#all","cullface":"north"},"down":{"uv":[14,5,12,6],"texture":"#all","cullface":"north"}}},{"from":[1,7,-0.4921875],"to":[7,8,0],"faces":{"north":{"uv":[9,8,15,9],"texture":"#all","cullface":"north"},"east":{"uv":[9,8,10,9],"texture":"#all","cullface":"north"},"west":{"uv":[14,8,15,9],"texture":"#all","cullface":"north"},"up":{"uv":[15,8,9,9],"texture":"#all","cullface":"north"},"down":{"uv":[15,8,9,9],"texture":"#all","cullface":"north"}}},{"from":[2,6,-0.4921875],"to":[5,7,0],"faces":{"north":{"uv":[11,9,14,10],"texture":"#all","cullface":"north"},"east":{"uv":[11,9,12,10],"texture":"#all","cullface":"north"},"west":{"uv":[13,9,14,10],"texture":"#all","cullface":"north"},"down":{"uv":[14,9,11,10],"texture":"#all","cullface":"north"}}},{"from":[-0.4921875,3,11],"to":[0,4,13],"faces":{"north":{"uv":[11,12,12,13],"texture":"#all","cullface":"west"},"south":{"uv":[12,12,13,13],"texture":"#all","cullface":"west"},"west":{"uv":[11,12,13,13],"texture":"#all","cullface":"west"},"up":{"uv":[13,12,11,13],"texture":"#all","cullface":"west","rotation":270},"down":{"uv":[13,12,11,13],"texture":"#all","cullface":"west","rotation":90}}},{"from":[-0.4921875,3,3],"to":[0,4,8],"faces":{"north":{"uv":[3,12,4,13],"texture":"#all","cullface":"west"},"south":{"uv":[7,12,8,13],"texture":"#all","cullface":"west"},"west":{"uv":[3,12,8,13],"texture":"#all","cullface":"west"},"up":{"uv":[8,12,3,13],"texture":"#all","cullface":"west","rotation":270},"down":{"uv":[8,12,3,13],"texture":"#all","cullface":"west","rotation":90}}},{"from":[-0.4921875,2,4],"to":[0,3,6],"faces":{"north":{"uv":[4,13,5,14],"texture":"#all","cullface":"west"},"south":{"uv":[5,13,6,14],"texture":"#all","cullface":"west"},"west":{"uv":[4,13,6,14],"texture":"#all","cullface":"west"},"down":{"uv":[6,13,4,14],"texture":"#all","cullface":"west","rotation":90}}},{"from":[-0.4921875,6,1],"to":[0,8,3],"faces":{"north":{"uv":[1,8,2,10],"texture":"#all","cullface":"west"},"south":{"uv":[2,8,3,10],"texture":"#all","cullface":"west"},"west":{"uv":[1,8,3,10],"texture":"#all","cullface":"west"},"down":{"uv":[3,9,1,10],"texture":"#all","cullface":"west","rotation":90}}},{"from":[-0.4921875,7,1],"to":[0,8,4],"faces":{"south":{"uv":[3,8,4,9],"texture":"#all","cullface":"west"},"west":{"uv":[1,8,4,9],"texture":"#all","cullface":"west"},"up":{"uv":[4,8,1,9],"texture":"#all","cullface":"west","rotation":270},"down":{"uv":[4,8,1,9],"texture":"#all","cullface":"west","rotation":90}}},{"from":[-0.4921875,11,3],"to":[0,12,10],"faces":{"north":{"uv":[3,4,4,5],"texture":"#all","cullface":"west"},"south":{"uv":[9,4,10,5],"texture":"#all","cullface":"west"},"west":{"uv":[3,4,10,5],"texture":"#all","cullface":"west"},"up":{"uv":[10,4,3,5],"texture":"#all","cullface":"west","rotation":270},"down":{"uv":[10,4,3,5],"texture":"#all","cullface":"west","rotation":90}}},{"from":[-0.4921875,10,5],"to":[0,13,8],"faces":{"north":{"uv":[5,3,6,6],"texture":"#all","cullface":"west"},"south":{"uv":[7,3,8,6],"texture":"#all","cullface":"west"},"west":{"uv":[5,3,8,6],"texture":"#all","cullface":"west"},"up":{"uv":[8,3,5,4],"texture":"#all","cullface":"west","rotation":270}}},{"from":[-0.4921875,10,4],"to":[0,11,8],"faces":{"north":{"uv":[4,5,5,6],"texture":"#all","cullface":"west"},"west":{"uv":[4,5,8,6],"texture":"#all","cullface":"west"},"down":{"uv":[8,5,4,6],"texture":"#all","cullface":"west","rotation":90}}},{"from":[-0.4921875,10,12],"to":[0,11,14],"faces":{"north":{"uv":[12,5,13,6],"texture":"#all","cullface":"west"},"south":{"uv":[13,5,14,6],"texture":"#all","cullface":"west"},"west":{"uv":[12,5,14,6],"texture":"#all","cullface":"west"},"up":{"uv":[14,5,12,6],"texture":"#all","cullface":"west","rotation":270},"down":{"uv":[14,5,12,6],"texture":"#all","cullface":"west","rotation":90}}},{"from":[-0.4921875,7,9],"to":[0,8,15],"faces":{"north":{"uv":[9,8,10,9],"texture":"#all","cullface":"west"},"south":{"uv":[14,8,15,9],"texture":"#all","cullface":"west"},"west":{"uv":[9,8,15,9],"texture":"#all","cullface":"west"},"up":{"uv":[15,8,9,9],"texture":"#all","cullface":"west","rotation":270},"down":{"uv":[15,8,9,9],"texture":"#all","cullface":"west","rotation":90}}},{"from":[-0.4921875,6,11],"to":[0,7,14],"faces":{"north":{"uv":[11,9,12,10],"texture":"#all","cullface":"west"},"south":{"uv":[13,9,14,10],"texture":"#all","cullface":"west"},"west":{"uv":[11,9,14,10],"texture":"#all","cullface":"west"},"down":{"uv":[14,9,11,10],"texture":"#all","cullface":"west","rotation":90}}},{"from":[11,3,16],"to":[13,4,16.492188],"faces":{"east":{"uv":[12,12,13,13],"texture":"#all","cullface":"south"},"south":{"uv":[11,12,13,13],"texture":"#all","cullface":"south"},"west":{"uv":[11,12,12,13],"texture":"#all","cullface":"south"},"up":{"uv":[13,12,11,13],"texture":"#all","cullface":"south","rotation":180},"down":{"uv":[13,12,11,13],"texture":"#all","cullface":"south","rotation":180}}},{"from":[3,3,16],"to":[8,4,16.492188],"faces":{"east":{"uv":[7,12,8,13],"texture":"#all","cullface":"south"},"south":{"uv":[3,12,8,13],"texture":"#all","cullface":"south"},"west":{"uv":[3,12,4,13],"texture":"#all","cullface":"south"},"up":{"uv":[8,12,3,13],"texture":"#all","cullface":"south","rotation":180},"down":{"uv":[8,12,3,13],"texture":"#all","cullface":"south","rotation":180}}},{"from":[4,2,16],"to":[6,3,16.492188],"faces":{"east":{"uv":[5,13,6,14],"texture":"#all","cullface":"south"},"south":{"uv":[4,13,6,14],"texture":"#all","cullface":"south"},"west":{"uv":[4,13,5,14],"texture":"#all","cullface":"south"},"down":{"uv":[6,13,4,14],"texture":"#all","cullface":"south","rotation":180}}},{"from":[1,6,16],"to":[3,8,16.492188],"faces":{"east":{"uv":[2,8,3,10],"texture":"#all","cullface":"south"},"south":{"uv":[1,8,3,10],"texture":"#all","cullface":"south"},"west":{"uv":[1,8,2,10],"texture":"#all","cullface":"south"},"down":{"uv":[3,9,1,10],"texture":"#all","cullface":"south","rotation":180}}},{"from":[1,7,16],"to":[4,8,16.492188],"faces":{"east":{"uv":[3,8,4,9],"texture":"#all","cullface":"south"},"south":{"uv":[1,8,4,9],"texture":"#all","cullface":"south"},"up":{"uv":[4,8,1,9],"texture":"#all","cullface":"south","rotation":180},"down":{"uv":[4,8,1,9],"texture":"#all","cullface":"south","rotation":180}}},{"from":[3,11,16],"to":[10,12,16.492188],"faces":{"east":{"uv":[9,4,10,5],"texture":"#all","cullface":"south"},"south":{"uv":[3,4,10,5],"texture":"#all","cullface":"south"},"west":{"uv":[3,4,4,5],"texture":"#all","cullface":"south"},"up":{"uv":[10,4,3,5],"texture":"#all","cullface":"south","rotation":180},"down":{"uv":[10,4,3,5],"texture":"#all","cullface":"south","rotation":180}}},{"from":[5,10,16],"to":[8,13,16.492188],"faces":{"east":{"uv":[7,3,8,6],"texture":"#all","cullface":"south"},"south":{"uv":[5,3,8,6],"texture":"#all","cullface":"south"},"west":{"uv":[5,3,6,6],"texture":"#all","cullface":"south"},"up":{"uv":[8,3,5,4],"texture":"#all","cullface":"south","rotation":180}}},{"from":[4,10,16],"to":[8,11,16.492188],"faces":{"south":{"uv":[4,5,8,6],"texture":"#all","cullface":"south"},"west":{"uv":[4,5,5,6],"texture":"#all","cullface":"south"},"down":{"uv":[8,5,4,6],"texture":"#all","cullface":"south","rotation":180}}},{"from":[12,10,16],"to":[14,11,16.492188],"faces":{"east":{"uv":[13,5,14,6],"texture":"#all","cullface":"south"},"south":{"uv":[12,5,14,6],"texture":"#all","cullface":"south"},"west":{"uv":[12,5,13,6],"texture":"#all","cullface":"south"},"up":{"uv":[14,5,12,6],"texture":"#all","cullface":"south","rotation":180},"down":{"uv":[14,5,12,6],"texture":"#all","cullface":"south","rotation":180}}},{"from":[9,7,16],"to":[15,8,16.492188],"faces":{"east":{"uv":[14,8,15,9],"texture":"#all","cullface":"south"},"south":{"uv":[9,8,15,9],"texture":"#all","cullface":"south"},"west":{"uv":[9,8,10,9],"texture":"#all","cullface":"south"},"up":{"uv":[15,8,9,9],"texture":"#all","cullface":"south","rotation":180},"down":{"uv":[15,8,9,9],"texture":"#all","cullface":"south","rotation":180}}},{"from":[11,6,16],"to":[14,7,16.492188],"faces":{"east":{"uv":[13,9,14,10],"texture":"#all","cullface":"south"},"south":{"uv":[11,9,14,10],"texture":"#all","cullface":"south"},"west":{"uv":[11,9,12,10],"texture":"#all","cullface":"south"},"down":{"uv":[14,9,11,10],"texture":"#all","cullface":"south","rotation":180}}},{"from":[16,3,3],"to":[16.492188,4,5],"faces":{"north":{"uv":[12,12,13,13],"texture":"#all","cullface":"east"},"east":{"uv":[11,12,13,13],"texture":"#all","cullface":"east"},"south":{"uv":[11,12,12,13],"texture":"#all","cullface":"east"},"up":{"uv":[13,12,11,13],"texture":"#all","cullface":"east","rotation":90},"down":{"uv":[13,12,11,13],"texture":"#all","cullface":"east","rotation":270}}},{"from":[16,3,8],"to":[16.492188,4,13],"faces":{"north":{"uv":[7,12,8,13],"texture":"#all","cullface":"east"},"east":{"uv":[3,12,8,13],"texture":"#all","cullface":"east"},"south":{"uv":[3,12,4,13],"texture":"#all","cullface":"east"},"up":{"uv":[8,12,3,13],"texture":"#all","cullface":"east","rotation":90},"down":{"uv":[8,12,3,13],"texture":"#all","cullface":"east","rotation":270}}},{"from":[16,2,10],"to":[16.492188,3,12],"faces":{"north":{"uv":[5,13,6,14],"texture":"#all","cullface":"east"},"east":{"uv":[4,13,6,14],"texture":"#all","cullface":"east"},"south":{"uv":[4,13,5,14],"texture":"#all","cullface":"east"},"down":{"uv":[6,13,4,14],"texture":"#all","cullface":"east","rotation":270}}},{"from":[16,6,13],"to":[16.492188,8,15],"faces":{"north":{"uv":[2,8,3,10],"texture":"#all","cullface":"east"},"east":{"uv":[1,8,3,10],"texture":"#all","cullface":"east"},"south":{"uv":[1,8,2,10],"texture":"#all","cullface":"east"},"down":{"uv":[3,9,1,10],"texture":"#all","cullface":"east","rotation":270}}},{"from":[16,7,12],"to":[16.492188,8,15],"faces":{"north":{"uv":[3,8,4,9],"texture":"#all","cullface":"east"},"east":{"uv":[1,8,4,9],"texture":"#all","cullface":"east"},"up":{"uv":[4,8,1,9],"texture":"#all","cullface":"east","rotation":90},"down":{"uv":[4,8,1,9],"texture":"#all","cullface":"east","rotation":270}}},{"from":[16,11,6],"to":[16.492188,12,13],"faces":{"north":{"uv":[9,4,10,5],"texture":"#all","cullface":"east"},"east":{"uv":[3,4,10,5],"texture":"#all","cullface":"east"},"south":{"uv":[3,4,4,5],"texture":"#all","cullface":"east"},"up":{"uv":[10,4,3,5],"texture":"#all","cullface":"east","rotation":90},"down":{"uv":[10,4,3,5],"texture":"#all","cullface":"east","rotation":270}}},{"from":[16,10,8],"to":[16.492188,13,11],"faces":{"north":{"uv":[7,3,8,6],"texture":"#all","cullface":"east"},"east":{"uv":[5,3,8,6],"texture":"#all","cullface":"east"},"south":{"uv":[5,3,6,6],"texture":"#all","cullface":"east"},"up":{"uv":[8,3,5,4],"texture":"#all","cullface":"east","rotation":90}}},{"from":[16,10,8],"to":[16.492188,11,12],"faces":{"east":{"uv":[4,5,8,6],"texture":"#all","cullface":"east"},"south":{"uv":[4,5,5,6],"texture":"#all","cullface":"east"},"down":{"uv":[8,5,4,6],"texture":"#all","cullface":"east","rotation":270}}},{"from":[16,10,2],"to":[16.492188,11,4],"faces":{"north":{"uv":[13,5,14,6],"texture":"#all","cullface":"east"},"east":{"uv":[12,5,14,6],"texture":"#all","cullface":"east"},"south":{"uv":[12,5,13,6],"texture":"#all","cullface":"east"},"up":{"uv":[14,5,12,6],"texture":"#all","cullface":"east","rotation":90},"down":{"uv":[14,5,12,6],"texture":"#all","cullface":"east","rotation":270}}},{"from":[16,7,1],"to":[16.492188,8,7],"faces":{"north":{"uv":[14,8,15,9],"texture":"#all","cullface":"east"},"east":{"uv":[9,8,15,9],"texture":"#all","cullface":"east"},"south":{"uv":[9,8,10,9],"texture":"#all","cullface":"east"},"up":{"uv":[15,8,9,9],"texture":"#all","cullface":"east","rotation":90},"down":{"uv":[15,8,9,9],"texture":"#all","cullface":"east","rotation":270}}},{"from":[16,6,2],"to":[16.492188,7,5],"faces":{"north":{"uv":[13,9,14,10],"texture":"#all","cullface":"east"},"east":{"uv":[11,9,14,10],"texture":"#all","cullface":"east"},"south":{"uv":[11,9,12,10],"texture":"#all","cullface":"east"},"down":{"uv":[14,9,11,10],"texture":"#all","cullface":"east","rotation":270}}},{"from":[11,16,12],"to":[13,16.492188,13],"faces":{"north":{"uv":[13,12,11,13],"texture":"#all","cullface":"up"},"east":{"uv":[12,12,13,13],"texture":"#all","cullface":"up","rotation":90},"south":{"uv":[13,12,11,13],"texture":"#all","cullface":"up","rotation":180},"west":{"uv":[11,12,12,13],"texture":"#all","cullface":"up","rotation":270},"up":{"uv":[11,12,13,13],"texture":"#all","cullface":"up"}}},{"from":[3,16,12],"to":[8,16.492188,13],"faces":{"north":{"uv":[8,12,3,13],"texture":"#all","cullface":"up"},"east":{"uv":[7,12,8,13],"texture":"#all","cullface":"up","rotation":90},"south":{"uv":[8,12,3,13],"texture":"#all","cullface":"up","rotation":180},"west":{"uv":[3,12,4,13],"texture":"#all","cullface":"up","rotation":270},"up":{"uv":[3,12,8,13],"texture":"#all","cullface":"up"}}},{"from":[4,16,13],"to":[6,16.492188,14],"faces":{"east":{"uv":[5,13,6,14],"texture":"#all","cullface":"up","rotation":90},"south":{"uv":[6,13,4,14],"texture":"#all","cullface":"up","rotation":180},"west":{"uv":[4,13,5,14],"texture":"#all","cullface":"up","rotation":270},"up":{"uv":[4,13,6,14],"texture":"#all","cullface":"up"}}},{"from":[1,16,8],"to":[3,16.492188,10],"faces":{"east":{"uv":[2,8,3,10],"texture":"#all","cullface":"up","rotation":90},"south":{"uv":[3,9,1,10],"texture":"#all","cullface":"up","rotation":180},"west":{"uv":[1,8,2,10],"texture":"#all","cullface":"up","rotation":270},"up":{"uv":[1,8,3,10],"texture":"#all","cullface":"up"}}},{"from":[1,16,8],"to":[4,16.492188,9],"faces":{"north":{"uv":[4,8,1,9],"texture":"#all","cullface":"up"},"east":{"uv":[3,8,4,9],"texture":"#all","cullface":"up","rotation":90},"south":{"uv":[4,8,1,9],"texture":"#all","cullface":"up","rotation":180},"up":{"uv":[1,8,4,9],"texture":"#all","cullface":"up"}}},{"from":[3,16,4],"to":[10,16.492188,5],"faces":{"north":{"uv":[10,4,3,5],"texture":"#all","cullface":"up"},"east":{"uv":[9,4,10,5],"texture":"#all","cullface":"up","rotation":90},"south":{"uv":[10,4,3,5],"texture":"#all","cullface":"up","rotation":180},"west":{"uv":[3,4,4,5],"texture":"#all","cullface":"up","rotation":270},"up":{"uv":[3,4,10,5],"texture":"#all","cullface":"up"}}},{"from":[5,16,3],"to":[8,16.492188,6],"faces":{"north":{"uv":[8,3,5,4],"texture":"#all","cullface":"up"},"east":{"uv":[7,3,8,6],"texture":"#all","cullface":"up","rotation":90},"west":{"uv":[5,3,6,6],"texture":"#all","cullface":"up","rotation":270},"up":{"uv":[5,3,8,6],"texture":"#all","cullface":"up"}}},{"from":[4,16,5],"to":[8,16.492188,6],"faces":{"south":{"uv":[8,5,4,6],"texture":"#all","cullface":"up","rotation":180},"west":{"uv":[4,5,5,6],"texture":"#all","cullface":"up","rotation":270},"up":{"uv":[4,5,8,6],"texture":"#all","cullface":"up"}}},{"from":[12,16,5],"to":[14,16.492188,6],"faces":{"north":{"uv":[14,5,12,6],"texture":"#all","cullface":"up"},"east":{"uv":[13,5,14,6],"texture":"#all","cullface":"up","rotation":90},"south":{"uv":[14,5,12,6],"texture":"#all","cullface":"up","rotation":180},"west":{"uv":[12,5,13,6],"texture":"#all","cullface":"up","rotation":270},"up":{"uv":[12,5,14,6],"texture":"#all","cullface":"up"}}},{"from":[9,16,8],"to":[15,16.492188,9],"faces":{"north":{"uv":[15,8,9,9],"texture":"#all","cullface":"up"},"east":{"uv":[14,8,15,9],"texture":"#all","cullface":"up","rotation":90},"south":{"uv":[15,8,9,9],"texture":"#all","cullface":"up","rotation":180},"west":{"uv":[9,8,10,9],"texture":"#all","cullface":"up","rotation":270},"up":{"uv":[9,8,15,9],"texture":"#all","cullface":"up"}}},{"from":[11,16,9],"to":[14,16.492188,10],"faces":{"east":{"uv":[13,9,14,10],"texture":"#all","cullface":"up","rotation":90},"south":{"uv":[14,9,11,10],"texture":"#all","cullface":"up","rotation":180},"west":{"uv":[11,9,12,10],"texture":"#all","cullface":"up","rotation":270},"up":{"uv":[11,9,14,10],"texture":"#all","cullface":"up"}}},{"from":[11,-0.4921875,3],"to":[13,0,4],"faces":{"north":{"uv":[13,12,11,13],"texture":"#all","cullface":"down"},"east":{"uv":[12,12,13,13],"texture":"#all","cullface":"down","rotation":270},"south":{"uv":[13,12,11,13],"texture":"#all","cullface":"down","rotation":180},"west":{"uv":[11,12,12,13],"texture":"#all","cullface":"down","rotation":90},"down":{"uv":[11,12,13,13],"texture":"#all","cullface":"down"}}},{"from":[3,-0.4921875,3],"to":[8,0,4],"faces":{"north":{"uv":[8,12,3,13],"texture":"#all","cullface":"down"},"east":{"uv":[7,12,8,13],"texture":"#all","cullface":"down","rotation":270},"south":{"uv":[8,12,3,13],"texture":"#all","cullface":"down","rotation":180},"west":{"uv":[3,12,4,13],"texture":"#all","cullface":"down","rotation":90},"down":{"uv":[3,12,8,13],"texture":"#all","cullface":"down"}}},{"from":[4,-0.4921875,2],"to":[6,0,3],"faces":{"north":{"uv":[6,13,4,14],"texture":"#all","cullface":"down"},"east":{"uv":[5,13,6,14],"texture":"#all","cullface":"down","rotation":270},"west":{"uv":[4,13,5,14],"texture":"#all","cullface":"down","rotation":90},"down":{"uv":[4,13,6,14],"texture":"#all","cullface":"down"}}},{"from":[1,-0.4921875,6],"to":[3,0,8],"faces":{"north":{"uv":[3,9,1,10],"texture":"#all","cullface":"down"},"east":{"uv":[2,8,3,10],"texture":"#all","cullface":"down","rotation":270},"west":{"uv":[1,8,2,10],"texture":"#all","cullface":"down","rotation":90},"down":{"uv":[1,8,3,10],"texture":"#all","cullface":"down"}}},{"from":[1,-0.4921875,7],"to":[4,0,8],"faces":{"north":{"uv":[4,8,1,9],"texture":"#all","cullface":"down"},"east":{"uv":[3,8,4,9],"texture":"#all","cullface":"down","rotation":270},"south":{"uv":[4,8,1,9],"texture":"#all","cullface":"down","rotation":180},"down":{"uv":[1,8,4,9],"texture":"#all","cullface":"down"}}},{"from":[3,-0.4921875,11],"to":[10,0,12],"faces":{"north":{"uv":[10,4,3,5],"texture":"#all","cullface":"down"},"east":{"uv":[9,4,10,5],"texture":"#all","cullface":"down","rotation":270},"south":{"uv":[10,4,3,5],"texture":"#all","cullface":"down","rotation":180},"west":{"uv":[3,4,4,5],"texture":"#all","cullface":"down","rotation":90},"down":{"uv":[3,4,10,5],"texture":"#all","cullface":"down"}}},{"from":[5,-0.4921875,10],"to":[8,0,13],"faces":{"east":{"uv":[7,3,8,6],"texture":"#all","cullface":"down","rotation":270},"south":{"uv":[8,3,5,4],"texture":"#all","cullface":"down","rotation":180},"west":{"uv":[5,3,6,6],"texture":"#all","cullface":"down","rotation":90},"down":{"uv":[5,3,8,6],"texture":"#all","cullface":"down"}}},{"from":[4,-0.4921875,10],"to":[8,0,11],"faces":{"north":{"uv":[8,5,4,6],"texture":"#all","cullface":"down"},"west":{"uv":[4,5,5,6],"texture":"#all","cullface":"down","rotation":90},"down":{"uv":[4,5,8,6],"texture":"#all","cullface":"down"}}},{"from":[12,-0.4921875,10],"to":[14,0,11],"faces":{"north":{"uv":[14,5,12,6],"texture":"#all","cullface":"down"},"east":{"uv":[13,5,14,6],"texture":"#all","cullface":"down","rotation":270},"south":{"uv":[14,5,12,6],"texture":"#all","cullface":"down","rotation":180},"west":{"uv":[12,5,13,6],"texture":"#all","cullface":"down","rotation":90},"down":{"uv":[12,5,14,6],"texture":"#all","cullface":"down"}}},{"from":[9,-0.4921875,7],"to":[15,0,8],"faces":{"north":{"uv":[15,8,9,9],"texture":"#all","cullface":"down"},"east":{"uv":[14,8,15,9],"texture":"#all","cullface":"down","rotation":270},"south":{"uv":[15,8,9,9],"texture":"#all","cullface":"down","rotation":180},"west":{"uv":[9,8,10,9],"texture":"#all","cullface":"down","rotation":90},"down":{"uv":[9,8,15,9],"texture":"#all","cullface":"down"}}},{"from":[11,-0.4921875,6],"to":[14,0,7],"faces":{"north":{"uv":[14,9,11,10],"texture":"#all","cullface":"down"},"east":{"uv":[13,9,14,10],"texture":"#all","cullface":"down","rotation":270},"west":{"uv":[11,9,12,10],"texture":"#all","cullface":"down","rotation":90},"down":{"uv":[11,9,14,10],"texture":"#all","cullface":"down"}}}]}