{"parent":"block/slab_top","elements":[{"from":[0,8,0],"to":[16,16,16],"faces":{"north":{"texture":"#side","cullface":"north"},"east":{"texture":"#side","cullface":"east"},"south":{"texture":"#side","cullface":"south"},"west":{"texture":"#side","cullface":"west"},"up":{"texture":"#top","cullface":"up"},"down":{"texture":"#bottom"}}},{"from":[8,8,-0.4921875],"to":[11,9,0],"faces":{"north":{"uv":[5,7,8,8],"texture":"#side","cullface":"north"},"east":{"uv":[5,7,6,8],"texture":"#side","cullface":"north"},"west":{"uv":[7,7,8,8],"texture":"#side","cullface":"north"},"up":{"uv":[8,7,5,8],"texture":"#side","cullface":"north"},"down":{"uv":[8,7,5,8],"texture":"#side","cullface":"north"}}},{"from":[14,9,-0.4921875],"to":[15,11,0],"faces":{"north":{"uv":[1,5,2,7],"texture":"#side","cullface":"north"},"east":{"uv":[1,5,2,9],"texture":"#side","cullface":"north"},"west":{"uv":[1,5,2,7],"texture":"#side","cullface":"north"},"up":{"uv":[2,5,1,6],"texture":"#side","cullface":"north"},"down":{"uv":[2,6,1,7],"texture":"#side","cullface":"north"}}},{"from":[9,11,-0.4921875],"to":[14,12,0],"faces":{"north":{"uv":[2,4,7,5],"texture":"#side","cullface":"north"},"east":{"uv":[2,4,3,5],"texture":"#side","cullface":"north"},"west":{"uv":[6,4,7,5],"texture":"#side","cullface":"north"},"up":{"uv":[7,4,2,5],"texture":"#side","cullface":"north"},"down":{"uv":[7,4,2,5],"texture":"#side","cullface":"north"}}},{"from":[10,10,-0.4921875],"to":[12,11,0],"faces":{"north":{"uv":[4,5,6,6],"texture":"#side","cullface":"north"},"east":{"uv":[4,5,5,6],"texture":"#side","cullface":"north"},"west":{"uv":[5,5,6,6],"texture":"#side","cullface":"north"},"down":{"uv":[6,5,4,6],"texture":"#side","cullface":"north"}}},{"from":[8,12,-0.4921875],"to":[13,13,0],"faces":{"north":{"uv":[3,3,8,4],"texture":"#side","cullface":"north"},"east":{"uv":[3,3,4,4],"texture":"#side","cullface":"north"},"west":{"uv":[7,3,8,4],"texture":"#side","cullface":"north"},"up":{"uv":[8,3,3,4],"texture":"#side","cullface":"north"},"down":{"uv":[8,3,3,4],"texture":"#side","cullface":"north"}}},{"from":[0.0078125,14,-0.4921875],"to":[15.9921875,15.9921875,0],"faces":{"north":{"uv":[0,0,16,2],"texture":"#side","cullface":"north"},"east":{"uv":[0,0,1,2],"texture":"#side","cullface":"north"},"west":{"uv":[15,0,16,2],"texture":"#side","cullface":"north"},"up":{"uv":[16,0,0,1],"texture":"#side","cullface":"north"},"down":{"uv":[16,1,0,2],"texture":"#side","cullface":"north"}}},{"from":[0.0078125,9,-0.4921875],"to":[1,13,0],"faces":{"north":{"uv":[15,3,16,7],"texture":"#side","cullface":"north"},"east":{"uv":[15,3,16,7],"texture":"#side","cullface":"north"},"west":{"uv":[15,3,16,7],"texture":"#side","cullface":"north"},"up":{"uv":[16,3,15,4],"texture":"#side","cullface":"north"},"down":{"uv":[16,6,15,7],"texture":"#side","cullface":"north"}}},{"from":[1,10,-0.4921875],"to":[2,12,0],"faces":{"north":{"uv":[14,4,15,6],"texture":"#side","cullface":"north"},"east":{"uv":[14,4,15,6],"texture":"#side","cullface":"north"},"up":{"uv":[15,4,14,5],"texture":"#side","cullface":"north"},"down":{"uv":[15,5,14,6],"texture":"#side","cullface":"north"}}},{"from":[3,10,-0.4921875],"to":[8,12,0],"faces":{"north":{"uv":[8,4,13,6],"texture":"#side","cullface":"north"},"east":{"uv":[8,4,9,6],"texture":"#side","cullface":"north"},"west":{"uv":[12,4,13,6],"texture":"#side","cullface":"north"},"up":{"uv":[13,4,8,5],"texture":"#side","cullface":"north"},"down":{"uv":[13,5,8,6],"texture":"#side","cullface":"north"}}},{"from":[6,8,-0.4921875],"to":[7,13,0],"faces":{"north":{"uv":[9,3,10,8],"texture":"#side","cullface":"north"},"east":{"uv":[9,3,10,8],"texture":"#side","cullface":"north"},"west":{"uv":[9,3,10,8],"texture":"#side","cullface":"north"},"down":{"uv":[10,7,9,8],"texture":"#side","cullface":"north"}}},{"from":[4,12,-0.4921875],"to":[7,13,0],"faces":{"up":{"uv":[12,3,9,4],"texture":"#side","cullface":"north"}}},{"from":[4,9,-0.4921875],"to":[6,13,0],"faces":{"north":{"uv":[10,3,12,7],"texture":"#side","cullface":"north"},"west":{"uv":[11,3,12,7],"texture":"#side","cullface":"north"},"down":{"uv":[12,6,10,7],"texture":"#side","cullface":"north"}}},{"from":[2,8,-0.4921875],"to":[5,9,0],"faces":{"north":{"uv":[11,7,14,8],"texture":"#side","cullface":"north"},"east":{"uv":[11,7,12,8],"texture":"#side","cullface":"north"},"west":{"uv":[13,7,14,8],"texture":"#side","cullface":"north"},"up":{"uv":[14,7,11,8],"texture":"#side","cullface":"north"},"down":{"uv":[14,7,11,8],"texture":"#side","cullface":"north"}}},{"from":[13,9,-0.4921875],"to":[14,10,0],"faces":{"north":{"uv":[2,6,3,7],"texture":"#side","cullface":"north"},"west":{"uv":[2,6,3,7],"texture":"#side","cullface":"north"},"up":{"uv":[3,6,2,7],"texture":"#side","cullface":"north"},"down":{"uv":[3,6,2,7],"texture":"#side","cullface":"north"}}},{"from":[12,8,-0.4921875],"to":[15.9921875,9,0],"faces":{"north":{"uv":[0,7,4,8],"texture":"#side","cullface":"north"},"west":{"uv":[3,7,4,8],"texture":"#side","cullface":"north"},"up":{"uv":[4,7,0,8],"texture":"#side","cullface":"north"},"down":{"uv":[4,7,0,8],"texture":"#side","cullface":"north"}}},{"from":[15,8,-0.4921875],"to":[15.9921875,13,0],"faces":{"north":{"uv":[0,3,1,8],"texture":"#side","cullface":"north"},"east":{"uv":[0,3,1,8],"texture":"#side","cullface":"north"},"west":{"uv":[0,3,1,8],"texture":"#side","cullface":"north"},"up":{"uv":[1,3,0,4],"texture":"#side","cullface":"north"}}},{"from":[-0.4921875,8,5],"to":[0,9,8],"faces":{"north":{"uv":[5,7,6,8],"texture":"#side","cullface":"west"},"south":{"uv":[7,7,8,8],"texture":"#side","cullface":"west"},"west":{"uv":[5,7,8,8],"texture":"#side","cullface":"west"},"up":{"uv":[8,7,5,8],"texture":"#side","cullface":"west","rotation":270},"down":{"uv":[8,7,5,8],"texture":"#side","cullface":"west","rotation":90}}},{"from":[-0.4921875,9,1],"to":[0,11,2],"faces":{"north":{"uv":[1,5,2,9],"texture":"#side","cullface":"west"},"south":{"uv":[1,5,2,7],"texture":"#side","cullface":"west"},"west":{"uv":[1,5,2,7],"texture":"#side","cullface":"west"},"up":{"uv":[2,5,1,6],"texture":"#side","cullface":"west","rotation":270},"down":{"uv":[2,6,1,7],"texture":"#side","cullface":"west","rotation":90}}},{"from":[-0.4921875,11,2],"to":[0,12,7],"faces":{"north":{"uv":[2,4,3,5],"texture":"#side","cullface":"west"},"south":{"uv":[6,4,7,5],"texture":"#side","cullface":"west"},"west":{"uv":[2,4,7,5],"texture":"#side","cullface":"west"},"up":{"uv":[7,4,2,5],"texture":"#side","cullface":"west","rotation":270},"down":{"uv":[7,4,2,5],"texture":"#side","cullface":"west","rotation":90}}},{"from":[-0.4921875,10,4],"to":[0,11,6],"faces":{"north":{"uv":[4,5,5,6],"texture":"#side","cullface":"west"},"south":{"uv":[5,5,6,6],"texture":"#side","cullface":"west"},"west":{"uv":[4,5,6,6],"texture":"#side","cullface":"west"},"down":{"uv":[6,5,4,6],"texture":"#side","cullface":"west","rotation":90}}},{"from":[-0.4921875,12,3],"to":[0,13,8],"faces":{"north":{"uv":[3,3,4,4],"texture":"#side","cullface":"west"},"south":{"uv":[7,3,8,4],"texture":"#side","cullface":"west"},"west":{"uv":[3,3,8,4],"texture":"#side","cullface":"west"},"up":{"uv":[8,3,3,4],"texture":"#side","cullface":"west","rotation":270},"down":{"uv":[8,3,3,4],"texture":"#side","cullface":"west","rotation":90}}},{"from":[-0.4921875,14,0.0078125],"to":[0,15.9921875,15.9921875],"faces":{"north":{"uv":[0,0,1,2],"texture":"#side","cullface":"west"},"south":{"uv":[15,0,16,2],"texture":"#side","cullface":"west"},"west":{"uv":[0,0,16,2],"texture":"#side","cullface":"west"},"up":{"uv":[16,0,0,1],"texture":"#side","cullface":"west","rotation":270},"down":{"uv":[16,1,0,2],"texture":"#side","cullface":"west","rotation":90}}},{"from":[-0.4921875,9,15],"to":[0,13,15.9921875],"faces":{"north":{"uv":[15,3,16,7],"texture":"#side","cullface":"west"},"south":{"uv":[15,3,16,7],"texture":"#side","cullface":"west"},"west":{"uv":[15,3,16,7],"texture":"#side","cullface":"west"},"up":{"uv":[16,3,15,4],"texture":"#side","cullface":"west","rotation":270},"down":{"uv":[16,6,15,7],"texture":"#side","cullface":"west","rotation":90}}},{"from":[-0.4921875,10,14],"to":[0,12,15],"faces":{"north":{"uv":[14,4,15,6],"texture":"#side","cullface":"west"},"west":{"uv":[14,4,15,6],"texture":"#side","cullface":"west"},"up":{"uv":[15,4,14,5],"texture":"#side","cullface":"west","rotation":270},"down":{"uv":[15,5,14,6],"texture":"#side","cullface":"west","rotation":90}}},{"from":[-0.4921875,10,8],"to":[0,12,13],"faces":{"north":{"uv":[8,4,9,6],"texture":"#side","cullface":"west"},"south":{"uv":[12,4,13,6],"texture":"#side","cullface":"west"},"west":{"uv":[8,4,13,6],"texture":"#side","cullface":"west"},"up":{"uv":[13,4,8,5],"texture":"#side","cullface":"west","rotation":270},"down":{"uv":[13,5,8,6],"texture":"#side","cullface":"west","rotation":90}}},{"from":[-0.4921875,8,9],"to":[0,13,10],"faces":{"north":{"uv":[9,3,10,8],"texture":"#side","cullface":"west"},"south":{"uv":[9,3,10,8],"texture":"#side","cullface":"west"},"west":{"uv":[9,3,10,8],"texture":"#side","cullface":"west"},"down":{"uv":[10,7,9,8],"texture":"#side","cullface":"west","rotation":90}}},{"from":[-0.4921875,12,9],"to":[0,13,12],"faces":{"up":{"uv":[12,3,9,4],"texture":"#side","cullface":"west","rotation":270}}},{"from":[-0.4921875,9,10],"to":[0,13,12],"faces":{"south":{"uv":[11,3,12,7],"texture":"#side","cullface":"west"},"west":{"uv":[10,3,12,7],"texture":"#side","cullface":"west"},"down":{"uv":[12,6,10,7],"texture":"#side","cullface":"west","rotation":90}}},{"from":[-0.4921875,8,11],"to":[0,9,14],"faces":{"north":{"uv":[11,7,12,8],"texture":"#side","cullface":"west"},"south":{"uv":[13,7,14,8],"texture":"#side","cullface":"west"},"west":{"uv":[11,7,14,8],"texture":"#side","cullface":"west"},"up":{"uv":[14,7,11,8],"texture":"#side","cullface":"west","rotation":270},"down":{"uv":[14,7,11,8],"texture":"#side","cullface":"west","rotation":90}}},{"from":[-0.4921875,9,2],"to":[0,10,3],"faces":{"south":{"uv":[2,6,3,7],"texture":"#side","cullface":"west"},"west":{"uv":[2,6,3,7],"texture":"#side","cullface":"west"},"up":{"uv":[3,6,2,7],"texture":"#side","cullface":"west","rotation":270},"down":{"uv":[3,6,2,7],"texture":"#side","cullface":"west","rotation":90}}},{"from":[-0.4921875,8,0.0078125],"to":[0,9,4],"faces":{"south":{"uv":[3,7,4,8],"texture":"#side","cullface":"west"},"west":{"uv":[0,7,4,8],"texture":"#side","cullface":"west"},"up":{"uv":[4,7,0,8],"texture":"#side","cullface":"west","rotation":270},"down":{"uv":[4,7,0,8],"texture":"#side","cullface":"west","rotation":90}}},{"from":[-0.4921875,8,0.0078125],"to":[0,13,1],"faces":{"north":{"uv":[0,3,1,8],"texture":"#side","cullface":"west"},"south":{"uv":[0,3,1,8],"texture":"#side","cullface":"west"},"west":{"uv":[0,3,1,8],"texture":"#side","cullface":"west"},"up":{"uv":[1,3,0,4],"texture":"#side","cullface":"west","rotation":270}}},{"from":[5,8,16],"to":[8,9,16.492188],"faces":{"east":{"uv":[7,7,8,8],"texture":"#side","cullface":"south"},"south":{"uv":[5,7,8,8],"texture":"#side","cullface":"south"},"west":{"uv":[5,7,6,8],"texture":"#side","cullface":"south"},"up":{"uv":[8,7,5,8],"texture":"#side","cullface":"south","rotation":180},"down":{"uv":[8,7,5,8],"texture":"#side","cullface":"south","rotation":180}}},{"from":[1,9,16],"to":[2,11,16.492188],"faces":{"east":{"uv":[1,5,2,7],"texture":"#side","cullface":"south"},"south":{"uv":[1,5,2,7],"texture":"#side","cullface":"south"},"west":{"uv":[1,5,2,9],"texture":"#side","cullface":"south"},"up":{"uv":[2,5,1,6],"texture":"#side","cullface":"south","rotation":180},"down":{"uv":[2,6,1,7],"texture":"#side","cullface":"south","rotation":180}}},{"from":[2,11,16],"to":[7,12,16.492188],"faces":{"east":{"uv":[6,4,7,5],"texture":"#side","cullface":"south"},"south":{"uv":[2,4,7,5],"texture":"#side","cullface":"south"},"west":{"uv":[2,4,3,5],"texture":"#side","cullface":"south"},"up":{"uv":[7,4,2,5],"texture":"#side","cullface":"south","rotation":180},"down":{"uv":[7,4,2,5],"texture":"#side","cullface":"south","rotation":180}}},{"from":[4,10,16],"to":[6,11,16.492188],"faces":{"east":{"uv":[5,5,6,6],"texture":"#side","cullface":"south"},"south":{"uv":[4,5,6,6],"texture":"#side","cullface":"south"},"west":{"uv":[4,5,5,6],"texture":"#side","cullface":"south"},"down":{"uv":[6,5,4,6],"texture":"#side","cullface":"south","rotation":180}}},{"from":[3,12,16],"to":[8,13,16.492188],"faces":{"east":{"uv":[7,3,8,4],"texture":"#side","cullface":"south"},"south":{"uv":[3,3,8,4],"texture":"#side","cullface":"south"},"west":{"uv":[3,3,4,4],"texture":"#side","cullface":"south"},"up":{"uv":[8,3,3,4],"texture":"#side","cullface":"south","rotation":180},"down":{"uv":[8,3,3,4],"texture":"#side","cullface":"south","rotation":180}}},{"from":[0.0078125,14,16],"to":[15.9921875,15.9921875,16.492188],"faces":{"east":{"uv":[15,0,16,2],"texture":"#side","cullface":"south"},"south":{"uv":[0,0,16,2],"texture":"#side","cullface":"south"},"west":{"uv":[0,0,1,2],"texture":"#side","cullface":"south"},"up":{"uv":[16,0,0,1],"texture":"#side","cullface":"south","rotation":180},"down":{"uv":[16,1,0,2],"texture":"#side","cullface":"south","rotation":180}}},{"from":[15,9,16],"to":[15.9921875,13,16.492188],"faces":{"east":{"uv":[15,3,16,7],"texture":"#side","cullface":"south"},"south":{"uv":[15,3,16,7],"texture":"#side","cullface":"south"},"west":{"uv":[15,3,16,7],"texture":"#side","cullface":"south"},"up":{"uv":[16,3,15,4],"texture":"#side","cullface":"south","rotation":180},"down":{"uv":[16,6,15,7],"texture":"#side","cullface":"south","rotation":180}}},{"from":[14,10,16],"to":[15,12,16.492188],"faces":{"south":{"uv":[14,4,15,6],"texture":"#side","cullface":"south"},"west":{"uv":[14,4,15,6],"texture":"#side","cullface":"south"},"up":{"uv":[15,4,14,5],"texture":"#side","cullface":"south","rotation":180},"down":{"uv":[15,5,14,6],"texture":"#side","cullface":"south","rotation":180}}},{"from":[8,10,16],"to":[13,12,16.492188],"faces":{"east":{"uv":[12,4,13,6],"texture":"#side","cullface":"south"},"south":{"uv":[8,4,13,6],"texture":"#side","cullface":"south"},"west":{"uv":[8,4,9,6],"texture":"#side","cullface":"south"},"up":{"uv":[13,4,8,5],"texture":"#side","cullface":"south","rotation":180},"down":{"uv":[13,5,8,6],"texture":"#side","cullface":"south","rotation":180}}},{"from":[9,8,16],"to":[10,13,16.492188],"faces":{"east":{"uv":[9,3,10,8],"texture":"#side","cullface":"south"},"south":{"uv":[9,3,10,8],"texture":"#side","cullface":"south"},"west":{"uv":[9,3,10,8],"texture":"#side","cullface":"south"},"down":{"uv":[10,7,9,8],"texture":"#side","cullface":"south","rotation":180}}},{"from":[9,12,16],"to":[12,13,16.492188],"faces":{"up":{"uv":[12,3,9,4],"texture":"#side","cullface":"south","rotation":180}}},{"from":[10,9,16],"to":[12,13,16.492188],"faces":{"east":{"uv":[11,3,12,7],"texture":"#side","cullface":"south"},"south":{"uv":[10,3,12,7],"texture":"#side","cullface":"south"},"down":{"uv":[12,6,10,7],"texture":"#side","cullface":"south","rotation":180}}},{"from":[11,8,16],"to":[14,9,16.492188],"faces":{"east":{"uv":[13,7,14,8],"texture":"#side","cullface":"south"},"south":{"uv":[11,7,14,8],"texture":"#side","cullface":"south"},"west":{"uv":[11,7,12,8],"texture":"#side","cullface":"south"},"up":{"uv":[14,7,11,8],"texture":"#side","cullface":"south","rotation":180},"down":{"uv":[14,7,11,8],"texture":"#side","cullface":"south","rotation":180}}},{"from":[2,9,16],"to":[3,10,16.492188],"faces":{"east":{"uv":[2,6,3,7],"texture":"#side","cullface":"south"},"south":{"uv":[2,6,3,7],"texture":"#side","cullface":"south"},"up":{"uv":[3,6,2,7],"texture":"#side","cullface":"south","rotation":180},"down":{"uv":[3,6,2,7],"texture":"#side","cullface":"south","rotation":180}}},{"from":[0.0078125,8,16],"to":[4,9,16.492188],"faces":{"east":{"uv":[3,7,4,8],"texture":"#side","cullface":"south"},"south":{"uv":[0,7,4,8],"texture":"#side","cullface":"south"},"up":{"uv":[4,7,0,8],"texture":"#side","cullface":"south","rotation":180},"down":{"uv":[4,7,0,8],"texture":"#side","cullface":"south","rotation":180}}},{"from":[0.0078125,8,16],"to":[1,13,16.492188],"faces":{"east":{"uv":[0,3,1,8],"texture":"#side","cullface":"south"},"south":{"uv":[0,3,1,8],"texture":"#side","cullface":"south"},"west":{"uv":[0,3,1,8],"texture":"#side","cullface":"south"},"up":{"uv":[1,3,0,4],"texture":"#side","cullface":"south","rotation":180}}},{"from":[16,8,8],"to":[16.492188,9,11],"faces":{"north":{"uv":[7,7,8,8],"texture":"#side","cullface":"east"},"east":{"uv":[5,7,8,8],"texture":"#side","cullface":"east"},"south":{"uv":[5,7,6,8],"texture":"#side","cullface":"east"},"up":{"uv":[8,7,5,8],"texture":"#side","cullface":"east","rotation":90},"down":{"uv":[8,7,5,8],"texture":"#side","cullface":"east","rotation":270}}},{"from":[16,9,14],"to":[16.492188,11,15],"faces":{"north":{"uv":[1,5,2,7],"texture":"#side","cullface":"east"},"east":{"uv":[1,5,2,7],"texture":"#side","cullface":"east"},"south":{"uv":[1,5,2,9],"texture":"#side","cullface":"east"},"up":{"uv":[2,5,1,6],"texture":"#side","cullface":"east","rotation":90},"down":{"uv":[2,6,1,7],"texture":"#side","cullface":"east","rotation":270}}},{"from":[16,11,9],"to":[16.492188,12,14],"faces":{"north":{"uv":[6,4,7,5],"texture":"#side","cullface":"east"},"east":{"uv":[2,4,7,5],"texture":"#side","cullface":"east"},"south":{"uv":[2,4,3,5],"texture":"#side","cullface":"east"},"up":{"uv":[7,4,2,5],"texture":"#side","cullface":"east","rotation":90},"down":{"uv":[7,4,2,5],"texture":"#side","cullface":"east","rotation":270}}},{"from":[16,10,10],"to":[16.492188,11,12],"faces":{"north":{"uv":[5,5,6,6],"texture":"#side","cullface":"east"},"east":{"uv":[4,5,6,6],"texture":"#side","cullface":"east"},"south":{"uv":[4,5,5,6],"texture":"#side","cullface":"east"},"down":{"uv":[6,5,4,6],"texture":"#side","cullface":"east","rotation":270}}},{"from":[16,12,8],"to":[16.492188,13,13],"faces":{"north":{"uv":[7,3,8,4],"texture":"#side","cullface":"east"},"east":{"uv":[3,3,8,4],"texture":"#side","cullface":"east"},"south":{"uv":[3,3,4,4],"texture":"#side","cullface":"east"},"up":{"uv":[8,3,3,4],"texture":"#side","cullface":"east","rotation":90},"down":{"uv":[8,3,3,4],"texture":"#side","cullface":"east","rotation":270}}},{"from":[16,14,0.0078125],"to":[16.492188,15.9921875,15.9921875],"faces":{"north":{"uv":[15,0,16,2],"texture":"#side","cullface":"east"},"east":{"uv":[0,0,16,2],"texture":"#side","cullface":"east"},"south":{"uv":[0,0,1,2],"texture":"#side","cullface":"east"},"up":{"uv":[16,0,0,1],"texture":"#side","cullface":"east","rotation":90},"down":{"uv":[16,1,0,2],"texture":"#side","cullface":"east","rotation":270}}},{"from":[16,9,0.0078125],"to":[16.492188,13,1],"faces":{"north":{"uv":[15,3,16,7],"texture":"#side","cullface":"east"},"east":{"uv":[15,3,16,7],"texture":"#side","cullface":"east"},"south":{"uv":[15,3,16,7],"texture":"#side","cullface":"east"},"up":{"uv":[16,3,15,4],"texture":"#side","cullface":"east","rotation":90},"down":{"uv":[16,6,15,7],"texture":"#side","cullface":"east","rotation":270}}},{"from":[16,10,1],"to":[16.492188,12,2],"faces":{"east":{"uv":[14,4,15,6],"texture":"#side","cullface":"east"},"south":{"uv":[14,4,15,6],"texture":"#side","cullface":"east"},"up":{"uv":[15,4,14,5],"texture":"#side","cullface":"east","rotation":90},"down":{"uv":[15,5,14,6],"texture":"#side","cullface":"east","rotation":270}}},{"from":[16,10,3],"to":[16.492188,12,8],"faces":{"north":{"uv":[12,4,13,6],"texture":"#side","cullface":"east"},"east":{"uv":[8,4,13,6],"texture":"#side","cullface":"east"},"south":{"uv":[8,4,9,6],"texture":"#side","cullface":"east"},"up":{"uv":[13,4,8,5],"texture":"#side","cullface":"east","rotation":90},"down":{"uv":[13,5,8,6],"texture":"#side","cullface":"east","rotation":270}}},{"from":[16,8,6],"to":[16.492188,13,7],"faces":{"north":{"uv":[9,3,10,8],"texture":"#side","cullface":"east"},"east":{"uv":[9,3,10,8],"texture":"#side","cullface":"east"},"south":{"uv":[9,3,10,8],"texture":"#side","cullface":"east"},"down":{"uv":[10,7,9,8],"texture":"#side","cullface":"east","rotation":270}}},{"from":[16,12,4],"to":[16.492188,13,7],"faces":{"up":{"uv":[12,3,9,4],"texture":"#side","cullface":"east","rotation":90}}},{"from":[16,9,4],"to":[16.492188,13,6],"faces":{"north":{"uv":[11,3,12,7],"texture":"#side","cullface":"east"},"east":{"uv":[10,3,12,7],"texture":"#side","cullface":"east"},"down":{"uv":[12,6,10,7],"texture":"#side","cullface":"east","rotation":270}}},{"from":[16,8,2],"to":[16.492188,9,5],"faces":{"north":{"uv":[13,7,14,8],"texture":"#side","cullface":"east"},"east":{"uv":[11,7,14,8],"texture":"#side","cullface":"east"},"south":{"uv":[11,7,12,8],"texture":"#side","cullface":"east"},"up":{"uv":[14,7,11,8],"texture":"#side","cullface":"east","rotation":90},"down":{"uv":[14,7,11,8],"texture":"#side","cullface":"east","rotation":270}}},{"from":[16,9,13],"to":[16.492188,10,14],"faces":{"north":{"uv":[2,6,3,7],"texture":"#side","cullface":"east"},"east":{"uv":[2,6,3,7],"texture":"#side","cullface":"east"},"up":{"uv":[3,6,2,7],"texture":"#side","cullface":"east","rotation":90},"down":{"uv":[3,6,2,7],"texture":"#side","cullface":"east","rotation":270}}},{"from":[16,8,12],"to":[16.492188,9,15.9921875],"faces":{"north":{"uv":[3,7,4,8],"texture":"#side","cullface":"east"},"east":{"uv":[0,7,4,8],"texture":"#side","cullface":"east"},"up":{"uv":[4,7,0,8],"texture":"#side","cullface":"east","rotation":90},"down":{"uv":[4,7,0,8],"texture":"#side","cullface":"east","rotation":270}}},{"from":[16,8,15],"to":[16.492188,13,15.9921875],"faces":{"north":{"uv":[0,3,1,8],"texture":"#side","cullface":"east"},"east":{"uv":[0,3,1,8],"texture":"#side","cullface":"east"},"south":{"uv":[0,3,1,8],"texture":"#side","cullface":"east"},"up":{"uv":[1,3,0,4],"texture":"#side","cullface":"east","rotation":90}}},{"from":[12,7.5,0],"to":[14,8,1],"faces":{"north":{"uv":[14,15,12,16],"texture":"#bottom"},"east":{"uv":[13,15,14,16],"texture":"#bottom","rotation":270},"south":{"uv":[14,15,12,16],"texture":"#bottom","rotation":180},"west":{"uv":[12,15,13,16],"texture":"#bottom","rotation":90},"down":{"uv":[12,15,14,16],"texture":"#bottom"}}},{"from":[9,7.5,0],"to":[11,8,1],"faces":{"north":{"uv":[11,15,9,16],"texture":"#bottom"},"east":{"uv":[10,15,11,16],"texture":"#bottom","rotation":270},"west":{"uv":[9,15,10,16],"texture":"#bottom","rotation":90},"down":{"uv":[9,15,11,16],"texture":"#bottom"}}},{"from":[5,7.5,0],"to":[7,8,1],"faces":{"north":{"uv":[7,15,5,16],"texture":"#bottom"},"east":{"uv":[6,15,7,16],"texture":"#bottom","rotation":270},"west":{"uv":[5,15,6,16],"texture":"#bottom","rotation":90},"down":{"uv":[5,15,7,16],"texture":"#bottom"}}},{"from":[1,7.5,1],"to":[11,8,1],"faces":{"north":{"uv":[11,14,1,15],"texture":"#bottom"},"south":{"uv":[11,15,1,16],"texture":"#bottom","rotation":180}}},{"from":[0,7.5,0],"to":[2,8,1],"faces":{"north":{"uv":[2,15,0,16],"texture":"#bottom"},"east":{"uv":[1,15,2,16],"texture":"#bottom","rotation":270},"down":{"uv":[0,15,2,16],"texture":"#bottom"}}},{"from":[0,7.5,0],"to":[1,8,3],"faces":{"east":{"uv":[0,13,1,16],"texture":"#bottom","rotation":270},"west":{"uv":[0,13,1,16],"texture":"#bottom","rotation":90},"down":{"uv":[0,13,1,16],"texture":"#bottom"}}},{"from":[2,7.5,1],"to":[5,8,3],"faces":{"east":{"uv":[4,13,5,15],"texture":"#bottom","rotation":270},"west":{"uv":[2,13,3,15],"texture":"#bottom","rotation":90},"down":{"uv":[2,13,5,15],"texture":"#bottom"}}},{"from":[0,7.5,3],"to":[14,8,3],"faces":{"north":{"uv":[14,12,0,13],"texture":"#bottom"},"south":{"uv":[14,13,0,14],"texture":"#bottom","rotation":180}}},{"from":[3,7.5,3],"to":[6,8,4],"faces":{"east":{"uv":[5,12,6,13],"texture":"#bottom","rotation":270},"south":{"uv":[6,12,3,13],"texture":"#bottom","rotation":180},"west":{"uv":[3,12,4,13],"texture":"#bottom","rotation":90},"down":{"uv":[3,12,6,13],"texture":"#bottom"}}},{"from":[1,7.5,3],"to":[2,8,4],"faces":{"east":{"uv":[1,12,2,13],"texture":"#bottom","rotation":270},"west":{"uv":[1,12,2,13],"texture":"#bottom","rotation":90},"down":{"uv":[1,12,2,13],"texture":"#bottom"}}},{"from":[0,7.5,4],"to":[3,8,6],"faces":{"north":{"uv":[3,11,0,12],"texture":"#bottom"},"east":{"uv":[2,10,3,12],"texture":"#bottom","rotation":270},"west":{"uv":[0,10,1,12],"texture":"#bottom","rotation":90},"down":{"uv":[0,10,3,12],"texture":"#bottom"}}},{"from":[0,7.5,6],"to":[16,8,6],"faces":{"north":{"uv":[16,9,0,10],"texture":"#bottom"},"south":{"uv":[16,10,0,11],"texture":"#bottom","rotation":180}}},{"from":[3,7.5,5],"to":[7,8,7],"faces":{"east":{"uv":[6,9,7,11],"texture":"#bottom","rotation":270},"south":{"uv":[7,9,3,10],"texture":"#bottom","rotation":180},"west":{"uv":[3,9,4,11],"texture":"#bottom","rotation":90},"down":{"uv":[3,9,7,11],"texture":"#bottom"}}},{"from":[5,7.5,6],"to":[8,8,9],"faces":{"east":{"uv":[7,7,8,10],"texture":"#bottom","rotation":270},"south":{"uv":[8,7,5,8],"texture":"#bottom","rotation":180},"west":{"uv":[5,7,6,10],"texture":"#bottom","rotation":90},"down":{"uv":[5,7,8,10],"texture":"#bottom"}}},{"from":[6,7.5,2],"to":[12,8,3],"faces":{"north":{"uv":[12,13,6,14],"texture":"#bottom"},"east":{"uv":[11,13,12,14],"texture":"#bottom","rotation":270},"west":{"uv":[6,13,7,14],"texture":"#bottom","rotation":90},"down":{"uv":[6,13,12,14],"texture":"#bottom"}}},{"from":[7,7.5,1],"to":[9,8,5],"faces":{"east":{"uv":[8,11,9,15],"texture":"#bottom","rotation":270},"west":{"uv":[7,11,8,15],"texture":"#bottom","rotation":90},"down":{"uv":[7,11,9,15],"texture":"#bottom"}}},{"from":[7,7.5,3],"to":[11,8,5],"faces":{"east":{"uv":[10,11,11,13],"texture":"#bottom","rotation":270},"down":{"uv":[7,11,11,13],"texture":"#bottom"}}},{"from":[3,7.5,5],"to":[15,8,5],"faces":{"north":{"uv":[15,10,3,11],"texture":"#bottom"},"south":{"uv":[15,11,3,12],"texture":"#bottom","rotation":180}}},{"from":[11,7.5,3],"to":[13,8,4],"faces":{"east":{"uv":[12,12,13,13],"texture":"#bottom","rotation":270},"down":{"uv":[11,12,13,13],"texture":"#bottom"}}},{"from":[11,7.5,4],"to":[16,8,4],"faces":{"south":{"uv":[16,12,11,13],"texture":"#bottom","rotation":180}}},{"from":[8,7.5,5],"to":[10,8,6],"faces":{"east":{"uv":[9,10,10,11],"texture":"#bottom","rotation":270},"west":{"uv":[8,10,9,11],"texture":"#bottom","rotation":90},"down":{"uv":[8,10,10,11],"texture":"#bottom"}}},{"from":[4,7.5,7],"to":[9,8,8],"faces":{"north":{"uv":[9,8,4,9],"texture":"#bottom"},"east":{"uv":[8,8,9,9],"texture":"#bottom","rotation":270},"west":{"uv":[4,8,5,9],"texture":"#bottom","rotation":90},"down":{"uv":[4,8,9,9],"texture":"#bottom"}}},{"from":[1,7.5,7],"to":[2,8,11],"faces":{"north":{"uv":[2,8,1,9],"texture":"#bottom"},"east":{"uv":[1,5,2,9],"texture":"#bottom","rotation":270},"south":{"uv":[2,5,1,6],"texture":"#bottom","rotation":180},"west":{"uv":[1,5,2,9],"texture":"#bottom","rotation":90},"down":{"uv":[1,5,2,9],"texture":"#bottom"}}},{"from":[2,7.5,11],"to":[7,8,12],"faces":{"north":{"uv":[7,4,2,5],"texture":"#bottom"},"south":{"uv":[7,4,2,5],"texture":"#bottom","rotation":180},"west":{"uv":[2,4,3,5],"texture":"#bottom","rotation":90},"down":{"uv":[2,4,7,5],"texture":"#bottom"}}},{"from":[4,7.5,10],"to":[6,8,14],"faces":{"north":{"uv":[6,5,4,6],"texture":"#bottom"},"east":{"uv":[5,2,6,6],"texture":"#bottom","rotation":270},"west":{"uv":[4,2,5,6],"texture":"#bottom","rotation":90},"down":{"uv":[4,2,6,6],"texture":"#bottom"}}},{"from":[3,7.5,12],"to":[8,8,13],"faces":{"north":{"uv":[8,3,3,4],"texture":"#bottom"},"east":{"uv":[7,3,8,4],"texture":"#bottom","rotation":270},"west":{"uv":[3,3,4,4],"texture":"#bottom","rotation":90},"down":{"uv":[3,3,8,4],"texture":"#bottom"}}},{"from":[15,7.5,9],"to":[16,8,13],"faces":{"north":{"uv":[16,6,15,7],"texture":"#bottom"},"east":{"uv":[15,3,16,7],"texture":"#bottom","rotation":270},"south":{"uv":[16,3,15,4],"texture":"#bottom","rotation":180},"west":{"uv":[15,3,16,7],"texture":"#bottom","rotation":90},"down":{"uv":[15,3,16,7],"texture":"#bottom"}}},{"from":[14,7.5,10],"to":[15,8,12],"faces":{"north":{"uv":[15,5,14,6],"texture":"#bottom"},"south":{"uv":[15,4,14,5],"texture":"#bottom","rotation":180},"west":{"uv":[14,4,15,6],"texture":"#bottom","rotation":90},"down":{"uv":[14,4,15,6],"texture":"#bottom"}}},{"from":[8,7.5,10],"to":[13,8,12],"faces":{"north":{"uv":[13,5,8,6],"texture":"#bottom"},"east":{"uv":[12,4,13,6],"texture":"#bottom","rotation":270},"south":{"uv":[13,4,8,5],"texture":"#bottom","rotation":180},"west":{"uv":[8,4,9,6],"texture":"#bottom","rotation":90},"down":{"uv":[8,4,13,6],"texture":"#bottom"}}},{"from":[9,7.5,8],"to":[10,8,13],"faces":{"east":{"uv":[9,3,10,8],"texture":"#bottom","rotation":270},"west":{"uv":[9,3,10,8],"texture":"#bottom","rotation":90},"down":{"uv":[9,3,10,8],"texture":"#bottom"}}},{"from":[9,7.5,12],"to":[12,8,13],"faces":{"south":{"uv":[12,3,9,4],"texture":"#bottom","rotation":180}}},{"from":[10,7.5,9],"to":[12,8,13],"faces":{"north":{"uv":[12,6,10,7],"texture":"#bottom"},"east":{"uv":[11,3,12,7],"texture":"#bottom","rotation":270},"down":{"uv":[10,3,12,7],"texture":"#bottom"}}},{"from":[10,7.5,6],"to":[16,8,7],"faces":{"east":{"uv":[15,9,16,10],"texture":"#bottom","rotation":270},"south":{"uv":[16,9,10,10],"texture":"#bottom","rotation":180},"down":{"uv":[10,9,16,10],"texture":"#bottom"}}},{"from":[10,7.5,6],"to":[15,8,8],"faces":{"west":{"uv":[10,8,11,10],"texture":"#bottom","rotation":90},"down":{"uv":[10,8,15,10],"texture":"#bottom"}}},{"from":[11,7.5,5],"to":[12,8,9],"faces":{"west":{"uv":[11,7,12,11],"texture":"#bottom","rotation":90},"down":{"uv":[11,7,12,11],"texture":"#bottom"}}},{"from":[12,7.5,8],"to":[14,8,9],"faces":{"south":{"uv":[14,7,12,8],"texture":"#bottom","rotation":180},"down":{"uv":[12,7,14,8],"texture":"#bottom"}}},{"from":[12,7.5,5],"to":[15,8,8],"faces":{"east":{"uv":[14,8,15,11],"texture":"#bottom","rotation":270},"down":{"uv":[12,8,15,11],"texture":"#bottom"}}},{"from":[13,7.5,4],"to":[14,8,9],"faces":{"north":{"uv":[14,11,13,12],"texture":"#bottom"},"east":{"uv":[13,7,14,12],"texture":"#bottom","rotation":270},"down":{"uv":[13,7,14,12],"texture":"#bottom"}}},{"from":[14,7.5,1],"to":[16,8,4],"faces":{"north":{"uv":[16,14,14,15],"texture":"#bottom"},"east":{"uv":[15,12,16,15],"texture":"#bottom","rotation":270},"west":{"uv":[14,12,15,15],"texture":"#bottom","rotation":90},"down":{"uv":[14,12,16,15],"texture":"#bottom"}}},{"from":[2,7.5,8],"to":[3,8,10],"faces":{"east":{"uv":[2,6,3,8],"texture":"#bottom","rotation":270},"south":{"uv":[3,6,2,7],"texture":"#bottom","rotation":180},"down":{"uv":[2,6,3,8],"texture":"#bottom"}}},{"from":[3,7.5,8],"to":[4,8,9],"faces":{"east":{"uv":[3,7,4,8],"texture":"#bottom","rotation":270},"south":{"uv":[4,7,3,8],"texture":"#bottom","rotation":180},"down":{"uv":[3,7,4,8],"texture":"#bottom"}}},{"from":[0,7.5,8],"to":[1,8,13],"faces":{"east":{"uv":[0,3,1,8],"texture":"#bottom","rotation":270},"west":{"uv":[0,3,1,8],"texture":"#bottom","rotation":90},"down":{"uv":[0,3,1,8],"texture":"#bottom"}}},{"from":[0,7.5,8],"to":[15,8,8],"faces":{"north":{"uv":[15,7,0,8],"texture":"#bottom"},"south":{"uv":[15,8,0,9],"texture":"#bottom","rotation":180}}},{"from":[13,7.5,2],"to":[14,8,3],"faces":{"north":{"uv":[14,13,13,14],"texture":"#bottom"},"down":{"uv":[13,13,14,14],"texture":"#bottom"}}},{"from":[13,7.5,2],"to":[13,8,5],"faces":{"west":{"uv":[13,11,14,14],"texture":"#bottom","rotation":90}}},{"from":[12,7.5,13],"to":[13,8,14],"faces":{"north":{"uv":[13,2,12,3],"texture":"#bottom"},"east":{"uv":[12,2,13,3],"texture":"#bottom","rotation":270},"south":{"uv":[13,2,12,3],"texture":"#bottom","rotation":180},"west":{"uv":[12,2,13,3],"texture":"#bottom","rotation":90},"down":{"uv":[12,2,13,3],"texture":"#bottom"}}},{"from":[14,7.5,13],"to":[15,8,14],"faces":{"north":{"uv":[15,2,14,3],"texture":"#bottom"},"east":{"uv":[14,2,15,3],"texture":"#bottom","rotation":270},"west":{"uv":[14,2,15,3],"texture":"#bottom","rotation":90},"down":{"uv":[14,2,15,3],"texture":"#bottom"}}},{"from":[4,7.5,11],"to":[7,8,14],"faces":{"east":{"uv":[6,2,7,5],"texture":"#bottom","rotation":270},"south":{"uv":[7,2,4,3],"texture":"#bottom","rotation":180},"down":{"uv":[4,2,7,5],"texture":"#bottom"}}},{"from":[1,7.5,13],"to":[3,8,16],"faces":{"north":{"uv":[3,2,1,3],"texture":"#bottom"},"east":{"uv":[2,0,3,3],"texture":"#bottom","rotation":270},"west":{"uv":[1,0,2,3],"texture":"#bottom","rotation":90},"down":{"uv":[1,0,3,3],"texture":"#bottom"}}},{"from":[0,7.5,14],"to":[4,8,15],"faces":{"north":{"uv":[4,1,0,2],"texture":"#bottom"},"south":{"uv":[4,1,0,2],"texture":"#bottom","rotation":180},"west":{"uv":[0,1,1,2],"texture":"#bottom","rotation":90},"down":{"uv":[0,1,4,2],"texture":"#bottom"}}},{"from":[0,7.5,13],"to":[8,8,13],"faces":{"south":{"uv":[8,3,0,4],"texture":"#bottom","rotation":180}}},{"from":[1,7.5,14],"to":[4,8,16],"faces":{"east":{"uv":[3,0,4,2],"texture":"#bottom","rotation":270},"south":{"uv":[4,0,1,1],"texture":"#bottom","rotation":180},"down":{"uv":[1,0,4,2],"texture":"#bottom"}}},{"from":[5,7.5,15],"to":[6,8,16],"faces":{"north":{"uv":[6,0,5,1],"texture":"#bottom"},"east":{"uv":[5,0,6,1],"texture":"#bottom","rotation":270},"south":{"uv":[6,0,5,1],"texture":"#bottom","rotation":180},"west":{"uv":[5,0,6,1],"texture":"#bottom","rotation":90},"down":{"uv":[5,0,6,1],"texture":"#bottom"}}},{"from":[7,7.5,15],"to":[12,8,16],"faces":{"north":{"uv":[12,0,7,1],"texture":"#bottom"},"east":{"uv":[11,0,12,1],"texture":"#bottom","rotation":270},"south":{"uv":[12,0,7,1],"texture":"#bottom","rotation":180},"west":{"uv":[7,0,8,1],"texture":"#bottom","rotation":90},"down":{"uv":[7,0,12,1],"texture":"#bottom"}}},{"from":[8,7.5,14],"to":[11,8,15],"faces":{"north":{"uv":[11,1,8,2],"texture":"#bottom"},"east":{"uv":[10,1,11,2],"texture":"#bottom","rotation":270},"west":{"uv":[8,1,9,2],"texture":"#bottom","rotation":90},"down":{"uv":[8,1,11,2],"texture":"#bottom"}}},{"from":[13,7.5,14],"to":[16,8,16],"faces":{"north":{"uv":[16,1,13,2],"texture":"#bottom"},"east":{"uv":[15,0,16,2],"texture":"#bottom","rotation":270},"south":{"uv":[16,0,13,1],"texture":"#bottom","rotation":180},"west":{"uv":[13,0,14,2],"texture":"#bottom","rotation":90},"down":{"uv":[13,0,16,2],"texture":"#bottom"}}}]}