{"parent":"block/template/stairs_all","display":{"thirdperson_righthand":{"rotation":[75,45,0],"translation":[0,2.5,0],"scale":[0.375,0.375,0.375]},"thirdperson_lefthand":{"rotation":[75,45,0],"translation":[0,2.5,0],"scale":[0.375,0.375,0.375]},"firstperson_righthand":{"rotation":[0,45,0],"scale":[0.4,0.4,0.4]},"firstperson_lefthand":{"rotation":[0,225,0],"scale":[0.4,0.4,0.4]},"gui":{"rotation":[30,225,0],"scale":[0.625,0.625,0.625]},"ground":{"translation":[0,3,0],"scale":[0.25,0.25,0.25]},"fixed":{"scale":[0.5,0.5,0.5]}},"elements":[{"from":[9,1,7.5],"to":[16,8,8],"faces":{"north":{"uv":[0,8,7,15],"texture":"#all","cullface":"north"},"east":{"uv":[0,8,1,15],"texture":"#all","cullface":"north"},"west":{"uv":[6,8,7,15],"texture":"#all","cullface":"north"},"down":{"uv":[0,14,7,15],"texture":"#all","cullface":"north","rotation":180}}},{"from":[1,9,-0.4921875],"to":[15.9921875,15.9921875,0],"faces":{"north":{"uv":[0,0,15,7],"texture":"#all","cullface":"north"},"east":{"uv":[0,0,1,7],"texture":"#all","cullface":"north"},"west":{"uv":[14,0,15,7],"texture":"#all","cullface":"north"},"up":{"uv":[0,0,15,1],"texture":"#all","cullface":"north","rotation":180},"down":{"uv":[0,6,15,7],"texture":"#all","cullface":"north","rotation":180}}},{"from":[16,1,9],"to":[16.492188,8,15.9921875],"faces":{"north":{"uv":[6,8,7,15],"texture":"#all","cullface":"east"},"east":{"uv":[0,8,7,15],"texture":"#all","cullface":"east"},"south":{"uv":[0,8,1,15],"texture":"#all","cullface":"east"},"up":{"uv":[0,8,7,9],"texture":"#all","cullface":"east","rotation":270},"down":{"uv":[0,14,7,15],"texture":"#all","cullface":"east","rotation":90}}},{"from":[16,9,1],"to":[16.492188,15.9921875,15.9921875],"faces":{"north":{"uv":[14,0,15,7],"texture":"#all","cullface":"east"},"east":{"uv":[0,0,15,7],"texture":"#all","cullface":"east"},"south":{"uv":[0,0,1,7],"texture":"#all","cullface":"east"},"up":{"uv":[0,0,15,1],"texture":"#all","cullface":"east","rotation":270},"down":{"uv":[0,6,15,7],"texture":"#all","cullface":"east","rotation":90}}},{"from":[8,1,16],"to":[15.9921875,8,16.492188],"faces":{"east":{"uv":[15,8,16,15],"texture":"#all","cullface":"south"},"south":{"uv":[8,8,16,15],"texture":"#all","cullface":"south"},"west":{"uv":[8,8,9,15],"texture":"#all","cullface":"south"},"up":{"uv":[8,8,16,9],"texture":"#all","cullface":"south"},"down":{"uv":[8,14,16,15],"texture":"#all","cullface":"south"}}},{"from":[0.0078125,9,16],"to":[15,15.9921875,16.492188],"faces":{"east":{"uv":[14,0,15,7],"texture":"#all","cullface":"south"},"south":{"uv":[0,0,15,7],"texture":"#all","cullface":"south"},"west":{"uv":[0,0,1,7],"texture":"#all","cullface":"south"},"up":{"uv":[0,0,15,1],"texture":"#all","cullface":"south"},"down":{"uv":[0,6,15,7],"texture":"#all","cullface":"south"}}},{"from":[7.5,1,8],"to":[8,8,16],"faces":{"north":{"uv":[8,8,9,15],"texture":"#all"},"south":{"uv":[15,8,16,15],"texture":"#all"},"west":{"uv":[8,8,16,15],"texture":"#all"},"down":{"uv":[8,14,16,15],"texture":"#all","rotation":270}}},{"from":[-0.4921875,9,0.0078125],"to":[0,15.9921875,15],"faces":{"north":{"uv":[0,0,1,7],"texture":"#all","cullface":"west"},"south":{"uv":[14,0,15,7],"texture":"#all","cullface":"west"},"west":{"uv":[0,0,15,7],"texture":"#all","cullface":"west"},"up":{"uv":[0,0,15,1],"texture":"#all","cullface":"west","rotation":90},"down":{"uv":[0,6,15,7],"texture":"#all","cullface":"west","rotation":270}}},{"from":[8,16,8],"to":[15.9921875,16.492188,15],"faces":{"north":{"uv":[8,8,16,9],"texture":"#all","cullface":"up","rotation":180},"east":{"uv":[15,8,16,15],"texture":"#all","cullface":"up","rotation":90},"south":{"uv":[8,14,16,15],"texture":"#all","cullface":"up"},"west":{"uv":[8,8,9,15],"texture":"#all","cullface":"up","rotation":270},"up":{"uv":[8,8,16,15],"texture":"#all","cullface":"up"}}},{"from":[0.0078125,16,8],"to":[7,16.492188,15],"faces":{"north":{"uv":[0,8,7,9],"texture":"#all","cullface":"up","rotation":180},"east":{"uv":[6,8,7,15],"texture":"#all","cullface":"up","rotation":90},"south":{"uv":[0,14,7,15],"texture":"#all","cullface":"up"},"west":{"uv":[0,8,1,15],"texture":"#all","cullface":"up","rotation":270},"up":{"uv":[0,8,7,15],"texture":"#all","cullface":"up"}}},{"from":[0.0078125,16,0.0078125],"to":[15,16.492188,7],"faces":{"north":{"uv":[0,0,15,1],"texture":"#all","cullface":"up","rotation":180},"east":{"uv":[14,0,15,7],"texture":"#all","cullface":"up","rotation":90},"south":{"uv":[0,6,15,7],"texture":"#all","cullface":"up"},"west":{"uv":[0,0,1,7],"texture":"#all","cullface":"up","rotation":270},"up":{"uv":[0,0,15,7],"texture":"#all","cullface":"up"}}},{"from":[8,7.5,1],"to":[16,8,8],"faces":{"north":{"uv":[8,14,16,15],"texture":"#all","rotation":180},"east":{"uv":[15,8,16,15],"texture":"#all","rotation":270},"west":{"uv":[8,8,9,15],"texture":"#all","rotation":90},"down":{"uv":[8,8,16,15],"texture":"#all"}}},{"from":[0,7.5,1],"to":[7,8,8],"faces":{"north":{"uv":[0,14,7,15],"texture":"#all","rotation":180},"east":{"uv":[6,8,7,15],"texture":"#all","rotation":270},"south":{"uv":[0,8,7,9],"texture":"#all"},"west":{"uv":[0,8,1,15],"texture":"#all","rotation":90},"down":{"uv":[0,8,7,15],"texture":"#all"}}},{"from":[8,-0.4921875,9],"to":[15,0,15.9921875],"faces":{"north":{"uv":[8,6,15,7],"texture":"#all","cullface":"down","rotation":180},"east":{"uv":[14,0,15,7],"texture":"#all","cullface":"down","rotation":270},"south":{"uv":[8,0,15,1],"texture":"#all","cullface":"down"},"west":{"uv":[8,0,9,7],"texture":"#all","cullface":"down","rotation":90},"down":{"uv":[8,0,15,7],"texture":"#all","cullface":"down"}}},{"from":[0,7.5,9],"to":[8,8,16],"faces":{"north":{"uv":[0,6,8,7],"texture":"#all","rotation":180},"south":{"uv":[0,0,8,1],"texture":"#all"},"west":{"uv":[0,0,1,7],"texture":"#all","rotation":90},"down":{"uv":[0,0,8,7],"texture":"#all"}}},{"from":[0,8,0],"to":[16,16,16],"rotation":{"origin":[8,8,8],"axis":"y","angle":0.0},"faces":{"north":{"uv":[0,0,16,8],"texture":"#all","cullface":"north"},"east":{"uv":[0,0,16,8],"texture":"#all","cullface":"east"},"south":{"uv":[0,0,16,8],"texture":"#all","cullface":"south"},"west":{"uv":[0,0,16,8],"texture":"#all","cullface":"west"},"up":{"uv":[0,0,16,16],"texture":"#all","cullface":"up"},"down":{"uv":[0,0,16,16],"texture":"#all"}}},{"from":[8,0,8],"to":[16,8,16],"rotation":{"origin":[8,8,8],"axis":"y","angle":0.0},"faces":{"north":{"uv":[0,8,8,16],"texture":"#all"},"east":{"uv":[0,8,8,16],"texture":"#all","cullface":"east"},"south":{"uv":[8,8,16,16],"texture":"#all","cullface":"south"},"west":{"uv":[8,8,16,16],"texture":"#all"},"down":{"uv":[8,0,16,8],"texture":"#all","cullface":"down"}}}]}