{"parent":"block/block","textures":{"top":"block/composter_top","bottom":"block/composter_bottom","side":"block/composter_side"},"elements":[{"from":[2,2,2],"to":[5,2.5,14],"faces":{"east":{"uv":[4,2,5,14],"texture":"#bottom","cullface":"up","rotation":90},"up":{"uv":[2,2,5,14],"texture":"#bottom"}}},{"from":[6,2,2],"to":[10,2.5,14],"faces":{"east":{"uv":[9,2,10,14],"texture":"#bottom","cullface":"up","rotation":90},"west":{"uv":[6,2,7,14],"texture":"#bottom","rotation":270},"up":{"uv":[6,2,10,14],"texture":"#bottom"}}},{"from":[11,2,2],"to":[14,2.5,14],"faces":{"west":{"uv":[11,2,12,14],"texture":"#bottom","rotation":270},"up":{"uv":[11,2,14,14],"texture":"#bottom","cullface":"up"}}},{"from":[2,2,2],"to":[2.5,3,14],"faces":{"north":{"uv":[0,0,0,0],"texture":"#side"},"east":{"uv":[2,13,14,14],"texture":"#side","cullface":"up"},"south":{"uv":[0,0,0,0],"texture":"#side"},"west":{"uv":[0,0,0,0],"texture":"#side"},"up":{"uv":[2,13,14,14],"texture":"#side","cullface":"up","rotation":270},"down":{"uv":[0,0,0,0],"texture":"#side"}}},{"from":[2,5,2],"to":[2.5,7,14],"faces":{"north":{"uv":[0,0,0,0],"texture":"#side"},"east":{"uv":[2,9,14,11],"texture":"#side","cullface":"up"},"south":{"uv":[0,0,0,0],"texture":"#side"},"west":{"uv":[0,0,0,0],"texture":"#side"},"up":{"uv":[2,9,14,10],"texture":"#side","cullface":"up","rotation":270},"down":{"uv":[2,10,14,11],"texture":"#side","rotation":90}}},{"from":[2,9,2],"to":[2.5,11,14],"faces":{"north":{"uv":[0,0,0,0],"texture":"#side"},"east":{"uv":[2,5,14,7],"texture":"#side","cullface":"up"},"south":{"uv":[0,0,0,0],"texture":"#side"},"west":{"uv":[0,0,0,0],"texture":"#side"},"up":{"uv":[2,5,14,6],"texture":"#side","cullface":"up","rotation":270},"down":{"uv":[2,6,14,7],"texture":"#side","rotation":90}}},{"from":[2,13,2],"to":[2.5,16,14],"faces":{"north":{"uv":[0,0,0,0],"texture":"#side"},"east":{"uv":[2,0,14,3],"texture":"#side"},"south":{"uv":[0,0,0,0],"texture":"#side"},"west":{"uv":[0,0,0,0],"texture":"#side"},"up":{"uv":[2,0,14,1],"texture":"#side","cullface":"up","rotation":270},"down":{"uv":[2,2,14,3],"texture":"#side","rotation":90}}},{"from":[2,2,13.5],"to":[14,3,14],"faces":{"north":{"uv":[2,13,14,14],"texture":"#side"},"east":{"uv":[0,0,0,0],"texture":"#side"},"south":{"uv":[0,0,0,0],"texture":"#side"},"west":{"uv":[0,0,0,0],"texture":"#side"},"up":{"uv":[2,13,14,14],"texture":"#side","cullface":"up","rotation":180},"down":{"uv":[0,0,0,0],"texture":"#side"}}},{"from":[2,5,13.5],"to":[14,7,14],"faces":{"north":{"uv":[2,9,14,11],"texture":"#side"},"east":{"uv":[0,0,0,0],"texture":"#side"},"south":{"uv":[0,0,0,0],"texture":"#side"},"west":{"uv":[0,0,0,0],"texture":"#side"},"up":{"uv":[2,9,14,10],"texture":"#side","cullface":"up","rotation":180},"down":{"uv":[2,10,14,11],"texture":"#side","rotation":180}}},{"from":[2,9,13.5],"to":[14,11,14],"faces":{"north":{"uv":[2,5,14,7],"texture":"#side"},"east":{"uv":[0,0,0,0],"texture":"#side"},"south":{"uv":[0,0,0,0],"texture":"#side"},"west":{"uv":[0,0,0,0],"texture":"#side"},"up":{"uv":[2,5,14,6],"texture":"#side","cullface":"up","rotation":180},"down":{"uv":[2,6,14,7],"texture":"#side","rotation":180}}},{"from":[2,13,13.5],"to":[14,16,14],"faces":{"north":{"uv":[2,0,14,3],"texture":"#side"},"east":{"uv":[0,0,0,0],"texture":"#side"},"south":{"uv":[0,0,0,0],"texture":"#side"},"west":{"uv":[0,0,0,0],"texture":"#side"},"up":{"uv":[2,0,14,1],"texture":"#side","cullface":"up","rotation":180},"down":{"uv":[2,2,14,3],"texture":"#side","rotation":180}}},{"from":[13.5,2,2],"to":[14,3,14],"faces":{"north":{"uv":[0,0,0,0],"texture":"#side"},"east":{"uv":[0,0,0,0],"texture":"#side"},"south":{"uv":[0,0,0,0],"texture":"#side"},"west":{"uv":[2,13,14,14],"texture":"#side"},"up":{"uv":[2,13,14,14],"texture":"#side","cullface":"up","rotation":90},"down":{"uv":[0,0,0,0],"texture":"#side"}}},{"from":[13.5,5,2],"to":[14,7,14],"faces":{"north":{"uv":[0,0,0,0],"texture":"#side"},"east":{"uv":[0,0,0,0],"texture":"#side"},"south":{"uv":[0,0,0,0],"texture":"#side"},"west":{"uv":[2,9,14,11],"texture":"#side"},"up":{"uv":[2,9,14,10],"texture":"#side","cullface":"up","rotation":90},"down":{"uv":[2,10,14,11],"texture":"#side","rotation":270}}},{"from":[13.5,9,2],"to":[14,11,14],"faces":{"north":{"uv":[0,0,0,0],"texture":"#side"},"east":{"uv":[0,0,0,0],"texture":"#side"},"south":{"uv":[0,0,0,0],"texture":"#side"},"west":{"uv":[2,5,14,7],"texture":"#side"},"up":{"uv":[2,5,14,6],"texture":"#side","cullface":"up","rotation":90},"down":{"uv":[2,6,14,7],"texture":"#side","rotation":270}}},{"from":[13.5,13,2],"to":[14,16,14],"faces":{"north":{"uv":[0,0,0,0],"texture":"#side"},"east":{"uv":[0,0,0,0],"texture":"#side"},"south":{"uv":[0,0,0,0],"texture":"#side"},"west":{"uv":[2,0,14,3],"texture":"#side"},"up":{"uv":[2,0,14,1],"texture":"#side","cullface":"up","rotation":90},"down":{"uv":[2,2,14,3],"texture":"#side","rotation":270}}},{"from":[2,2,2],"to":[14,3,2.5],"faces":{"north":{"uv":[0,0,0,0],"texture":"#side"},"east":{"uv":[0,0,0,0],"texture":"#side"},"south":{"uv":[2,13,14,14],"texture":"#side"},"west":{"uv":[0,0,0,0],"texture":"#side"},"up":{"uv":[2,13,14,14],"texture":"#side","cullface":"up"},"down":{"uv":[0,0,0,0],"texture":"#side"}}},{"from":[2,5,2],"to":[14,7,2.5],"faces":{"north":{"uv":[0,0,0,0],"texture":"#side"},"east":{"uv":[0,0,0,0],"texture":"#side"},"south":{"uv":[2,9,14,11],"texture":"#side"},"west":{"uv":[0,0,0,0],"texture":"#side"},"up":{"uv":[2,9,14,10],"texture":"#side","cullface":"up"},"down":{"uv":[2,10,14,11],"texture":"#side"}}},{"from":[2,9,2],"to":[14,11,2.5],"faces":{"north":{"uv":[0,0,0,0],"texture":"#side"},"east":{"uv":[0,0,0,0],"texture":"#side"},"south":{"uv":[2,5,14,7],"texture":"#side"},"west":{"uv":[0,0,0,0],"texture":"#side"},"up":{"uv":[2,5,14,6],"texture":"#side","cullface":"up"},"down":{"uv":[2,6,14,7],"texture":"#side"}}},{"from":[2,13,2],"to":[14,16,2.5],"faces":{"north":{"uv":[0,0,0,0],"texture":"#side"},"east":{"uv":[0,0,0,0],"texture":"#side"},"south":{"uv":[2,0,14,3],"texture":"#side"},"west":{"uv":[0,0,0,0],"texture":"#side"},"up":{"uv":[2,0,14,1],"texture":"#side","cullface":"up"},"down":{"uv":[2,2,14,3],"texture":"#side"}}},{"from":[0,0,0],"to":[2,16,16],"faces":{"east":{"uv":[0,0,16,16],"texture":"#side"},"west":{"uv":[0,0,16,16],"texture":"#side"},"up":{"uv":[0,0,2,16],"texture":"#top","cullface":"up"}}},{"from":[14,0,0],"to":[16,16,16],"faces":{"east":{"uv":[0,0,16,16],"texture":"#side","cullface":"east"},"west":{"uv":[0,0,16,16],"texture":"#side"},"up":{"uv":[14,0,16,16],"texture":"#top","cullface":"up"}}},{"from":[0,0,0],"to":[16,16,2],"faces":{"north":{"uv":[0,0,16,16],"texture":"#side"},"south":{"uv":[0,0,16,16],"texture":"#side"},"up":{"uv":[0,0,16,2],"texture":"#top","cullface":"up"}}},{"from":[0,0,14],"to":[16,16,16],"faces":{"north":{"uv":[0,0,16,16],"texture":"#side"},"south":{"uv":[0,0,16,16],"texture":"#side"},"up":{"uv":[0,14,16,16],"texture":"#top","cullface":"up"}}},{"from":[0.0078125,1,-0.4921875],"to":[15.9921875,3,0],"faces":{"north":{"uv":[0,13,16,15],"texture":"#side"},"east":{"uv":[0,13,1,15],"texture":"#side","cullface":"north"},"west":{"uv":[15,13,16,15],"texture":"#side"},"up":{"uv":[0,13,16,14],"texture":"#side","cullface":"north","rotation":180},"down":{"uv":[0,14,16,15],"texture":"#side","rotation":180}}},{"from":[0.0078125,5,-0.4921875],"to":[15.9921875,7,0],"faces":{"north":{"uv":[0,9,16,11],"texture":"#side"},"east":{"uv":[0,9,1,11],"texture":"#side","cullface":"north"},"west":{"uv":[15,9,16,11],"texture":"#side"},"up":{"uv":[0,9,16,10],"texture":"#side","cullface":"north","rotation":180},"down":{"uv":[0,10,16,11],"texture":"#side","rotation":180}}},{"from":[0.0078125,9,-0.4921875],"to":[15.9921875,11,0],"faces":{"north":{"uv":[0,5,16,7],"texture":"#side"},"east":{"uv":[0,5,1,7],"texture":"#side","cullface":"north"},"west":{"uv":[15,5,16,7],"texture":"#side"},"up":{"uv":[0,5,16,6],"texture":"#side","cullface":"north","rotation":180},"down":{"uv":[0,6,16,7],"texture":"#side","rotation":180}}},{"from":[0.0078125,13,-0.4921875],"to":[15.9921875,15.9921875,0],"faces":{"north":{"uv":[0,0,16,3],"texture":"#side"},"east":{"uv":[0,0,1,3],"texture":"#side","cullface":"north"},"west":{"uv":[15,0,16,3],"texture":"#side"},"up":{"uv":[0,0,16,1],"texture":"#side","cullface":"north","rotation":180},"down":{"uv":[0,2,16,3],"texture":"#side","rotation":180}}},{"from":[16,1,0.0078125],"to":[16.492188,3,15.9921875],"faces":{"north":{"uv":[15,13,16,15],"texture":"#side"},"east":{"uv":[0,13,16,15],"texture":"#side","cullface":"east"},"south":{"uv":[0,13,1,15],"texture":"#side"},"up":{"uv":[0,13,16,14],"texture":"#side","cullface":"east","rotation":270},"down":{"uv":[0,14,16,15],"texture":"#side","rotation":90}}},{"from":[16,5,0.0078125],"to":[16.492188,7,15.9921875],"faces":{"north":{"uv":[15,9,16,11],"texture":"#side"},"east":{"uv":[0,9,16,11],"texture":"#side","cullface":"east"},"south":{"uv":[0,9,1,11],"texture":"#side"},"up":{"uv":[0,9,16,10],"texture":"#side","cullface":"east","rotation":270},"down":{"uv":[0,10,16,11],"texture":"#side","rotation":90}}},{"from":[16,9,0.0078125],"to":[16.492188,11,15.9921875],"faces":{"north":{"uv":[15,5,16,7],"texture":"#side"},"east":{"uv":[0,5,16,7],"texture":"#side","cullface":"east"},"south":{"uv":[0,5,1,7],"texture":"#side"},"up":{"uv":[0,5,16,6],"texture":"#side","cullface":"east","rotation":270},"down":{"uv":[0,6,16,7],"texture":"#side","rotation":90}}},{"from":[16,13,0.0078125],"to":[16.492188,15.9921875,15.9921875],"faces":{"north":{"uv":[15,0,16,3],"texture":"#side"},"east":{"uv":[0,0,16,3],"texture":"#side","cullface":"east"},"south":{"uv":[0,0,1,3],"texture":"#side"},"up":{"uv":[0,0,16,1],"texture":"#side","cullface":"east","rotation":270},"down":{"uv":[0,2,16,3],"texture":"#side","rotation":90}}},{"from":[0.0078125,1,16],"to":[15.9921875,3,16.492188],"faces":{"east":{"uv":[15,13,16,15],"texture":"#side","cullface":"south"},"south":{"uv":[0,13,16,15],"texture":"#side"},"west":{"uv":[0,13,1,15],"texture":"#side"},"up":{"uv":[0,13,16,14],"texture":"#side","cullface":"south"},"down":{"uv":[0,14,16,15],"texture":"#side"}}},{"from":[0.0078125,5,16],"to":[15.9921875,7,16.492188],"faces":{"east":{"uv":[15,9,16,11],"texture":"#side","cullface":"south"},"south":{"uv":[0,9,16,11],"texture":"#side"},"west":{"uv":[0,9,1,11],"texture":"#side"},"up":{"uv":[0,9,16,10],"texture":"#side","cullface":"south"},"down":{"uv":[0,10,16,11],"texture":"#side"}}},{"from":[0.0078125,9,16],"to":[15.9921875,11,16.492188],"faces":{"east":{"uv":[15,5,16,7],"texture":"#side","cullface":"south"},"south":{"uv":[0,5,16,7],"texture":"#side"},"west":{"uv":[0,5,1,7],"texture":"#side"},"up":{"uv":[0,5,16,6],"texture":"#side","cullface":"south"},"down":{"uv":[0,6,16,7],"texture":"#side"}}},{"from":[0.0078125,13,16],"to":[15.9921875,15.9921875,16.492188],"faces":{"east":{"uv":[15,0,16,3],"texture":"#side","cullface":"south"},"south":{"uv":[0,0,16,3],"texture":"#side"},"west":{"uv":[0,0,1,3],"texture":"#side"},"up":{"uv":[0,0,16,1],"texture":"#side","cullface":"south"},"down":{"uv":[0,2,16,3],"texture":"#side"}}},{"from":[-0.4921875,1,0.0078125],"to":[0,3,15.9921875],"faces":{"north":{"uv":[0,13,1,15],"texture":"#side"},"south":{"uv":[15,13,16,15],"texture":"#side"},"west":{"uv":[0,13,16,15],"texture":"#side"},"up":{"uv":[0,13,16,14],"texture":"#side","cullface":"west","rotation":90},"down":{"uv":[0,14,16,15],"texture":"#side","rotation":270}}},{"from":[-0.4921875,5,0.0078125],"to":[0,7,15.9921875],"faces":{"north":{"uv":[0,9,1,11],"texture":"#side"},"south":{"uv":[15,9,16,11],"texture":"#side"},"west":{"uv":[0,9,16,11],"texture":"#side"},"up":{"uv":[0,9,16,10],"texture":"#side","cullface":"west","rotation":90},"down":{"uv":[0,10,16,11],"texture":"#side","rotation":270}}},{"from":[-0.4921875,9,0.0078125],"to":[0,11,15.9921875],"faces":{"north":{"uv":[0,5,1,7],"texture":"#side"},"south":{"uv":[15,5,16,7],"texture":"#side"},"west":{"uv":[0,5,16,7],"texture":"#side"},"up":{"uv":[0,5,16,6],"texture":"#side","cullface":"west","rotation":90},"down":{"uv":[0,6,16,7],"texture":"#side","rotation":270}}},{"from":[-0.4921875,13,0.0078125],"to":[0,15.9921875,15.9921875],"faces":{"north":{"uv":[0,0,1,3],"texture":"#side"},"south":{"uv":[15,0,16,3],"texture":"#side"},"west":{"uv":[0,0,16,3],"texture":"#side"},"up":{"uv":[0,0,16,1],"texture":"#side","cullface":"west","rotation":90},"down":{"uv":[0,2,16,3],"texture":"#side","rotation":270}}},{"from":[0.0078125,-0.4921875,0.0078125],"to":[1,0,15.9921875],"faces":{"north":{"uv":[0,15,1,16],"texture":"#bottom","rotation":180},"east":{"uv":[0,0,1,15.98],"texture":"#bottom","cullface":"down","rotation":270},"south":{"uv":[0,0,1,1],"texture":"#bottom"},"west":{"uv":[0,0,1,15.98],"texture":"#bottom","rotation":90},"down":{"uv":[0,0,1,15.98],"texture":"#bottom"}}},{"from":[15,-0.4921875,0.0078125],"to":[15.9921875,0,15.9921875],"faces":{"north":{"uv":[15,15,16,16],"texture":"#bottom","rotation":180},"east":{"uv":[15,0,16,15.98],"texture":"#bottom","cullface":"down","rotation":270},"south":{"uv":[15,0,16,1],"texture":"#bottom"},"west":{"uv":[15,0,16,15.98],"texture":"#bottom","rotation":90},"down":{"uv":[15,0,16,15.98],"texture":"#bottom"}}},{"from":[1,-0.4921875,14.99],"to":[15,0,15.99],"faces":{"north":{"uv":[1,0,15,1],"texture":"#bottom","rotation":180},"south":{"uv":[1,0,15,1],"texture":"#bottom"},"down":{"uv":[1,0,15,1],"texture":"#bottom"}}},{"from":[1,-0.4921875,0.0078125],"to":[15,0,1],"faces":{"north":{"uv":[1,15,15,16],"texture":"#bottom","rotation":180},"south":{"uv":[1,15,15,16],"texture":"#bottom"},"down":{"uv":[1,15,15,16],"texture":"#bottom"}}},{"from":[2,-0.4921875,2],"to":[5,0,14],"faces":{"north":{"uv":[2,13,5,14],"texture":"#bottom","rotation":180},"east":{"uv":[4,2,5,14],"texture":"#bottom","cullface":"down","rotation":270},"south":{"uv":[2,2,5,3],"texture":"#bottom"},"west":{"uv":[2,2,3,14],"texture":"#bottom","rotation":90},"down":{"uv":[2,2,5,14],"texture":"#bottom"}}},{"from":[6,-0.4921875,2],"to":[10,0,14],"faces":{"north":{"uv":[6,13,10,14],"texture":"#bottom","rotation":180},"east":{"uv":[9,2,10,14],"texture":"#bottom","cullface":"down","rotation":270},"south":{"uv":[6,2,10,3],"texture":"#bottom"},"west":{"uv":[6,2,7,14],"texture":"#bottom","rotation":90},"down":{"uv":[6,2,10,14],"texture":"#bottom"}}},{"from":[11,-0.4921875,2],"to":[14,0,14],"faces":{"north":{"uv":[11,13,14,14],"texture":"#bottom","rotation":180},"east":{"uv":[13,2,14,14],"texture":"#bottom","cullface":"down","rotation":270},"south":{"uv":[11,2,14,3],"texture":"#bottom"},"west":{"uv":[11,2,12,14],"texture":"#bottom","rotation":90},"down":{"uv":[11,2,14,14],"texture":"#bottom"}}},{"from":[0,0,0],"to":[16,2,16],"faces":{"up":{"uv":[0,0,16,16],"texture":"#bottom"},"down":{"uv":[0,0,16,16],"texture":"#bottom"}}}]}