{
    "__createdwith": "opl's Model Creator",
    "ambientocclusion": true,
    "textures": {
        "particle": "blocks/brick",
        "brick": "blocks/brick"
    },
    "elements": [
        {
            "from": [0,0,0],
            "to": [16,16,16],
            "faces": {
                "up": {
                    "texture": "#brick"
                },
                "down": {
                    "texture": "#brick"
                },
                "west": {
                    "texture": "#brick"
                },
                "east": {
                    "texture": "#brick"
                },
                "north": {
                    "texture": "#brick"
                },
                "south": {
                    "texture": "#brick"
                }
            }
        },
        {
            "from": [0,12.25,-0.25],
            "to": [7.75,16,0],
            "faces": {
                "up": {
                    "uv": [16,0,8.25,0.25],
                    "texture": "#brick"
                },
                "down": {
                    "uv": [8.25,3.875,16,3.625],
                    "texture": "#brick"
                },
                "west": {
                    "uv": [7.875,0,8.125,3.75],
                    "texture": "#brick"
                },
                "east": {
                    "uv": [8.5,0,8.25,3.75],
                    "texture": "#brick"
                },
                "north": {
                    "uv": [8.25,0,16,3.75],
                    "texture": "#brick"
                }
            }
        },
        {
            "from": [8,12.25,-0.25],
            "to": [15.75,16,0],
            "faces": {
                "up": {
                    "uv": [8,0,0.25,0.25],
                    "texture": "#brick"
                },
                "down": {
                    "uv": [8,3.875,0.25,3.625],
                    "texture": "#brick"
                },
                "west": {
                    "uv": [7.875,0,8.125,3.75],
                    "texture": "#brick"
                },
                "east": {
                    "uv": [0.5,0,0.25,3.75],
                    "texture": "#brick"
                },
                "north": {
                    "uv": [0.25,0,8,3.75],
                    "texture": "#brick"
                }
            }
        },
        {
            "from": [4,8.25,-0.25],
            "to": [11.75,12,0],
            "faces": {
                "up": {
                    "uv": [8,0,0.25,0.25],
                    "texture": "#brick"
                },
                "down": {
                    "uv": [8,3.875,0.25,3.625],
                    "texture": "#brick"
                },
                "west": {
                    "uv": [7.875,0,8.125,3.75],
                    "texture": "#brick"
                },
                "east": {
                    "uv": [0.5,0,0.25,3.75],
                    "texture": "#brick"
                },
                "north": {
                    "uv": [4.25,4,12,7.75],
                    "texture": "#brick"
                }
            }
        },
        {
            "from": [0,8.25,-0.25],
            "to": [3.75,12,0],
            "faces": {
                "up": {
                    "uv": [4,0,0.25,0.25],
                    "texture": "#brick"
                },
                "down": {
                    "uv": [4,3.875,0.25,3.625],
                    "texture": "#brick"
                },
                "west": {
                    "uv": [7.875,0,8.125,3.75],
                    "texture": "#brick"
                },
                "east": {
                    "uv": [0.5,0,0.25,3.75],
                    "texture": "#brick"
                },
                "north": {
                    "uv": [12.25,4,16,7.75],
                    "texture": "#brick"
                }
            }
        },
        {
            "from": [12,8.25,-0.25],
            "to": [16,12,0],
            "faces": {
                "up": {
                    "uv": [12,4,8.125,4.25],
                    "texture": "#brick"
                },
                "down": {
                    "uv": [4,3.875,0.25,3.625],
                    "texture": "#brick"
                },
                "west": {
                    "uv": [7.875,0,8.125,3.75],
                    "texture": "#brick"
                },
                "east": {
                    "uv": [0.5,0,0.25,3.75],
                    "texture": "#brick"
                },
                "north": {
                    "uv": [0,4,3.875,7.75],
                    "texture": "#brick"
                }
            }
        },
        {
            "from": [8,4.25,-0.25],
            "to": [15.75,8,0],
            "faces": {
                "up": {
                    "uv": [8,0,0.25,0.25],
                    "texture": "#brick"
                },
                "down": {
                    "uv": [8,3.875,0.25,3.625],
                    "texture": "#brick"
                },
                "west": {
                    "uv": [7.875,0,8.125,3.75],
                    "texture": "#brick"
                },
                "east": {
                    "uv": [0.5,0,0.25,3.75],
                    "texture": "#brick"
                },
                "north": {
                    "uv": [0.25,0,8,3.75],
                    "texture": "#brick"
                }
            }
        },
        {
            "from": [0,4.25,-0.25],
            "to": [7.75,8,0],
            "faces": {
                "up": {
                    "uv": [16,0,8.25,0.25],
                    "texture": "#brick"
                },
                "down": {
                    "uv": [8.25,3.875,16,3.625],
                    "texture": "#brick"
                },
                "west": {
                    "uv": [7.875,0,8.125,3.75],
                    "texture": "#brick"
                },
                "east": {
                    "uv": [8.5,0,8.25,3.75],
                    "texture": "#brick"
                },
                "north": {
                    "uv": [8.25,0,16,3.75],
                    "texture": "#brick"
                }
            }
        },
        {
            "from": [4,0.25,-0.25],
            "to": [11.75,4,0],
            "faces": {
                "up": {
                    "uv": [8,0,0.25,0.25],
                    "texture": "#brick"
                },
                "down": {
                    "uv": [8,3.875,0.25,3.625],
                    "texture": "#brick"
                },
                "west": {
                    "uv": [7.875,0,8.125,3.75],
                    "texture": "#brick"
                },
                "east": {
                    "uv": [0.5,0,0.25,3.75],
                    "texture": "#brick"
                },
                "north": {
                    "uv": [0.25,0,8,3.75],
                    "texture": "#brick"
                }
            }
        },
        {
            "from": [0,0.25,-0.25],
            "to": [3.75,4,0],
            "faces": {
                "up": {
                    "uv": [4,0,0.25,0.25],
                    "texture": "#brick"
                },
                "down": {
                    "uv": [4,3.875,0.25,3.625],
                    "texture": "#brick"
                },
                "west": {
                    "uv": [7.875,0,8.125,3.75],
                    "texture": "#brick"
                },
                "east": {
                    "uv": [0.5,0,0.25,3.75],
                    "texture": "#brick"
                },
                "north": {
                    "uv": [12.25,4,16,7.75],
                    "texture": "#brick"
                }
            }
        },
        {
            "from": [12,0.25,-0.25],
            "to": [16,4,0],
            "faces": {
                "up": {
                    "uv": [12,4,8.125,4.25],
                    "texture": "#brick"
                },
                "down": {
                    "uv": [4,3.875,0.25,3.625],
                    "texture": "#brick"
                },
                "west": {
                    "uv": [7.875,0,8.125,3.75],
                    "texture": "#brick"
                },
                "east": {
                    "uv": [0.5,0,0.25,3.75],
                    "texture": "#brick"
                },
                "north": {
                    "uv": [0,4,3.875,7.75],
                    "texture": "#brick"
                }
            }
        },
        {
            "from": [16,12.25,0],
            "to": [16.25,16,7.75],
            "faces": {
                "up": {
                    "uv": [16,0,8.25,0.25],
                    "texture": "#brick",
                    "rotation": 90
                },
                "down": {
                    "uv": [8.25,3.5,16,3.75],
                    "texture": "#brick",
                    "rotation": 90
                },
                "east": {
                    "uv": [0.25,0,8,3.75],
                    "texture": "#brick"
                },
                "north": {
                    "uv": [15.75,0,16,3.75],
                    "texture": "#brick"
                },
                "south": {
                    "uv": [8.5,0,8.25,3.75],
                    "texture": "#brick"
                }
            }
        },
        {
            "from": [16,12.25,8],
            "to": [16.25,16,15.75],
            "faces": {
                "up": {
                    "uv": [8,0,0.25,0.25],
                    "texture": "#brick",
                    "rotation": 90
                },
                "down": {
                    "uv": [0.25,3.5,8,3.75],
                    "texture": "#brick",
                    "rotation": 90
                },
                "east": {
                    "uv": [8.25,0,16,3.75],
                    "texture": "#brick"
                },
                "north": {
                    "uv": [7.75,0,8,3.75],
                    "texture": "#brick"
                },
                "south": {
                    "uv": [0.5,0,0.25,3.75],
                    "texture": "#brick"
                }
            }
        },
        {
            "from": [16,8.25,4],
            "to": [16.25,12,11.75],
            "faces": {
                "up": {
                    "uv": [12,4,4.25,4.25],
                    "texture": "#brick",
                    "rotation": 90
                },
                "down": {
                    "uv": [4.25,4,12,4.25],
                    "texture": "#brick",
                    "rotation": 90
                },
                "east": {
                    "uv": [4.25,4,12,7.75],
                    "texture": "#brick"
                },
                "north": {
                    "uv": [12,4,11.75,7.75],
                    "texture": "#brick"
                },
                "south": {
                    "uv": [4.25,4,4.5,7.75],
                    "texture": "#brick"
                }
            }
        },
        {
            "from": [16,8.25,0],
            "to": [16.25,12,3.75],
            "faces": {
                "up": {
                    "uv": [16,7.75,12.25,7.5],
                    "texture": "#brick",
                    "rotation": 90
                },
                "down": {
                    "uv": [12.25,7.75,16,7.5],
                    "texture": "#brick",
                    "rotation": 90
                },
                "east": {
                    "uv": [12.25,4,16,7.75],
                    "texture": "#brick"
                },
                "north": {
                    "uv": [15.75,4,16,7.75],
                    "texture": "#brick"
                },
                "south": {
                    "uv": [12.5,4,12.25,7.75],
                    "texture": "#brick"
                }
            }
        },
        {
            "from": [16,8.25,12],
            "to": [16.25,12,16],
            "faces": {
                "up": {
                    "uv": [0,4,3.875,4.25],
                    "texture": "#brick",
                    "rotation": 90
                },
                "down": {
                    "uv": [0,7.75,3.875,7.5],
                    "texture": "#brick",
                    "rotation": 90
                },
                "east": {
                    "uv": [0,4,3.875,7.75],
                    "texture": "#brick"
                },
                "north": {
                    "uv": [3.625,4,3.875,7.75],
                    "texture": "#brick"
                },
                "south": {
                    "uv": [0,4,0.25,7.75],
                    "texture": "#brick"
                }
            }
        },
        {
            "from": [-0.25,12.25,0.25],
            "to": [0,16,8],
            "faces": {
                "up": {
                    "uv": [0.25,0.25,8,0],
                    "texture": "#brick",
                    "rotation": 90
                },
                "down": {
                    "uv": [8,3.5,0.25,3.75],
                    "texture": "#brick",
                    "rotation": 90
                },
                "west": {
                    "texture": "#brick"
                },
                "north": {
                    "uv": [0.5,0,0.25,3.75],
                    "texture": "#brick"
                },
                "south": {
                    "uv": [7.75,0,8,3.75],
                    "texture": "#brick"
                }
            }
        },
        {
            "from": [-0.25,12.25,8.25],
            "to": [0,16,16],
            "faces": {
                "up": {
                    "uv": [8.25,0.25,16,0],
                    "texture": "#brick",
                    "rotation": 90
                },
                "down": {
                    "uv": [16,3.5,8.25,3.75],
                    "texture": "#brick",
                    "rotation": 90
                },
                "west": {
                    "texture": "#brick"
                },
                "north": {
                    "uv": [8.5,0,8.25,3.75],
                    "texture": "#brick"
                },
                "south": {
                    "uv": [15.75,0,16,3.75],
                    "texture": "#brick"
                }
            }
        },
        {
            "from": [-0.25,8.25,12.25],
            "to": [0,12,16],
            "faces": {
                "up": {
                    "uv": [12.25,12.25,16,12],
                    "texture": "#brick",
                    "rotation": 90
                },
                "down": {
                    "uv": [16,12.25,12.25,12],
                    "texture": "#brick",
                    "rotation": 90
                },
                "west": {
                    "texture": "#brick"
                },
                "north": {
                    "uv": [12.5,4,12.25,7.75],
                    "texture": "#brick"
                },
                "south": {
                    "uv": [15.75,4,16,7.75],
                    "texture": "#brick"
                }
            }
        },
        {
            "from": [-0.25,8.25,4.25],
            "to": [0,12,12],
            "faces": {
                "up": {
                    "uv": [4.25,4.25,12,4],
                    "texture": "#brick",
                    "rotation": 90
                },
                "down": {
                    "uv": [12,7.5,4.25,7.75],
                    "texture": "#brick",
                    "rotation": 90
                },
                "west": {
                    "texture": "#brick"
                },
                "north": {
                    "uv": [4.5,4,4.25,7.75],
                    "texture": "#brick"
                },
                "south": {
                    "uv": [12,4,11.75,7.75],
                    "texture": "#brick"
                }
            }
        },
        {
            "from": [-0.25,8.25,0],
            "to": [0,12,4],
            "faces": {
                "up": {
                    "uv": [0,4.25,3.875,4],
                    "texture": "#brick",
                    "rotation": 90
                },
                "down": {
                    "uv": [3.875,7.5,0,7.75],
                    "texture": "#brick",
                    "rotation": 90
                },
                "west": {
                    "uv": [0,4,3.875,7.75],
                    "texture": "#brick"
                },
                "north": {
                    "uv": [0,4,0.25,7.75],
                    "texture": "#brick"
                },
                "south": {
                    "uv": [3.625,4,3.875,7.75],
                    "texture": "#brick"
                }
            }
        },
        {
            "from": [0,8.25,16],
            "to": [4,12,16.25],
            "faces": {
                "up": {
                    "uv": [0,4.25,3.875,4],
                    "texture": "#brick"
                },
                "down": {
                    "uv": [0,7.75,3.875,7.5],
                    "texture": "#brick"
                },
                "west": {
                    "uv": [0,4,0.25,7.75],
                    "texture": "#brick"
                },
                "east": {
                    "uv": [3.625,4,3.875,7.75],
                    "texture": "#brick"
                },
                "south": {
                    "uv": [0,4,3.875,7.75],
                    "texture": "#brick"
                }
            }
        },
        {
            "from": [12.25,8.25,16],
            "to": [16,12,16.25],
            "faces": {
                "up": {
                    "uv": [12.25,4.25,16,4],
                    "texture": "#brick"
                },
                "down": {
                    "uv": [12.25,7.75,16,7.5],
                    "texture": "#brick"
                },
                "west": {
                    "uv": [12.5,4,12.25,7.75],
                    "texture": "#brick"
                },
                "east": {
                    "uv": [15.75,4,16,7.75],
                    "texture": "#brick"
                },
                "south": {
                    "texture": "#brick"
                }
            }
        },
        {
            "from": [4.25,8.25,16],
            "to": [12,12,16.25],
            "faces": {
                "up": {
                    "uv": [4.25,4.25,12,4],
                    "texture": "#brick"
                },
                "down": {
                    "uv": [4.25,7.75,12,7.5],
                    "texture": "#brick"
                },
                "west": {
                    "uv": [4.25,4,4.5,7.75],
                    "texture": "#brick"
                },
                "east": {
                    "uv": [12,4,11.75,7.75],
                    "texture": "#brick"
                },
                "south": {
                    "texture": "#brick"
                }
            }
        },
        {
            "from": [0.25,12.25,16],
            "to": [8,16,16.25],
            "faces": {
                "up": {
                    "uv": [0.25,0.25,8,0],
                    "texture": "#brick"
                },
                "down": {
                    "uv": [0.25,3.5,8,3.75],
                    "texture": "#brick"
                },
                "west": {
                    "uv": [8.5,0,8.25,3.75],
                    "texture": "#brick"
                },
                "east": {
                    "uv": [7.75,0,8,3.75],
                    "texture": "#brick"
                },
                "south": {
                    "texture": "#brick"
                }
            }
        },
        {
            "from": [8.25,12.25,16],
            "to": [16,16,16.25],
            "faces": {
                "up": {
                    "uv": [8.25,0.25,16,0],
                    "texture": "#brick"
                },
                "down": {
                    "uv": [8.25,3.5,16,3.75],
                    "texture": "#brick"
                },
                "west": {
                    "uv": [8.5,0,8.25,3.75],
                    "texture": "#brick"
                },
                "east": {
                    "uv": [16,0,15.75,3.75],
                    "texture": "#brick"
                },
                "south": {
                    "texture": "#brick"
                }
            }
        },
        {
            "from": [-0.25,0.25,12.25],
            "to": [0,4,16],
            "faces": {
                "up": {
                    "uv": [12.25,12.25,16,12],
                    "texture": "#brick",
                    "rotation": 90
                },
                "down": {
                    "uv": [16,12.25,12.25,12],
                    "texture": "#brick",
                    "rotation": 90
                },
                "west": {
                    "texture": "#brick"
                },
                "north": {
                    "uv": [12.5,4,12.25,7.75],
                    "texture": "#brick"
                },
                "south": {
                    "uv": [15.75,4,16,7.75],
                    "texture": "#brick"
                }
            }
        },
        {
            "from": [-0.25,0.25,4.25],
            "to": [0,4,12],
            "faces": {
                "up": {
                    "uv": [4.25,4.25,12,4],
                    "texture": "#brick",
                    "rotation": 90
                },
                "down": {
                    "uv": [12,7.5,4.25,7.75],
                    "texture": "#brick",
                    "rotation": 90
                },
                "west": {
                    "texture": "#brick"
                },
                "north": {
                    "uv": [4.5,4,4.25,7.75],
                    "texture": "#brick"
                },
                "south": {
                    "uv": [12,4,11.75,7.75],
                    "texture": "#brick"
                }
            }
        },
        {
            "from": [-0.25,0.25,0],
            "to": [0,4,4],
            "faces": {
                "up": {
                    "uv": [0,4.25,3.875,4],
                    "texture": "#brick",
                    "rotation": 90
                },
                "down": {
                    "uv": [3.875,7.5,0,7.75],
                    "texture": "#brick",
                    "rotation": 90
                },
                "west": {
                    "uv": [0,4,3.875,7.75],
                    "texture": "#brick"
                },
                "north": {
                    "uv": [0,4,0.25,7.75],
                    "texture": "#brick"
                },
                "south": {
                    "uv": [3.625,4,3.875,7.75],
                    "texture": "#brick"
                }
            }
        },
        {
            "from": [-0.25,4.25,0.25],
            "to": [0,8,8],
            "faces": {
                "up": {
                    "uv": [0.25,0.25,8,0],
                    "texture": "#brick",
                    "rotation": 90
                },
                "down": {
                    "uv": [8,3.5,0.25,3.75],
                    "texture": "#brick",
                    "rotation": 90
                },
                "west": {
                    "texture": "#brick"
                },
                "north": {
                    "uv": [0.5,0,0.25,3.75],
                    "texture": "#brick"
                },
                "south": {
                    "uv": [7.75,0,8,3.75],
                    "texture": "#brick"
                }
            }
        },
        {
            "from": [-0.25,4.25,8.25],
            "to": [0,8,16],
            "faces": {
                "up": {
                    "uv": [8.25,0.25,16,0],
                    "texture": "#brick",
                    "rotation": 90
                },
                "down": {
                    "uv": [16,3.5,8.25,3.75],
                    "texture": "#brick",
                    "rotation": 90
                },
                "west": {
                    "texture": "#brick"
                },
                "north": {
                    "uv": [8.5,0,8.25,3.75],
                    "texture": "#brick"
                },
                "south": {
                    "uv": [15.75,0,16,3.75],
                    "texture": "#brick"
                }
            }
        },
        {
            "from": [16,0.25,12],
            "to": [16.25,4,16],
            "faces": {
                "up": {
                    "uv": [0,4,3.875,4.25],
                    "texture": "#brick",
                    "rotation": 90
                },
                "down": {
                    "uv": [0,7.75,3.875,7.5],
                    "texture": "#brick",
                    "rotation": 90
                },
                "east": {
                    "uv": [0,4,3.875,7.75],
                    "texture": "#brick"
                },
                "north": {
                    "uv": [3.625,4,3.875,7.75],
                    "texture": "#brick"
                },
                "south": {
                    "uv": [0,4,0.25,7.75],
                    "texture": "#brick"
                }
            }
        },
        {
            "from": [16,0.25,4],
            "to": [16.25,4,11.75],
            "faces": {
                "up": {
                    "uv": [12,4,4.25,4.25],
                    "texture": "#brick",
                    "rotation": 90
                },
                "down": {
                    "uv": [4.25,4,12,4.25],
                    "texture": "#brick",
                    "rotation": 90
                },
                "east": {
                    "uv": [4.25,4,12,7.75],
                    "texture": "#brick"
                },
                "north": {
                    "uv": [12,4,11.75,7.75],
                    "texture": "#brick"
                },
                "south": {
                    "uv": [4.25,4,4.5,7.75],
                    "texture": "#brick"
                }
            }
        },
        {
            "from": [16,4.25,0],
            "to": [16.25,8,7.75],
            "faces": {
                "up": {
                    "uv": [16,0,8.25,0.25],
                    "texture": "#brick",
                    "rotation": 90
                },
                "down": {
                    "uv": [8.25,3.5,16,3.75],
                    "texture": "#brick",
                    "rotation": 90
                },
                "east": {
                    "uv": [0.25,0,8,3.75],
                    "texture": "#brick"
                },
                "north": {
                    "uv": [15.75,0,16,3.75],
                    "texture": "#brick"
                },
                "south": {
                    "uv": [8.5,0,8.25,3.75],
                    "texture": "#brick"
                }
            }
        },
        {
            "from": [16,0.25,0],
            "to": [16.25,4,3.75],
            "faces": {
                "up": {
                    "uv": [16,7.75,12.25,7.5],
                    "texture": "#brick",
                    "rotation": 90
                },
                "down": {
                    "uv": [12.25,7.75,16,7.5],
                    "texture": "#brick",
                    "rotation": 90
                },
                "east": {
                    "uv": [12.25,4,16,7.75],
                    "texture": "#brick"
                },
                "north": {
                    "uv": [15.75,4,16,7.75],
                    "texture": "#brick"
                },
                "south": {
                    "uv": [12.5,4,12.25,7.75],
                    "texture": "#brick"
                }
            }
        },
        {
            "from": [16,4.25,8],
            "to": [16.25,8,15.75],
            "faces": {
                "up": {
                    "uv": [8,0,0.25,0.25],
                    "texture": "#brick",
                    "rotation": 90
                },
                "down": {
                    "uv": [0.25,3.5,8,3.75],
                    "texture": "#brick",
                    "rotation": 90
                },
                "east": {
                    "uv": [8.25,0,16,3.75],
                    "texture": "#brick"
                },
                "north": {
                    "uv": [7.75,0,8,3.75],
                    "texture": "#brick"
                },
                "south": {
                    "uv": [0.5,0,0.25,3.75],
                    "texture": "#brick"
                }
            }
        },
        {
            "from": [4.25,0.25,16],
            "to": [12,4,16.25],
            "faces": {
                "up": {
                    "uv": [4.25,4.25,12,4],
                    "texture": "#brick"
                },
                "down": {
                    "uv": [4.25,7.75,12,7.5],
                    "texture": "#brick"
                },
                "west": {
                    "uv": [4.25,12,4.5,15.75],
                    "texture": "#brick"
                },
                "east": {
                    "uv": [12,4,11.75,7.75],
                    "texture": "#brick"
                },
                "south": {
                    "texture": "#brick"
                }
            }
        },
        {
            "from": [12.25,0.25,16],
            "to": [16,4,16.25],
            "faces": {
                "up": {
                    "uv": [12.25,4.25,16,4],
                    "texture": "#brick"
                },
                "down": {
                    "uv": [12.25,7.75,16,7.5],
                    "texture": "#brick"
                },
                "west": {
                    "uv": [12.5,4,12.25,7.75],
                    "texture": "#brick"
                },
                "east": {
                    "uv": [15.75,4,16,7.75],
                    "texture": "#brick"
                },
                "south": {
                    "texture": "#brick"
                }
            }
        },
        {
            "from": [8.25,4.25,16],
            "to": [16,8,16.25],
            "faces": {
                "up": {
                    "uv": [8.25,0.25,16,0],
                    "texture": "#brick"
                },
                "down": {
                    "uv": [8.25,3.5,16,3.75],
                    "texture": "#brick"
                },
                "west": {
                    "uv": [8.5,0,8.25,3.75],
                    "texture": "#brick"
                },
                "east": {
                    "uv": [16,0,15.75,3.75],
                    "texture": "#brick"
                },
                "south": {
                    "texture": "#brick"
                }
            }
        },
        {
            "from": [0.25,4.25,16],
            "to": [8,8,16.25],
            "faces": {
                "up": {
                    "uv": [0.25,0.25,8,0],
                    "texture": "#brick"
                },
                "down": {
                    "uv": [0.25,3.5,8,3.75],
                    "texture": "#brick"
                },
                "west": {
                    "uv": [8.5,0,8.25,3.75],
                    "texture": "#brick"
                },
                "east": {
                    "uv": [7.75,0,8,3.75],
                    "texture": "#brick"
                },
                "south": {
                    "texture": "#brick"
                }
            }
        },
        {
            "from": [0,0.25,16],
            "to": [4,4,16.25],
            "faces": {
                "up": {
                    "uv": [0,4.25,3.875,4],
                    "texture": "#brick"
                },
                "down": {
                    "uv": [0,7.75,3.875,7.5],
                    "texture": "#brick"
                },
                "west": {
                    "uv": [0,12,0.25,15.75],
                    "texture": "#brick"
                },
                "east": {
                    "uv": [3.625,4,3.875,7.75],
                    "texture": "#brick"
                },
                "south": {
                    "uv": [0,4,3.875,7.75],
                    "texture": "#brick"
                }
            }
        },
        {
            "from": [0,-0.25,0.25],
            "to": [4,0,4],
            "faces": {
                "down": {
                    "uv": [0,12,3.875,15.75],
                    "texture": "#brick"
                },
                "west": {
                    "uv": [0,12,0.25,15.75],
                    "texture": "#brick",
                    "rotation": 90
                },
                "east": {
                    "uv": [3.625,15.75,3.875,12],
                    "texture": "#brick",
                    "rotation": 90
                },
                "north": {
                    "uv": [3.875,15.5,0,15.75],
                    "texture": "#brick"
                },
                "south": {
                    "uv": [0,12.25,3.875,12],
                    "texture": "#brick"
                }
            }
        },
        {
            "from": [4.25,-0.25,0.25],
            "to": [12,0,4],
            "faces": {
                "down": {
                    "uv": [4.25,12,12,15.75],
                    "texture": "#brick"
                },
                "west": {
                    "uv": [4.5,12,4.25,15.75],
                    "texture": "#brick",
                    "rotation": 90
                },
                "east": {
                    "uv": [11.75,12,12,15.75],
                    "texture": "#brick",
                    "rotation": 90
                },
                "north": {
                    "uv": [12,15.5,4.25,15.75],
                    "texture": "#brick"
                },
                "south": {
                    "uv": [4.25,12.25,12,12],
                    "texture": "#brick"
                }
            }
        },
        {
            "from": [12.25,-0.25,0.25],
            "to": [16,0,4],
            "faces": {
                "down": {
                    "uv": [12.25,12,16,15.75],
                    "texture": "#brick"
                },
                "west": {
                    "uv": [12.5,12,12.25,15.75],
                    "texture": "#brick",
                    "rotation": 90
                },
                "east": {
                    "uv": [15.75,15.75,16,12],
                    "texture": "#brick",
                    "rotation": 90
                },
                "north": {
                    "uv": [16,15.5,12.25,15.75],
                    "texture": "#brick"
                },
                "south": {
                    "uv": [12.25,12.25,16,12],
                    "texture": "#brick"
                }
            }
        },
        {
            "from": [0.25,-0.25,4.25],
            "to": [8,0,8],
            "faces": {
                "down": {
                    "uv": [0.25,8,8,11.75],
                    "texture": "#brick"
                },
                "west": {
                    "uv": [0.5,8,0.25,11.75],
                    "texture": "#brick",
                    "rotation": 90
                },
                "east": {
                    "uv": [7.75,11.75,8,8],
                    "texture": "#brick",
                    "rotation": 90
                },
                "north": {
                    "uv": [8,11.5,0.25,11.75],
                    "texture": "#brick"
                },
                "south": {
                    "uv": [0.25,8.25,8,8],
                    "texture": "#brick"
                }
            }
        },
        {
            "from": [8.25,-0.25,4.25],
            "to": [16,0,8],
            "faces": {
                "down": {
                    "uv": [8.25,8,16,11.75],
                    "texture": "#brick"
                },
                "west": {
                    "uv": [8.5,8,8.25,11.75],
                    "texture": "#brick",
                    "rotation": 90
                },
                "east": {
                    "uv": [15.75,11.75,16,8],
                    "texture": "#brick",
                    "rotation": 90
                },
                "north": {
                    "uv": [16,11.5,8.25,11.75],
                    "texture": "#brick"
                },
                "south": {
                    "uv": [8.25,8.25,16,8],
                    "texture": "#brick"
                }
            }
        },
        {
            "from": [12.25,16,4],
            "to": [16,16.25,7.75],
            "faces": {
                "up": {
                    "texture": "#brick"
                },
                "west": {
                    "uv": [12.25,7.75,12.5,4],
                    "texture": "#brick",
                    "rotation": 90
                },
                "east": {
                    "uv": [15.75,4,16,7.75],
                    "texture": "#brick",
                    "rotation": 90
                },
                "north": {
                    "uv": [16,4,12.25,4.25],
                    "texture": "#brick"
                },
                "south": {
                    "uv": [12.25,7.75,16,7.5],
                    "texture": "#brick"
                }
            }
        },
        {
            "from": [4.25,16,4],
            "to": [12,16.25,7.75],
            "faces": {
                "up": {
                    "texture": "#brick"
                },
                "west": {
                    "uv": [4.25,7.75,4.5,4],
                    "texture": "#brick",
                    "rotation": 90
                },
                "east": {
                    "uv": [12,4,11.75,7.75],
                    "texture": "#brick",
                    "rotation": 90
                },
                "north": {
                    "uv": [12,4,4.25,4.25],
                    "texture": "#brick"
                },
                "south": {
                    "uv": [4.25,7.75,12,7.5],
                    "texture": "#brick"
                }
            }
        },
        {
            "from": [0,16,4],
            "to": [4,16.25,7.75],
            "faces": {
                "up": {
                    "uv": [0,4,3.875,7.75],
                    "texture": "#brick"
                },
                "west": {
                    "uv": [0,7.75,0.25,4],
                    "texture": "#brick",
                    "rotation": 90
                },
                "east": {
                    "uv": [3.625,4,3.875,7.75],
                    "texture": "#brick",
                    "rotation": 90
                },
                "north": {
                    "uv": [0,4,3.875,4.25],
                    "texture": "#brick"
                },
                "south": {
                    "uv": [0,7.75,3.875,7.5],
                    "texture": "#brick"
                }
            }
        },
        {
            "from": [0.25,16,0],
            "to": [8,16.25,3.75],
            "faces": {
                "up": {
                    "texture": "#brick"
                },
                "west": {
                    "uv": [0.25,3.75,0.5,0],
                    "texture": "#brick",
                    "rotation": 90
                },
                "east": {
                    "uv": [7.75,0,8,3.75],
                    "texture": "#brick",
                    "rotation": 90
                },
                "north": {
                    "uv": [8,0,0.25,0.25],
                    "texture": "#brick"
                },
                "south": {
                    "uv": [0.25,3.5,8,3.75],
                    "texture": "#brick"
                }
            }
        },
        {
            "from": [8.25,16,0],
            "to": [16,16.25,3.75],
            "faces": {
                "up": {
                    "texture": "#brick"
                },
                "west": {
                    "uv": [8.25,3.75,8.5,0],
                    "texture": "#brick",
                    "rotation": 90
                },
                "east": {
                    "uv": [15.75,0,16,3.75],
                    "texture": "#brick",
                    "rotation": 90
                },
                "north": {
                    "uv": [16,0,8.25,0.25],
                    "texture": "#brick"
                },
                "south": {
                    "uv": [8.25,3.5,16,3.75],
                    "texture": "#brick"
                }
            }
        },
        {
            "from": [4.25,16,12],
            "to": [12,16.25,15.75],
            "faces": {
                "up": {
                    "texture": "#brick"
                },
                "west": {
                    "uv": [4.25,7.75,4.5,4],
                    "texture": "#brick",
                    "rotation": 90
                },
                "east": {
                    "uv": [12,4,11.75,7.75],
                    "texture": "#brick",
                    "rotation": 90
                },
                "north": {
                    "uv": [12,4,4.25,4.25],
                    "texture": "#brick"
                },
                "south": {
                    "uv": [4.25,7.75,12,7.5],
                    "texture": "#brick"
                }
            }
        },
        {
            "from": [12.25,16,12],
            "to": [16,16.25,15.75],
            "faces": {
                "up": {
                    "texture": "#brick"
                },
                "west": {
                    "uv": [12.25,7.75,12.5,4],
                    "texture": "#brick",
                    "rotation": 90
                },
                "east": {
                    "uv": [15.75,4,16,7.75],
                    "texture": "#brick",
                    "rotation": 90
                },
                "north": {
                    "uv": [16,4,12.25,4.25],
                    "texture": "#brick"
                },
                "south": {
                    "uv": [12.25,7.75,16,7.5],
                    "texture": "#brick"
                }
            }
        },
        {
            "from": [8.25,16,8],
            "to": [16,16.25,11.75],
            "faces": {
                "up": {
                    "texture": "#brick"
                },
                "west": {
                    "uv": [8.25,3.75,8.5,0],
                    "texture": "#brick",
                    "rotation": 90
                },
                "east": {
                    "uv": [15.75,0,16,3.75],
                    "texture": "#brick",
                    "rotation": 90
                },
                "north": {
                    "uv": [16,0,8.25,0.25],
                    "texture": "#brick"
                },
                "south": {
                    "uv": [8.25,3.5,16,3.75],
                    "texture": "#brick"
                }
            }
        },
        {
            "from": [0.25,16,8],
            "to": [8,16.25,11.75],
            "faces": {
                "up": {
                    "texture": "#brick"
                },
                "west": {
                    "uv": [0.25,3.75,0.5,0],
                    "texture": "#brick",
                    "rotation": 90
                },
                "east": {
                    "uv": [7.75,0,8,3.75],
                    "texture": "#brick",
                    "rotation": 90
                },
                "north": {
                    "uv": [8,0,0.25,0.25],
                    "texture": "#brick"
                },
                "south": {
                    "uv": [0.25,3.5,8,3.75],
                    "texture": "#brick"
                }
            }
        },
        {
            "from": [0,16,12],
            "to": [4,16.25,15.75],
            "faces": {
                "up": {
                    "uv": [0,4,3.875,7.75],
                    "texture": "#brick"
                },
                "west": {
                    "uv": [0,7.75,0.25,4],
                    "texture": "#brick",
                    "rotation": 90
                },
                "east": {
                    "uv": [3.625,4,3.875,7.75],
                    "texture": "#brick",
                    "rotation": 90
                },
                "north": {
                    "uv": [0,4,3.875,4.25],
                    "texture": "#brick"
                },
                "south": {
                    "uv": [0,7.75,3.875,7.5],
                    "texture": "#brick"
                }
            }
        },
        {
            "from": [8.25,-0.25,12.25],
            "to": [16,0,16],
            "faces": {
                "down": {
                    "uv": [8.25,8,16,11.75],
                    "texture": "#brick"
                },
                "west": {
                    "uv": [8.5,8,8.25,11.75],
                    "texture": "#brick",
                    "rotation": 90
                },
                "east": {
                    "uv": [15.75,11.75,16,8],
                    "texture": "#brick",
                    "rotation": 90
                },
                "north": {
                    "uv": [16,11.5,8.25,11.75],
                    "texture": "#brick"
                },
                "south": {
                    "uv": [8.25,8.25,16,8],
                    "texture": "#brick"
                }
            }
        },
        {
            "from": [0.25,-0.25,12.25],
            "to": [8,0,16],
            "faces": {
                "down": {
                    "uv": [0.25,8,8,11.75],
                    "texture": "#brick"
                },
                "west": {
                    "uv": [0.5,8,0.25,11.75],
                    "texture": "#brick",
                    "rotation": 90
                },
                "east": {
                    "uv": [7.75,11.75,8,8],
                    "texture": "#brick",
                    "rotation": 90
                },
                "north": {
                    "uv": [8,11.5,0.25,11.75],
                    "texture": "#brick"
                },
                "south": {
                    "uv": [0.25,8.25,8,8],
                    "texture": "#brick"
                }
            }
        },
        {
            "from": [4.25,-0.25,8.25],
            "to": [12,0,12],
            "faces": {
                "down": {
                    "uv": [4.25,12,12,15.75],
                    "texture": "#brick"
                },
                "west": {
                    "uv": [4.5,12,4.25,15.75],
                    "texture": "#brick",
                    "rotation": 90
                },
                "east": {
                    "uv": [11.75,12,12,15.75],
                    "texture": "#brick",
                    "rotation": 90
                },
                "north": {
                    "uv": [12,15.5,4.25,15.75],
                    "texture": "#brick"
                },
                "south": {
                    "uv": [4.25,12.25,12,12],
                    "texture": "#brick"
                }
            }
        },
        {
            "from": [12.25,-0.25,8.25],
            "to": [16,0,12],
            "faces": {
                "down": {
                    "uv": [12.25,12,16,15.75],
                    "texture": "#brick"
                },
                "west": {
                    "uv": [12.5,12,12.25,15.75],
                    "texture": "#brick",
                    "rotation": 90
                },
                "east": {
                    "uv": [15.75,15.75,16,12],
                    "texture": "#brick",
                    "rotation": 90
                },
                "north": {
                    "uv": [16,15.5,12.25,15.75],
                    "texture": "#brick"
                },
                "south": {
                    "uv": [12.25,12.25,16,12],
                    "texture": "#brick"
                }
            }
        },
        {
            "from": [0,-0.25,8.25],
            "to": [4,0,12],
            "faces": {
                "down": {
                    "uv": [0,12,3.875,15.75],
                    "texture": "#brick"
                },
                "west": {
                    "uv": [0,12,0.25,15.75],
                    "texture": "#brick",
                    "rotation": 90
                },
                "east": {
                    "uv": [3.625,15.75,3.875,12],
                    "texture": "#brick",
                    "rotation": 90
                },
                "north": {
                    "uv": [3.875,15.5,0,15.75],
                    "texture": "#brick"
                },
                "south": {
                    "uv": [0,12.25,3.875,12],
                    "texture": "#brick"
                }
            }
        }
    ]
}