{
    "__createdwith": "opl's Model Creator",
    "ambientocclusion": false,
    "textures": {
        "side": "blocks/hopper_outside",
        "top": "blocks/hopper_top",
        "particle": "blocks/hopper_outside",
        "inside": "blocks/hopper_inside"
    },
    "elements": [
        {
            "from": [4,4,4],
            "to": [12,10,12],
            "faces": {
                "up": {
                    "texture": "#side"
                },
                "down": {
                    "texture": "#side"
                },
                "west": {
                    "texture": "#side"
                },
                "east": {
                    "texture": "#side"
                },
                "north": {
                    "texture": "#side"
                },
                "south": {
                    "texture": "#side"
                }
            }
        },
        {
            "from": [6,4,0],
            "to": [10,8,4],
            "faces": {
                "up": {
                    "texture": "#side"
                },
                "down": {
                    "texture": "#side"
                },
                "west": {
                    "texture": "#side"
                },
                "east": {
                    "texture": "#side"
                },
                "north": {
                    "texture": "#side"
                },
                "south": {
                    "texture": "#side"
                }
            }
        },
        {
            "from": [0,12,0],
            "to": [2,16,14],
            "faces": {
                "up": {
                    "texture": "missingtexture"
                },
                "down": {
                    "texture": "missingtexture"
                },
                "west": {
                    "texture": "missingtexture"
                },
                "east": {
                    "texture": "missingtexture"
                },
                "north": {
                    "texture": "missingtexture"
                },
                "south": {
                    "texture": "missingtexture"
                }
            }
        },
        {
            "from": [1,14,1],
            "to": [3,17,13],
            "faces": {
                "up": {
                    "texture": "missingtexture"
                },
                "west": {
                    "texture": "missingtexture"
                },
                "east": {
                    "texture": "missingtexture"
                },
                "north": {
                    "texture": "missingtexture"
                },
                "south": {
                    "texture": "missingtexture"
                }
            }
        },
        {
            "from": [3,14,11],
            "to": [13,17,13],
            "faces": {
                "up": {
                    "texture": "missingtexture"
                },
                "west": {
                    "texture": "missingtexture"
                },
                "east": {
                    "texture": "missingtexture"
                },
                "north": {
                    "texture": "missingtexture"
                },
                "south": {
                    "texture": "missingtexture"
                }
            }
        },
        {
            "from": [3,14,1],
            "to": [13,17,3],
            "faces": {
                "up": {
                    "texture": "missingtexture"
                },
                "west": {
                    "texture": "missingtexture"
                },
                "east": {
                    "texture": "missingtexture"
                },
                "north": {
                    "texture": "missingtexture"
                },
                "south": {
                    "texture": "missingtexture"
                }
            }
        },
        {
            "from": [13,14,1],
            "to": [15,17,13],
            "faces": {
                "up": {
                    "texture": "missingtexture"
                },
                "west": {
                    "texture": "missingtexture"
                },
                "east": {
                    "texture": "missingtexture"
                },
                "north": {
                    "texture": "missingtexture"
                },
                "south": {
                    "texture": "missingtexture"
                }
            }
        },
        {
            "from": [14,12,0],
            "to": [16,16,14],
            "faces": {
                "up": {
                    "texture": "missingtexture"
                },
                "down": {
                    "texture": "missingtexture"
                },
                "west": {
                    "texture": "missingtexture"
                },
                "east": {
                    "texture": "missingtexture"
                },
                "north": {
                    "texture": "missingtexture"
                },
                "south": {
                    "texture": "missingtexture"
                }
            }
        },
        {
            "from": [2,12,0],
            "to": [14,16,2],
            "faces": {
                "up": {
                    "texture": "missingtexture"
                },
                "down": {
                    "texture": "missingtexture"
                },
                "north": {
                    "texture": "missingtexture"
                },
                "south": {
                    "texture": "missingtexture"
                }
            }
        },
        {
            "from": [2,12,12],
            "to": [14,16,14],
            "faces": {
                "up": {
                    "texture": "missingtexture"
                },
                "down": {
                    "texture": "missingtexture"
                },
                "north": {
                    "texture": "missingtexture"
                },
                "south": {
                    "texture": "missingtexture"
                }
            }
        },
        {
            "from": [3,14,3],
            "to": [13,15,11],
            "faces": {
                "up": {
                    "texture": "missingtexture"
                }
            }
        }
    ]
}