{
    "__createdwith": "opl's Model Creator",
    "ambientocclusion": false,
    "textures": {
        "particle": "blocks/stone",
        "stone": "blocks/stone"
    },
    "elements": [
        {
            "from": [1.5,0,1],
            "to": [4.5,0.25,4.5],
            "faces": {
                "up": {
                    "texture": "#stone"
                },
                "down": {
                    "texture": "#stone"
                },
                "west": {
                    "texture": "#stone"
                },
                "east": {
                    "texture": "#stone"
                },
                "north": {
                    "texture": "#stone"
                },
                "south": {
                    "texture": "#stone"
                }
            }
        },
        {
            "from": [2.5,0,8.75],
            "to": [5.5,0.25,11.25],
            "faces": {
                "up": {
                    "texture": "#stone"
                },
                "down": {
                    "texture": "#stone"
                },
                "west": {
                    "texture": "#stone"
                },
                "east": {
                    "texture": "#stone"
                },
                "north": {
                    "texture": "#stone"
                },
                "south": {
                    "texture": "#stone"
                }
            }
        },
        {
            "from": [12.5,0,0.75],
            "to": [14.5,0.25,3.25],
            "faces": {
                "up": {
                    "texture": "#stone"
                },
                "down": {
                    "texture": "#stone"
                },
                "west": {
                    "texture": "#stone"
                },
                "east": {
                    "texture": "#stone"
                },
                "north": {
                    "texture": "#stone"
                },
                "south": {
                    "texture": "#stone"
                }
            }
        },
        {
            "from": [13.5,0,9.75],
            "to": [15.5,0.25,11.25],
            "faces": {
                "up": {
                    "texture": "#stone"
                },
                "down": {
                    "texture": "#stone"
                },
                "west": {
                    "texture": "#stone"
                },
                "east": {
                    "texture": "#stone"
                },
                "north": {
                    "texture": "#stone"
                },
                "south": {
                    "texture": "#stone"
                }
            }
        }
    ]
}