{
  "variants": {
    "": [
      {
        "model": "minecraft:block/azure_bluet",
        "weight": 32
      },
      {
        "model": "minecraft:block/azure_bluet1",
        "weight": 32
      },
      {
        "model": "minecraft:block/azure_bluet2",
        "weight": 32
      },
      {
        "model": "minecraft:block/azure_bluet_butterfly"
      },
      {
        "model": "minecraft:block/azure_bluet_butterfly",
        "y": 90
      },
      {
        "model": "minecraft:block/azure_bluet_butterfly",
        "y": 180
      },
      {
        "model": "minecraft:block/azure_bluet_butterfly",
        "y": 270
      }
    ]
  }
}