{
  "multipart": [
    {
      "apply": {
        "model": "minecraft:block/iron_bars0"
      }
    },
    {
      "when": {
        "north": "true"
      },
      "apply": {
        "model": "minecraft:block/iron_bars1"
      }
    },
    {
      "when": {
        "east": "true"
      },
      "apply": {
        "model": "minecraft:block/iron_bars1",
        "y": 90
      }
    },
    {
      "when": {
        "south": "true"
      },
      "apply": {
        "model": "minecraft:block/iron_bars1",
        "y": 180
      }
    },
    {
      "when": {
        "west": "true"
      },
      "apply": {
        "model": "minecraft:block/iron_bars1",
        "y": 270
      }
    }
  ]
}