{
    "variants": {
        "powered=false": [
            { "model": "block/stone_pressure_plate" },
            { "model": "block/stone_pressure_plate", "y": 90 },
            { "model": "block/stone_pressure_plate", "y": 180 },
            { "model": "block/stone_pressure_plate", "y": 270 }
        ],
        "powered=true": [
            { "model": "block/stone_pressure_plate_down" },
            { "model": "block/stone_pressure_plate_down", "y": 90 },
            { "model": "block/stone_pressure_plate_down", "y": 180 },
            { "model": "block/stone_pressure_plate_down", "y": 270 }
        ]
    }
}
