{
	"credit": "Created by Stridey",
	"ambientocclusion": false,
	"textures": {
		"particle": "biomesoplenty:block/huge_clover_petal",
		"petal": "biomesoplenty:block/huge_clover_petal",
		"stem": "biomesoplenty:block/huge_clover_stem"
	},
	"elements": [
		{
			"from": [0, 15, 0],
			"to": [16, 15, 16],
			"faces": {
				"up": {"uv": [0, 0, 16, 16], "texture": "#petal" },
				"down": {"uv": [0, 0, 16, 16], "rotation": 270, "texture": "#petal"}
			}
		},
		{
			"from": [0, 0, 8],
			"to": [16, 16, 8],
			"shade": false,
			"rotation": {"angle": -45, "axis": "y", "origin": [8, 8, 8], "rescale": true},
			"faces": {
				"north": {"uv": [0, 16, 16, 0], "rotation": 180, "texture": "#stem"},
				"south": {"uv": [0, 0, 16, 16], "texture": "#stem"}
			}
		}
	]
}