{
	"credit": "Created by Stridey",
	"parent": "block/cube",
	"textures": {
		"0": "biomesoplenty:block/magic_log_top",
		"1": "biomesoplenty:block/magic_log",
		"2": "biomesoplenty:block/magic_log2",
		"particle": "biomesoplenty:block/magic_log"
	},
	"elements": [
		{
			"from": [0, 0, 0],
			"to": [16, 16, 16],
			"faces": {
				"north": {"uv": [0, 0, 16, 16], "texture": "#1", "cullface": "north"},
				"east": {"uv": [0, 0, 16, 16], "texture": "#2", "cullface": "east"},
				"south": {"uv": [0, 0, 16, 16], "texture": "#1", "cullface": "south"},
				"west": {"uv": [0, 0, 16, 16], "texture": "#2", "cullface": "west"},
				"up": {"uv": [0, 0, 16, 16], "texture": "#0", "cullface": "up"},
				"down": {"uv": [0, 0, 16, 16], "texture": "#0", "cullface": "down"}
			}
		}
	],
	"display": {}
}