{"variants":{"":[{"model":"biomesoplenty:block/dried_salt"},{"model":"biomesoplenty:block/dried_salt","x":90},{"model":"biomesoplenty:block/dried_salt","x":180},{"model":"biomesoplenty:block/dried_salt","x":270},{"model":"biomesoplenty:block/dried_salt","y":90},{"model":"biomesoplenty:block/dried_salt","y":90,"x":90},{"model":"biomesoplenty:block/dried_salt","y":90,"x":180},{"model":"biomesoplenty:block/dried_salt","y":90,"x":270},{"model":"biomesoplenty:block/dried_salt","y":180},{"model":"biomesoplenty:block/dried_salt","y":180,"x":90},{"model":"biomesoplenty:block/dried_salt","y":180,"x":180},{"model":"biomesoplenty:block/dried_salt","y":180,"x":270},{"model":"biomesoplenty:block/dried_salt","y":270},{"model":"biomesoplenty:block/dried_salt","y":270,"x":90},{"model":"biomesoplenty:block/dried_salt","y":270,"x":180},{"model":"biomesoplenty:block/dried_salt","y":270,"x":270}]}}