{
    "variants": {
        "": [
            { "model": "biomesoplenty:block/flesh" },
            { "model": "biomesoplenty:block/flesh", "x": 90 },
            { "model": "biomesoplenty:block/flesh", "x": 180 },
            { "model": "biomesoplenty:block/flesh", "x": 270 },
            { "model": "biomesoplenty:block/flesh", "y": 90 },
            { "model": "biomesoplenty:block/flesh", "y": 90, "x": 90 },
            { "model": "biomesoplenty:block/flesh", "y": 90, "x": 180 },
            { "model": "biomesoplenty:block/flesh", "y": 90, "x": 270 },
            { "model": "biomesoplenty:block/flesh", "y": 180 },
            { "model": "biomesoplenty:block/flesh", "y": 180, "x": 90 },
            { "model": "biomesoplenty:block/flesh", "y": 180, "x": 180 },
            { "model": "biomesoplenty:block/flesh", "y": 180, "x": 270 },
            { "model": "biomesoplenty:block/flesh", "y": 270 },
            { "model": "biomesoplenty:block/flesh", "y": 270, "x": 90 },
            { "model": "biomesoplenty:block/flesh", "y": 270, "x": 180 },
            { "model": "biomesoplenty:block/flesh", "y": 270, "x": 270 },
			
			{ "model": "biomesoplenty:block/flesh2" },
            { "model": "biomesoplenty:block/flesh2", "x": 90 },
            { "model": "biomesoplenty:block/flesh2", "x": 180 },
            { "model": "biomesoplenty:block/flesh2", "x": 270 },
            { "model": "biomesoplenty:block/flesh2", "y": 90 },
            { "model": "biomesoplenty:block/flesh2", "y": 90, "x": 90 },
            { "model": "biomesoplenty:block/flesh2", "y": 90, "x": 180 },
            { "model": "biomesoplenty:block/flesh2", "y": 90, "x": 270 },
            { "model": "biomesoplenty:block/flesh2", "y": 180 },
            { "model": "biomesoplenty:block/flesh2", "y": 180, "x": 90 },
            { "model": "biomesoplenty:block/flesh2", "y": 180, "x": 180 },
            { "model": "biomesoplenty:block/flesh2", "y": 180, "x": 270 },
            { "model": "biomesoplenty:block/flesh2", "y": 270 },
            { "model": "biomesoplenty:block/flesh2", "y": 270, "x": 90 },
            { "model": "biomesoplenty:block/flesh2", "y": 270, "x": 180 },
            { "model": "biomesoplenty:block/flesh2", "y": 270, "x": 270 },
			
			{ "model": "biomesoplenty:block/flesh3" },
            { "model": "biomesoplenty:block/flesh3", "x": 90 },
            { "model": "biomesoplenty:block/flesh3", "x": 180 },
            { "model": "biomesoplenty:block/flesh3", "x": 270 },
            { "model": "biomesoplenty:block/flesh3", "y": 90 },
            { "model": "biomesoplenty:block/flesh3", "y": 90, "x": 90 },
            { "model": "biomesoplenty:block/flesh3", "y": 90, "x": 180 },
            { "model": "biomesoplenty:block/flesh3", "y": 90, "x": 270 },
            { "model": "biomesoplenty:block/flesh3", "y": 180 },
            { "model": "biomesoplenty:block/flesh3", "y": 180, "x": 90 },
            { "model": "biomesoplenty:block/flesh3", "y": 180, "x": 180 },
            { "model": "biomesoplenty:block/flesh3", "y": 180, "x": 270 },
            { "model": "biomesoplenty:block/flesh3", "y": 270 },
            { "model": "biomesoplenty:block/flesh3", "y": 270, "x": 90 },
            { "model": "biomesoplenty:block/flesh3", "y": 270, "x": 180 },
            { "model": "biomesoplenty:block/flesh3", "y": 270, "x": 270 },
			
			{ "model": "biomesoplenty:block/flesh4" },
            { "model": "biomesoplenty:block/flesh4", "x": 90 },
            { "model": "biomesoplenty:block/flesh4", "x": 180 },
            { "model": "biomesoplenty:block/flesh4", "x": 270 },
            { "model": "biomesoplenty:block/flesh4", "y": 90 },
            { "model": "biomesoplenty:block/flesh4", "y": 90, "x": 90 },
            { "model": "biomesoplenty:block/flesh4", "y": 90, "x": 180 },
            { "model": "biomesoplenty:block/flesh4", "y": 90, "x": 270 },
            { "model": "biomesoplenty:block/flesh4", "y": 180 },
            { "model": "biomesoplenty:block/flesh4", "y": 180, "x": 90 },
            { "model": "biomesoplenty:block/flesh4", "y": 180, "x": 180 },
            { "model": "biomesoplenty:block/flesh4", "y": 180, "x": 270 },
            { "model": "biomesoplenty:block/flesh4", "y": 270 },
            { "model": "biomesoplenty:block/flesh4", "y": 270, "x": 90 },
            { "model": "biomesoplenty:block/flesh4", "y": 270, "x": 180 },
            { "model": "biomesoplenty:block/flesh4", "y": 270, "x": 270 }
        ]
    }
}