{"variants":{"":[{"model":"biomesoplenty:block/maple_leaves"},{"model":"biomesoplenty:block/maple_leaves","x":90},{"model":"biomesoplenty:block/maple_leaves","x":180},{"model":"biomesoplenty:block/maple_leaves","x":270},{"model":"biomesoplenty:block/maple_leaves","y":90},{"model":"biomesoplenty:block/maple_leaves","y":90,"x":90},{"model":"biomesoplenty:block/maple_leaves","y":90,"x":180},{"model":"biomesoplenty:block/maple_leaves","y":90,"x":270},{"model":"biomesoplenty:block/maple_leaves","y":180},{"model":"biomesoplenty:block/maple_leaves","y":180,"x":90},{"model":"biomesoplenty:block/maple_leaves","y":180,"x":180},{"model":"biomesoplenty:block/maple_leaves","y":180,"x":270},{"model":"biomesoplenty:block/maple_leaves","y":270},{"model":"biomesoplenty:block/maple_leaves","y":270,"x":90},{"model":"biomesoplenty:block/maple_leaves","y":270,"x":180},{"model":"biomesoplenty:block/maple_leaves","y":270,"x":270}]}}