{"variants":{"":[{"model":"biomesoplenty:block/orange_autumn_leaves"},{"model":"biomesoplenty:block/orange_autumn_leaves","x":90},{"model":"biomesoplenty:block/orange_autumn_leaves","x":180},{"model":"biomesoplenty:block/orange_autumn_leaves","x":270},{"model":"biomesoplenty:block/orange_autumn_leaves","y":90},{"model":"biomesoplenty:block/orange_autumn_leaves","y":90,"x":90},{"model":"biomesoplenty:block/orange_autumn_leaves","y":90,"x":180},{"model":"biomesoplenty:block/orange_autumn_leaves","y":90,"x":270},{"model":"biomesoplenty:block/orange_autumn_leaves","y":180},{"model":"biomesoplenty:block/orange_autumn_leaves","y":180,"x":90},{"model":"biomesoplenty:block/orange_autumn_leaves","y":180,"x":180},{"model":"biomesoplenty:block/orange_autumn_leaves","y":180,"x":270},{"model":"biomesoplenty:block/orange_autumn_leaves","y":270},{"model":"biomesoplenty:block/orange_autumn_leaves","y":270,"x":90},{"model":"biomesoplenty:block/orange_autumn_leaves","y":270,"x":180},{"model":"biomesoplenty:block/orange_autumn_leaves","y":270,"x":270}]}}