{
    "variants": {
        "": [
            { "model": "biomesoplenty:block/rainbow_birch_leaves_blue" },
            { "model": "biomesoplenty:block/rainbow_birch_leaves_blue", "x": 90 },
            { "model": "biomesoplenty:block/rainbow_birch_leaves_blue", "x": 180 },
            { "model": "biomesoplenty:block/rainbow_birch_leaves_blue", "x": 270 },
            { "model": "biomesoplenty:block/rainbow_birch_leaves_blue", "y": 90 },
            { "model": "biomesoplenty:block/rainbow_birch_leaves_blue", "y": 90, "x": 90 },
            { "model": "biomesoplenty:block/rainbow_birch_leaves_blue", "y": 90, "x": 180 },
            { "model": "biomesoplenty:block/rainbow_birch_leaves_blue", "y": 90, "x": 270 },
            { "model": "biomesoplenty:block/rainbow_birch_leaves_blue", "y": 180 },
            { "model": "biomesoplenty:block/rainbow_birch_leaves_blue", "y": 180, "x": 90 },
            { "model": "biomesoplenty:block/rainbow_birch_leaves_blue", "y": 180, "x": 180 },
            { "model": "biomesoplenty:block/rainbow_birch_leaves_blue", "y": 180, "x": 270 },
            { "model": "biomesoplenty:block/rainbow_birch_leaves_blue", "y": 270 },
            { "model": "biomesoplenty:block/rainbow_birch_leaves_blue", "y": 270, "x": 90 },
            { "model": "biomesoplenty:block/rainbow_birch_leaves_blue", "y": 270, "x": 180 },
            { "model": "biomesoplenty:block/rainbow_birch_leaves_blue", "y": 270, "x": 270 },
			
			{ "model": "biomesoplenty:block/rainbow_birch_leaves_green" },
            { "model": "biomesoplenty:block/rainbow_birch_leaves_green", "x": 90 },
            { "model": "biomesoplenty:block/rainbow_birch_leaves_green", "x": 180 },
            { "model": "biomesoplenty:block/rainbow_birch_leaves_green", "x": 270 },
            { "model": "biomesoplenty:block/rainbow_birch_leaves_green", "y": 90 },
            { "model": "biomesoplenty:block/rainbow_birch_leaves_green", "y": 90, "x": 90 },
            { "model": "biomesoplenty:block/rainbow_birch_leaves_green", "y": 90, "x": 180 },
            { "model": "biomesoplenty:block/rainbow_birch_leaves_green", "y": 90, "x": 270 },
            { "model": "biomesoplenty:block/rainbow_birch_leaves_green", "y": 180 },
            { "model": "biomesoplenty:block/rainbow_birch_leaves_green", "y": 180, "x": 90 },
            { "model": "biomesoplenty:block/rainbow_birch_leaves_green", "y": 180, "x": 180 },
            { "model": "biomesoplenty:block/rainbow_birch_leaves_green", "y": 180, "x": 270 },
            { "model": "biomesoplenty:block/rainbow_birch_leaves_green", "y": 270 },
            { "model": "biomesoplenty:block/rainbow_birch_leaves_green", "y": 270, "x": 90 },
            { "model": "biomesoplenty:block/rainbow_birch_leaves_green", "y": 270, "x": 180 },
            { "model": "biomesoplenty:block/rainbow_birch_leaves_green", "y": 270, "x": 270 },
			
			{ "model": "biomesoplenty:block/rainbow_birch_leaves_light_blue" },
            { "model": "biomesoplenty:block/rainbow_birch_leaves_light_blue", "x": 90 },
            { "model": "biomesoplenty:block/rainbow_birch_leaves_light_blue", "x": 180 },
            { "model": "biomesoplenty:block/rainbow_birch_leaves_light_blue", "x": 270 },
            { "model": "biomesoplenty:block/rainbow_birch_leaves_light_blue", "y": 90 },
            { "model": "biomesoplenty:block/rainbow_birch_leaves_light_blue", "y": 90, "x": 90 },
            { "model": "biomesoplenty:block/rainbow_birch_leaves_light_blue", "y": 90, "x": 180 },
            { "model": "biomesoplenty:block/rainbow_birch_leaves_light_blue", "y": 90, "x": 270 },
            { "model": "biomesoplenty:block/rainbow_birch_leaves_light_blue", "y": 180 },
            { "model": "biomesoplenty:block/rainbow_birch_leaves_light_blue", "y": 180, "x": 90 },
            { "model": "biomesoplenty:block/rainbow_birch_leaves_light_blue", "y": 180, "x": 180 },
            { "model": "biomesoplenty:block/rainbow_birch_leaves_light_blue", "y": 180, "x": 270 },
            { "model": "biomesoplenty:block/rainbow_birch_leaves_light_blue", "y": 270 },
            { "model": "biomesoplenty:block/rainbow_birch_leaves_light_blue", "y": 270, "x": 90 },
            { "model": "biomesoplenty:block/rainbow_birch_leaves_light_blue", "y": 270, "x": 180 },
            { "model": "biomesoplenty:block/rainbow_birch_leaves_light_blue", "y": 270, "x": 270 },
			
			{ "model": "biomesoplenty:block/rainbow_birch_leaves_lime" },
            { "model": "biomesoplenty:block/rainbow_birch_leaves_lime", "x": 90 },
            { "model": "biomesoplenty:block/rainbow_birch_leaves_lime", "x": 180 },
            { "model": "biomesoplenty:block/rainbow_birch_leaves_lime", "x": 270 },
            { "model": "biomesoplenty:block/rainbow_birch_leaves_lime", "y": 90 },
            { "model": "biomesoplenty:block/rainbow_birch_leaves_lime", "y": 90, "x": 90 },
            { "model": "biomesoplenty:block/rainbow_birch_leaves_lime", "y": 90, "x": 180 },
            { "model": "biomesoplenty:block/rainbow_birch_leaves_lime", "y": 90, "x": 270 },
            { "model": "biomesoplenty:block/rainbow_birch_leaves_lime", "y": 180 },
            { "model": "biomesoplenty:block/rainbow_birch_leaves_lime", "y": 180, "x": 90 },
            { "model": "biomesoplenty:block/rainbow_birch_leaves_lime", "y": 180, "x": 180 },
            { "model": "biomesoplenty:block/rainbow_birch_leaves_lime", "y": 180, "x": 270 },
            { "model": "biomesoplenty:block/rainbow_birch_leaves_lime", "y": 270 },
            { "model": "biomesoplenty:block/rainbow_birch_leaves_lime", "y": 270, "x": 90 },
            { "model": "biomesoplenty:block/rainbow_birch_leaves_lime", "y": 270, "x": 180 },
            { "model": "biomesoplenty:block/rainbow_birch_leaves_lime", "y": 270, "x": 270 },
			
			{ "model": "biomesoplenty:block/rainbow_birch_leaves_orange" },
            { "model": "biomesoplenty:block/rainbow_birch_leaves_orange", "x": 90 },
            { "model": "biomesoplenty:block/rainbow_birch_leaves_orange", "x": 180 },
            { "model": "biomesoplenty:block/rainbow_birch_leaves_orange", "x": 270 },
            { "model": "biomesoplenty:block/rainbow_birch_leaves_orange", "y": 90 },
            { "model": "biomesoplenty:block/rainbow_birch_leaves_orange", "y": 90, "x": 90 },
            { "model": "biomesoplenty:block/rainbow_birch_leaves_orange", "y": 90, "x": 180 },
            { "model": "biomesoplenty:block/rainbow_birch_leaves_orange", "y": 90, "x": 270 },
            { "model": "biomesoplenty:block/rainbow_birch_leaves_orange", "y": 180 },
            { "model": "biomesoplenty:block/rainbow_birch_leaves_orange", "y": 180, "x": 90 },
            { "model": "biomesoplenty:block/rainbow_birch_leaves_orange", "y": 180, "x": 180 },
            { "model": "biomesoplenty:block/rainbow_birch_leaves_orange", "y": 180, "x": 270 },
            { "model": "biomesoplenty:block/rainbow_birch_leaves_orange", "y": 270 },
            { "model": "biomesoplenty:block/rainbow_birch_leaves_orange", "y": 270, "x": 90 },
            { "model": "biomesoplenty:block/rainbow_birch_leaves_orange", "y": 270, "x": 180 },
            { "model": "biomesoplenty:block/rainbow_birch_leaves_orange", "y": 270, "x": 270 },
			
			{ "model": "biomesoplenty:block/rainbow_birch_leaves_purple" },
            { "model": "biomesoplenty:block/rainbow_birch_leaves_purple", "x": 90 },
            { "model": "biomesoplenty:block/rainbow_birch_leaves_purple", "x": 180 },
            { "model": "biomesoplenty:block/rainbow_birch_leaves_purple", "x": 270 },
            { "model": "biomesoplenty:block/rainbow_birch_leaves_purple", "y": 90 },
            { "model": "biomesoplenty:block/rainbow_birch_leaves_purple", "y": 90, "x": 90 },
            { "model": "biomesoplenty:block/rainbow_birch_leaves_purple", "y": 90, "x": 180 },
            { "model": "biomesoplenty:block/rainbow_birch_leaves_purple", "y": 90, "x": 270 },
            { "model": "biomesoplenty:block/rainbow_birch_leaves_purple", "y": 180 },
            { "model": "biomesoplenty:block/rainbow_birch_leaves_purple", "y": 180, "x": 90 },
            { "model": "biomesoplenty:block/rainbow_birch_leaves_purple", "y": 180, "x": 180 },
            { "model": "biomesoplenty:block/rainbow_birch_leaves_purple", "y": 180, "x": 270 },
            { "model": "biomesoplenty:block/rainbow_birch_leaves_purple", "y": 270 },
            { "model": "biomesoplenty:block/rainbow_birch_leaves_purple", "y": 270, "x": 90 },
            { "model": "biomesoplenty:block/rainbow_birch_leaves_purple", "y": 270, "x": 180 },
            { "model": "biomesoplenty:block/rainbow_birch_leaves_purple", "y": 270, "x": 270 },
			
			{ "model": "biomesoplenty:block/rainbow_birch_leaves_red" },
            { "model": "biomesoplenty:block/rainbow_birch_leaves_red", "x": 90 },
            { "model": "biomesoplenty:block/rainbow_birch_leaves_red", "x": 180 },
            { "model": "biomesoplenty:block/rainbow_birch_leaves_red", "x": 270 },
            { "model": "biomesoplenty:block/rainbow_birch_leaves_red", "y": 90 },
            { "model": "biomesoplenty:block/rainbow_birch_leaves_red", "y": 90, "x": 90 },
            { "model": "biomesoplenty:block/rainbow_birch_leaves_red", "y": 90, "x": 180 },
            { "model": "biomesoplenty:block/rainbow_birch_leaves_red", "y": 90, "x": 270 },
            { "model": "biomesoplenty:block/rainbow_birch_leaves_red", "y": 180 },
            { "model": "biomesoplenty:block/rainbow_birch_leaves_red", "y": 180, "x": 90 },
            { "model": "biomesoplenty:block/rainbow_birch_leaves_red", "y": 180, "x": 180 },
            { "model": "biomesoplenty:block/rainbow_birch_leaves_red", "y": 180, "x": 270 },
            { "model": "biomesoplenty:block/rainbow_birch_leaves_red", "y": 270 },
            { "model": "biomesoplenty:block/rainbow_birch_leaves_red", "y": 270, "x": 90 },
            { "model": "biomesoplenty:block/rainbow_birch_leaves_red", "y": 270, "x": 180 },
            { "model": "biomesoplenty:block/rainbow_birch_leaves_red", "y": 270, "x": 270 },
			
			{ "model": "biomesoplenty:block/rainbow_birch_leaves_yellow" },
            { "model": "biomesoplenty:block/rainbow_birch_leaves_yellow", "x": 90 },
            { "model": "biomesoplenty:block/rainbow_birch_leaves_yellow", "x": 180 },
            { "model": "biomesoplenty:block/rainbow_birch_leaves_yellow", "x": 270 },
            { "model": "biomesoplenty:block/rainbow_birch_leaves_yellow", "y": 90 },
            { "model": "biomesoplenty:block/rainbow_birch_leaves_yellow", "y": 90, "x": 90 },
            { "model": "biomesoplenty:block/rainbow_birch_leaves_yellow", "y": 90, "x": 180 },
            { "model": "biomesoplenty:block/rainbow_birch_leaves_yellow", "y": 90, "x": 270 },
            { "model": "biomesoplenty:block/rainbow_birch_leaves_yellow", "y": 180 },
            { "model": "biomesoplenty:block/rainbow_birch_leaves_yellow", "y": 180, "x": 90 },
            { "model": "biomesoplenty:block/rainbow_birch_leaves_yellow", "y": 180, "x": 180 },
            { "model": "biomesoplenty:block/rainbow_birch_leaves_yellow", "y": 180, "x": 270 },
            { "model": "biomesoplenty:block/rainbow_birch_leaves_yellow", "y": 270 },
            { "model": "biomesoplenty:block/rainbow_birch_leaves_yellow", "y": 270, "x": 90 },
            { "model": "biomesoplenty:block/rainbow_birch_leaves_yellow", "y": 270, "x": 180 },
            { "model": "biomesoplenty:block/rainbow_birch_leaves_yellow", "y": 270, "x": 270 }
        ]
    }
}