{
    "__createdwith": "opl's Model Creator",
    "ambientocclusion": false,
    "textures": {
        "normal_torch": "blocks/normal_torch",
        "particle": "blocks/normal_torch"
    },
    "elements": [
        {
            "from": [7,0.75,7],
            "to": [9,9,9],
            "faces": {
                "down": {
                    "uv": [7.0,13.0,9.0,15.0],
                    "texture": "missingtexture"
                }
            }
        },
        {
            "from": [5.5,0.75,5.5],
            "to": [5.75,11.5,10.5],
            "faces": {
                "up": {
                    "uv": [0,5.25,5,5.5],
                    "texture": "#normal_torch"
                },
                "west": {
                    "uv": [0,5.25,5,16],
                    "texture": "#normal_torch"
                },
                "east": {
                    "uv": [0,5.25,5,16],
                    "texture": "#normal_torch"
                },
                "north": {
                    "uv": [4.75,5.25,5,16],
                    "texture": "#normal_torch"
                },
                "south": {
                    "uv": [0,5.25,0.25,16],
                    "texture": "#normal_torch"
                }
            }
        },
        {
            "from": [5.75,0.75,10.25],
            "to": [10.25,11.5,10.5],
            "faces": {
                "up": {
                    "uv": [0.25,5.25,4.75,5.5],
                    "texture": "#normal_torch"
                },
                "north": {
                    "uv": [0.25,5.25,4.75,16],
                    "texture": "#normal_torch"
                },
                "south": {
                    "uv": [0.25,5.25,4.75,16],
                    "texture": "#normal_torch"
                }
            }
        },
        {
            "from": [5.5,0,5.5],
            "to": [10.5,0.5,10.5],
            "faces": {
                "up": {
                    "texture": "missingtexture"
                },
                "down": {
                    "uv": [9,9,14,14],
                    "texture": "#normal_torch"
                },
                "west": {
                    "uv": [9,15.5,14,16],
                    "texture": "#normal_torch"
                },
                "east": {
                    "uv": [8.875,15.5,13.875,16],
                    "texture": "#normal_torch"
                },
                "north": {
                    "uv": [9,15.5,14,16],
                    "texture": "#normal_torch"
                },
                "south": {
                    "uv": [9,15.5,14,16],
                    "texture": "#normal_torch"
                }
            }
        },
        {
            "from": [5.75,0.75,5.5],
            "to": [10.25,11.5,5.75],
            "faces": {
                "up": {
                    "uv": [0.25,5.25,4.75,5.5],
                    "texture": "#normal_torch"
                },
                "north": {
                    "uv": [0.25,5.25,4.75,16],
                    "texture": "#normal_torch"
                },
                "south": {
                    "uv": [0.25,5.25,4.75,16],
                    "texture": "#normal_torch"
                }
            }
        },
        {
            "from": [10.25,0.75,5.5],
            "to": [10.5,11.5,10.5],
            "faces": {
                "up": {
                    "uv": [0,5.25,5,5.5],
                    "texture": "#normal_torch"
                },
                "west": {
                    "uv": [0,5.25,5,16],
                    "texture": "#normal_torch"
                },
                "east": {
                    "uv": [0,5.25,5,16],
                    "texture": "#normal_torch"
                },
                "north": {
                    "uv": [0,5.25,0.25,16],
                    "texture": "#normal_torch"
                },
                "south": {
                    "uv": [4.75,5.25,5,16],
                    "texture": "#normal_torch"
                }
            }
        },
        {
            "from": [4.5,0.25,4.5],
            "to": [11.5,0.75,11.5],
            "faces": {
                "up": {
                    "uv": [8,8,15,15],
                    "texture": "#normal_torch"
                },
                "down": {
                    "uv": [8,8,15,15],
                    "texture": "#normal_torch"
                },
                "west": {
                    "uv": [8,15.25,15,15.75],
                    "texture": "#normal_torch"
                },
                "east": {
                    "uv": [8,15.25,15,15.75],
                    "texture": "#normal_torch"
                },
                "north": {
                    "uv": [8,15.25,15,15.75],
                    "texture": "#normal_torch"
                },
                "south": {
                    "uv": [8,15.25,15,15.75],
                    "texture": "#normal_torch"
                }
            }
        },
        {
            "from": [11.25,0.5,3.75],
            "to": [12.25,1,12.25],
            "faces": {
                "up": {
                    "uv": [14.75,7.25,15.75,15.75],
                    "texture": "#normal_torch"
                },
                "down": {
                    "uv": [7.25,7.25,8.25,15.75],
                    "texture": "#normal_torch"
                },
                "west": {
                    "uv": [7.25,15.25,15.75,15.75],
                    "texture": "#normal_torch"
                },
                "east": {
                    "uv": [7.25,15,15.75,15.5],
                    "texture": "#normal_torch"
                },
                "north": {
                    "uv": [7.25,15,8.25,15.5],
                    "texture": "#normal_torch"
                },
                "south": {
                    "uv": [14.75,15,15.75,15.5],
                    "texture": "#normal_torch"
                }
            }
        },
        {
            "from": [12,0.75,3.5],
            "to": [12.5,1.25,12.5],
            "faces": {
                "up": {
                    "uv": [15.5,7,16,16],
                    "texture": "#normal_torch"
                },
                "down": {
                    "uv": [7,7,7.5,16],
                    "texture": "#normal_torch"
                },
                "west": {
                    "uv": [7,15,16,15.5],
                    "texture": "#normal_torch"
                },
                "east": {
                    "uv": [7,14.75,16,15.25],
                    "texture": "#normal_torch"
                },
                "north": {
                    "uv": [7,14.75,7.5,15.25],
                    "texture": "#normal_torch"
                },
                "south": {
                    "uv": [15.5,14.75,16,15.25],
                    "texture": "#normal_torch"
                }
            }
        },
        {
            "from": [3.5,0.75,3.5],
            "to": [4,1.25,12.5],
            "faces": {
                "up": {
                    "uv": [15.5,7,16,16],
                    "texture": "#normal_torch"
                },
                "down": {
                    "uv": [15.5,7,16,16],
                    "texture": "#normal_torch"
                },
                "west": {
                    "uv": [7,14.75,16,15.25],
                    "texture": "#normal_torch"
                },
                "east": {
                    "uv": [7,15,16,15.5],
                    "texture": "#normal_torch"
                },
                "north": {
                    "uv": [15.5,15.5,16,16],
                    "texture": "#normal_torch"
                },
                "south": {
                    "uv": [7,14.75,7.5,15.25],
                    "texture": "#normal_torch"
                }
            }
        },
        {
            "from": [3.75,0.5,3.75],
            "to": [4.75,1,12.25],
            "faces": {
                "up": {
                    "uv": [7.25,7.25,8.25,15.75],
                    "texture": "#normal_torch"
                },
                "down": {
                    "uv": [14.75,7.25,15.75,15.75],
                    "texture": "#normal_torch"
                },
                "west": {
                    "uv": [7.25,15,15.75,15.5],
                    "texture": "#normal_torch"
                },
                "east": {
                    "uv": [7.25,15.25,15.75,15.75],
                    "texture": "#normal_torch"
                },
                "north": {
                    "uv": [14.75,15,15.75,15.5],
                    "texture": "#normal_torch"
                },
                "south": {
                    "uv": [7.25,15,8.25,15.5],
                    "texture": "#normal_torch"
                }
            }
        },
        {
            "from": [4.75,0.5,11.25],
            "to": [11.25,1,12.25],
            "faces": {
                "up": {
                    "uv": [8.25,14.75,14.75,15.75],
                    "texture": "#normal_torch"
                },
                "down": {
                    "uv": [8.25,14.75,14.75,15.75],
                    "texture": "#normal_torch"
                },
                "north": {
                    "uv": [8.25,15.25,14.75,15.75],
                    "texture": "#normal_torch"
                },
                "south": {
                    "uv": [8.25,15,14.75,15.5],
                    "texture": "#normal_torch"
                }
            }
        },
        {
            "from": [4.75,0.5,3.75],
            "to": [11.25,1,4.75],
            "faces": {
                "up": {
                    "uv": [8.25,7.25,14.75,8.25],
                    "texture": "#normal_torch"
                },
                "down": {
                    "uv": [8.25,7.25,14.75,8.25],
                    "texture": "#normal_torch"
                },
                "north": {
                    "uv": [8.25,15,14.75,15.5],
                    "texture": "#normal_torch"
                },
                "south": {
                    "uv": [8.25,15.25,14.75,15.75],
                    "texture": "#normal_torch"
                }
            }
        },
        {
            "from": [4,0.75,12],
            "to": [12,1.25,12.5],
            "faces": {
                "up": {
                    "uv": [7.5,15.5,15.5,16],
                    "texture": "#normal_torch"
                },
                "down": {
                    "uv": [7.5,15.5,15.5,16],
                    "texture": "#normal_torch"
                },
                "west": {
                    "texture": "missingtexture"
                },
                "east": {
                    "texture": "missingtexture"
                },
                "north": {
                    "uv": [7.5,15,15.5,15.5],
                    "texture": "#normal_torch"
                },
                "south": {
                    "uv": [7.5,14.75,15.5,15.25],
                    "texture": "#normal_torch"
                }
            }
        },
        {
            "from": [4,0.75,3.5],
            "to": [12,1.25,4],
            "faces": {
                "up": {
                    "uv": [7.5,7,15.5,7.5],
                    "texture": "#normal_torch"
                },
                "down": {
                    "uv": [7.5,7,15.5,7.5],
                    "texture": "#normal_torch"
                },
                "west": {
                    "texture": "missingtexture"
                },
                "east": {
                    "texture": "missingtexture"
                },
                "north": {
                    "uv": [7.5,15.5,15.5,16],
                    "texture": "#normal_torch"
                },
                "south": {
                    "uv": [7.5,15.25,15.5,15.75],
                    "texture": "#normal_torch"
                }
            }
        }
    ],
	
	"display": {
		"thirdperson_righthand": {
			"rotation": [ 90, 90, -90 ],
			"translation": [ 0, 5, 0 ],
			"scale": [ 0.55, 0.55, 0.55 ]
		},
		"thirdperson_lefthand": {
			"rotation": [ 90, 90, -90 ],
			"translation": [ 0, 5, 0 ],
			"scale": [ 0.55, 0.55, 0.55 ]
		},
		"firstperson_righthand": {
			"rotation": [ -10, -10, 0 ],
			"translation": [ 0, 2.5, 0 ],
			"scale": [ 0.6, 0.65, 0.6 ]
		},
		"firstperson_righthand": {
			"rotation": [ -10, -10, 0 ],
			"translation": [ 0, 2.5, 0 ],
			"scale": [ 0.5, 0.65, 0.5 ]
		},
		"head": {
			"rotation": [ 0, 0, -135 ],
			"translation": [ -3.5, -4.5, 2.5 ],
			"scale": [ 1, 1, 1 ]
		},
		"ground": {
			"rotation": [ 0, 0, 0 ],
			"translation": [ 0, 5, 0 ],
			"scale": [ 0.6, 0.6, 0.6 ]
		},
		"fixed": {
			"rotation": [ 0, 0, 0 ],
			"translation": [ 0, 1.5, 0 ],
			"scale": [ 0.9, 0.9, 0.9 ]
		},
		"gui": {
			"rotation": [ 30, 45, 0 ],
			"translation": [ 0, 0, 0 ],
			"scale": [ 1, 1.05, 1 ]
		}
	}

}