{
    "__createdwith": "opl's Model Creator",
    "ambientocclusion": false,
	
	"display": {
		"thirdperson_righthand": {
			"rotation": [ 0, 0, 0 ],
			"translation": [ 0, 2, -0.5 ],
			"scale": [ 0.4, 0.4, 0.4 ]
		},
		"thirdperson_lefthand": {
			"rotation": [ 0, 0, 0 ],
			"translation": [ 0, 2, -0.5 ],
			"scale": [ 0.4, 0.4, 0.4 ]
		},
		"firstperson_righthand": {
			"rotation": [ -10, -30, 10 ],
			"translation": [ 2.5, 3, 0 ],
			"scale": [ 0.35, 0.35, 0.35 ]
		},
		"firstperson_lefthand": {
			"rotation": [ -10, -30, 10 ],
			"translation": [ 2.5, 3, 0 ],
			"scale": [ 0.35, 0.35, 0.35 ]
		},
		"ground": {
			"rotation": [ 0, 0, 0 ],
			"translation": [ 0, 2.5, 0 ],
			"scale": [ 0.5, 0.5, 0.5 ]
		},
		"fixed": {
			"rotation": [ 0, 0, 0 ],
			"translation": [ 0, 0, 0 ],
			"scale": [ 0.9, 0.9, 0.9 ]
		},
		"gui": {
			"rotation": [ 0, 0, 0 ],
			"translation": [ 0, 0, 0 ],
			"scale": [ 1, 1, 1 ]
		}
	},
	
    "textures": {
        "totem_head": "item/totem_head",
        "totem_body": "item/totem_body"
    },
    "elements": [
        {
            "from": [5.5,1,5.5],
            "to": [10.5,3,10.5],
            "faces": {
                "down": {
                    "uv": [11,9,16,14],
                    "texture": "#totem_body"
                },
                "west": {
                    "uv": [11,14,16,16],
                    "texture": "#totem_body"
                },
                "east": {
                    "uv": [11,14,16,16],
                    "texture": "#totem_body"
                },
                "north": {
                    "uv": [6,14,11,16],
                    "texture": "#totem_body"
                },
                "south": {
                    "uv": [6,14,11,16],
                    "texture": "#totem_body"
                }
            }
        },
        {
            "from": [4.5,3,4.5],
            "to": [11.5,6.5,11.5],
            "faces": {
                "down": {
                    "uv": [0,3.5,7,10.5],
                    "texture": "#totem_body"
                },
                "west": {
                    "uv": [7,0,14,3.5],
                    "texture": "#totem_body"
                },
                "east": {
                    "uv": [7,0,14,3.5],
                    "texture": "#totem_body"
                },
                "north": {
                    "uv": [0,0,7,3.5],
                    "texture": "#totem_body"
                },
                "south": {
                    "uv": [0,0,7,3.5],
                    "texture": "#totem_body"
                }
            }
        },
        {
            "from": [4,6.5,4],
            "to": [12,14.5,12],
            "faces": {
                "up": {
                    "uv": [0,0,8,8],
                    "texture": "#totem_head"
                },
                "down": {
                    "uv": [8,0,16,8],
                    "texture": "#totem_head"
                },
                "west": {
                    "uv": [8,8,16,16],
                    "texture": "#totem_head"
                },
                "east": {
                    "uv": [8,8,16,16],
                    "texture": "#totem_head"
                },
                "north": {
                    "uv": [0,8,8,16],
                    "texture": "#totem_head"
                },
                "south": {
                    "uv": [0,8,8,16],
                    "texture": "#totem_head"
                }
            }
        },
        {
            "from": [7,6,3],
            "to": [9,9,4],
            "faces": {
                "up": {
                    "uv": [14,3.75,16,4.75],
                    "texture": "#totem_body"
                },
                "down": {
                    "uv": [14,7.75,16,8.75],
                    "texture": "#totem_body"
                },
                "west": {
                    "uv": [13,4.75,14,7.75],
                    "texture": "#totem_body"
                },
                "east": {
                    "uv": [13,4.75,14,7.75],
                    "texture": "#totem_body"
                },
                "north": {
                    "uv": [14,4.75,16,7.75],
                    "texture": "#totem_body"
                },
                "south": {
                    "uv": [14,4.75,16,7.75],
                    "texture": "#totem_body"
                }
            }
        },
        {
            "from": [1,4.5,8],
            "to": [5,7.5,8],
            "faces": {
                "north": {
                    "uv": [6,10.75,10,13.75],
                    "texture": "#totem_body"
                },
                "south": {
                    "uv": [1,10.75,5,13.75],
                    "texture": "#totem_body"
                }
            }
        },
        {
            "from": [11,4.5,8],
            "to": [15,7.5,8],
            "faces": {
                "north": {
                    "uv": [1,10.75,5,13.75],
                    "texture": "#totem_body"
                },
                "south": {
                    "uv": [6,10.75,10,13.75],
                    "texture": "#totem_body"
                }
            }
        },
        {
            "from": [7,6,12],
            "to": [9,9,13],
            "faces": {
                "up": {
                    "uv": [14,3.75,16,4.75],
                    "texture": "#totem_body"
                },
                "down": {
                    "uv": [14,7.75,16,8.75],
                    "texture": "#totem_body"
                },
                "west": {
                    "uv": [13,4.75,14,7.75],
                    "texture": "#totem_body"
                },
                "east": {
                    "uv": [13,4.75,14,7.75],
                    "texture": "#totem_body"
                },
                "north": {
                    "uv": [14,4.75,16,7.75],
                    "texture": "#totem_body"
                },
                "south": {
                    "uv": [14,4.75,16,7.75],
                    "texture": "#totem_body"
                }
            }
        }
    ]
}