{
    "__createdwith": "opl's Model Creator",
    "ambientocclusion": false,
	
	"display": {
        "firstperson_righthand": {
            "rotation": [ 0, 45, 0 ],
            "translation": [ 0, 0, 0 ],
            "scale": [ 0.40, 0.40, 0.40 ]
        },
        "firstperson_lefthand": {
            "rotation": [ 0, 225, 0 ],
            "translation": [ 0, 0, 0 ],
            "scale": [ 0.40, 0.40, 0.40 ]
        },
        "thirdperson_righthand": {
            "rotation": [ 75, 45, 0 ],
            "translation": [ 0, 2.5, 0],
            "scale": [ 0.375, 0.375, 0.375 ]
        },
		"thirdperson_lefthand": {
            "rotation": [ 75, 45, 0 ],
            "translation": [ 0, 2.5, 0],
            "scale": [ 0.375, 0.375, 0.375 ]
			},
        "ground": {
            "rotation": [ 0, 0, 0 ],
            "translation": [ 0, 3, 0],
            "scale":[ 0.25, 0.25, 0.25 ]
        },
        "gui": {
            "rotation": [ 30, 135, 0 ],
            "translation": [ 0, 0, 0],
            "scale":[ 0.625, 0.625, 0.625 ]
        },
        "fixed": {
            "rotation": [ 0, 90, 0 ],
            "translation": [ 0, 0, 0],
            "scale":[ 0.5, 0.5, 0.5 ]
        }
	},
	
    "textures": {
        "particle": "blocks/planks_acacia",
        "planks": "blocks/planks_acacia",
        "log": "blocks/log_acacia"
    },
    "elements": [
        {
            "from": [6,0,1],
            "to": [10,13.5,5],
            "faces": {
                "up": {
                    "texture": "#log",
                    "rotation": 90
                },
                "down": {
                    "texture": "#log"
                },
                "west": {
                    "texture": "#log"
                },
                "east": {
                    "texture": "#log"
                },
                "north": {
                    "uv": [10,2.5,6,16],
                    "texture": "#log"
                },
                "south": {
                    "uv": [10,2.5,6,16],
                    "texture": "#log"
                }
            }
        },
        {
            "from": [6.5,13.5,1.5],
            "to": [9.5,15,4.5],
            "faces": {
                "up": {
                    "uv": [3.75,4.25,6.75,7.25],
                    "texture": "#planks"
                },
                "west": {
                    "texture": "#planks"
                },
                "east": {
                    "texture": "#planks"
                },
                "north": {
                    "uv": [9.5,1,6.5,2.5],
                    "texture": "#planks"
                },
                "south": {
                    "texture": "#planks"
                }
            }
        },
        {
            "from": [6,8,0],
            "to": [10,9.5,1],
            "faces": {
                "up": {
                    "texture": "#planks"
                },
                "down": {
                    "texture": "#planks"
                },
                "west": {
                    "texture": "#planks"
                },
                "east": {
                    "texture": "#planks"
                },
                "north": {
                    "texture": "#planks"
                }
            }
        },
        {
            "from": [7.5,1.5,0],
            "to": [8.5,3.5,16],
            "faces": {
                "up": {
                    "texture": "#planks"
                },
                "down": {
                    "texture": "#planks"
                },
                "west": {
                    "texture": "#planks"
                },
                "east": {
                    "texture": "#planks"
                },
                "north": {
                    "texture": "#planks"
                },
                "south": {
                    "texture": "#planks"
                }
            }
        },
        {
            "from": [7,14,0],
            "to": [9,16,16],
            "faces": {
                "up": {
                    "texture": "#planks"
                },
                "down": {
                    "texture": "#planks"
                },
                "west": {
                    "texture": "#planks"
                },
                "east": {
                    "texture": "#planks"
                },
                "north": {
                    "texture": "#planks"
                },
                "south": {
                    "texture": "#planks"
                }
            }
        },
        {
            "from": [6,0,11],
            "to": [10,13.5,15],
            "faces": {
                "up": {
                    "uv": [10.625,0,14.25,3.625],
                    "texture": "#log",
                    "rotation": 90
                },
                "down": {
                    "texture": "#log"
                },
                "west": {
                    "texture": "#log"
                },
                "east": {
                    "texture": "#log"
                },
                "north": {
                    "uv": [10,2.5,6,16],
                    "texture": "#log"
                },
                "south": {
                    "uv": [10,2.5,6,16],
                    "texture": "#log"
                }
            }
        },
        {
            "from": [6.5,13.5,11.5],
            "to": [9.5,15,14.5],
            "faces": {
                "up": {
                    "uv": [3.75,4.25,6.75,7.25],
                    "texture": "#planks"
                },
                "west": {
                    "texture": "#planks"
                },
                "east": {
                    "texture": "#planks"
                },
                "north": {
                    "uv": [9.5,1,6.5,2.5],
                    "texture": "#planks"
                },
                "south": {
                    "texture": "#planks"
                }
            }
        },
        {
            "from": [6,8,15],
            "to": [10,9.5,16],
            "faces": {
                "up": {
                    "texture": "#planks"
                },
                "down": {
                    "texture": "#planks"
                },
                "west": {
                    "texture": "#planks"
                },
                "east": {
                    "texture": "#planks"
                },
                "south": {
                    "uv": [10,6.5,6,8],
                    "texture": "#planks"
                }
            }
        },
        {
            "from": [6,8,5],
            "to": [10,9.5,11],
            "faces": {
                "up": {
                    "texture": "#planks"
                },
                "down": {
                    "texture": "#planks"
                },
                "west": {
                    "texture": "#planks"
                },
                "east": {
                    "texture": "#planks"
                }
            }
        }
    ]
}