{   "parent": "block/block",
    "__createdwith": "opl's Model Creator",
    "ambientocclusion": false,
    "textures": {
        "particle": "blocks/planks_acacia",
        "planks": "blocks/planks_acacia",
        "log": "blocks/log_acacia"
    },
    "elements": [
        {
            "from": [6,0,6],
            "to": [10,13.5,10],
            "faces": {
                "up": {
                    "uv": [10.625,0,14.25,3.625],
                    "texture": "#log",
                    "rotation": 90
                },
                "down": {
                    "texture": "#log"
                },
                "west": {
                    "texture": "#log"
                },
                "east": {
                    "texture": "#log"
                },
                "north": {
                    "uv": [10,2.5,6,16],
                    "texture": "#log"
                },
                "south": {
                    "uv": [10,2.5,6,16],
                    "texture": "#log"
                }
            }
        },
        {
            "from": [6.5,13.5,6.5],
            "to": [9.5,15,9.5],
            "faces": {
                "up": {
                    "uv": [3.75,4.25,6.75,7.25],
                    "texture": "#planks"
                },
                "west": {
                    "texture": "#planks"
                },
                "east": {
                    "texture": "#planks"
                },
                "north": {
                    "uv": [9.5,1,6.5,2.5],
                    "texture": "#planks"
                },
                "south": {
                    "texture": "#planks"
                }
            }
        },
        {
            "from": [6,8,4],
            "to": [10,9.5,12],
            "faces": {
                "up": {
                    "texture": "#planks"
                },
                "down": {
                    "texture": "#planks"
                },
                "west": {
                    "texture": "#planks"
                },
                "east": {
                    "texture": "#planks"
                },
                "north": {
                    "texture": "#planks"
                },
                "south": {
                    "uv": [10,6.5,6,8],
                    "texture": "#planks"
                }
            }
        },
        {
            "from": [7.5,1.5,4],
            "to": [8.5,3.5,12],
            "faces": {
                "up": {
                    "texture": "#planks"
                },
                "down": {
                    "texture": "#planks"
                },
                "west": {
                    "texture": "#planks"
                },
                "east": {
                    "texture": "#planks"
                },
                "north": {
                    "texture": "#planks"
                },
                "south": {
                    "texture": "#planks"
                }
            }
        },
        {
            "from": [4,8,6],
            "to": [12,9.5,10],
            "faces": {
                "up": {
                    "texture": "#planks"
                },
                "down": {
                    "texture": "#planks"
                },
                "west": {
                    "texture": "#planks"
                },
                "east": {
                    "texture": "#planks"
                },
                "north": {
                    "texture": "#planks"
                },
                "south": {
                    "texture": "#planks"
                }
            }
        },
        {
            "from": [4,14,7],
            "to": [12,16,9],
            "faces": {
                "up": {
                    "texture": "#planks"
                },
                "down": {
                    "uv": [4,4.875,16,6.875],
                    "texture": "#planks"
                },
                "west": {
                    "texture": "#planks"
                },
                "east": {
                    "texture": "#planks"
                },
                "north": {
                    "texture": "#planks"
                },
                "south": {
                    "texture": "#planks"
                }
            }
        },
        {
            "from": [4,1.5,7.5],
            "to": [12,3.5,8.5],
            "faces": {
                "up": {
                    "texture": "#planks"
                },
                "down": {
                    "uv": [4,5.5,16,6.5],
                    "texture": "#planks"
                },
                "west": {
                    "texture": "#planks"
                },
                "east": {
                    "texture": "#planks"
                },
                "north": {
                    "texture": "#planks"
                },
                "south": {
                    "texture": "#planks"
                }
            }
        },
        {
            "from": [7,14,9],
            "to": [9,16,12],
            "faces": {
                "up": {
                    "texture": "#planks"
                },
                "down": {
                    "uv": [7.625,0.75,10.5,2.625],
                    "texture": "#planks",
                    "rotation": 90
                },
                "west": {
                    "texture": "#planks"
                },
                "east": {
                    "texture": "#planks"
                },
                "south": {
                    "texture": "#planks"
                }
            }
        },
        {
            "from": [7,14,4],
            "to": [9,16,7],
            "faces": {
                "up": {
                    "texture": "#planks"
                },
                "down": {
                    "uv": [7,0,12.625,1.875],
                    "texture": "#planks",
                    "rotation": 90
                },
                "west": {
                    "texture": "#planks"
                },
                "east": {
                    "texture": "#planks"
                },
                "north": {
                    "texture": "#planks"
                }
            }
        }
    ]
}