{
    "__createdwith": "opl's Model Creator",
    "ambientocclusion": false,
    "textures": {
        "trapdoor": "blocks/trapdoor_acacia",
        "particle": "blocks/trapdoor_acacia"
    },
    "elements": [
        {
            "from": [14.25,14.5,1.75],
            "to": [16,16,14.25],
            "faces": {
                "up": {
                    "texture": "#trapdoor"
                },
                "down": {
                    "uv": [14.25,14.25,16,1.75],
                    "texture": "#trapdoor"
                },
                "west": {
                    "uv": [14.625,1.75,16,14.25],
                    "texture": "#trapdoor",
                    "rotation": 90
                },
                "east": {
                    "uv": [14.625,1.75,16,14.375],
                    "texture": "#trapdoor",
                    "rotation": 90
                },
                "north": {
                    "uv": [16,1.75,14.25,14.25],
                    "texture": "#trapdoor"
                },
                "south": {
                    "texture": "#trapdoor"
                }
            }
        },
        {
            "from": [0,14.5,1.75],
            "to": [1.75,16,14.25],
            "faces": {
                "up": {
                    "texture": "#trapdoor"
                },
                "down": {
                    "uv": [0,14.25,1.75,1.75],
                    "texture": "#trapdoor"
                },
                "west": {
                    "uv": [0,1.75,1.5,14.25],
                    "texture": "#trapdoor",
                    "rotation": 270
                },
                "east": {
                    "uv": [0,1.75,1.5,14.375],
                    "texture": "#trapdoor",
                    "rotation": 90
                },
                "north": {
                    "uv": [1.75,1.75,0,14.25],
                    "texture": "#trapdoor"
                },
                "south": {
                    "texture": "#trapdoor"
                }
            }
        },
        {
            "from": [0,14.5,14.25],
            "to": [16,16,16],
            "faces": {
                "up": {
                    "texture": "#trapdoor"
                },
                "down": {
                    "uv": [0,16,16,14.25],
                    "texture": "#trapdoor"
                },
                "west": {
                    "uv": [0,14.25,1.5,16],
                    "texture": "#trapdoor",
                    "rotation": 270
                },
                "east": {
                    "uv": [14.625,14.25,16,16],
                    "texture": "#trapdoor",
                    "rotation": 90
                },
                "north": {
                    "uv": [16,14.625,0,16],
                    "texture": "#trapdoor"
                },
                "south": {
                    "uv": [0,14.625,16,16],
                    "texture": "#trapdoor"
                }
            }
        },
        {
            "from": [1.75,14.75,1.75],
            "to": [14.25,15.75,3],
            "faces": {
                "up": {
                    "texture": "#trapdoor"
                },
                "down": {
                    "uv": [1.75,3,14.25,1.75],
                    "texture": "#trapdoor"
                },
                "south": {
                    "texture": "#trapdoor"
                }
            }
        },
        {
            "from": [0,14.5,0],
            "to": [16,16,1.75],
            "faces": {
                "up": {
                    "texture": "#trapdoor"
                },
                "down": {
                    "uv": [0,1.75,16,0],
                    "texture": "#trapdoor"
                },
                "west": {
                    "uv": [0,0,1.5,1.75],
                    "texture": "#trapdoor",
                    "rotation": 270
                },
                "east": {
                    "uv": [16,0,14.625,1.75],
                    "texture": "#trapdoor",
                    "rotation": 90
                },
                "north": {
                    "uv": [16,0,0,1.375],
                    "texture": "#trapdoor"
                },
                "south": {
                    "uv": [0,0,16,1.375],
                    "texture": "#trapdoor"
                }
            }
        },
        {
            "from": [1.75,14.75,13],
            "to": [14.25,15.75,14.25],
            "faces": {
                "up": {
                    "texture": "#trapdoor"
                },
                "down": {
                    "uv": [1.75,14.25,14.25,13],
                    "texture": "#trapdoor"
                },
                "north": {
                    "texture": "#trapdoor"
                }
            }
        },
        {
            "from": [1.75,14.75,3],
            "to": [3,15.75,13],
            "faces": {
                "up": {
                    "texture": "#trapdoor"
                },
                "down": {
                    "uv": [1.75,13,3,3],
                    "texture": "#trapdoor"
                },
                "east": {
                    "uv": [0.25,3,1.25,13],
                    "texture": "#trapdoor",
                    "rotation": 90
                }
            }
        },
        {
            "from": [13,14.75,3],
            "to": [14.25,15.75,13],
            "faces": {
                "up": {
                    "texture": "#trapdoor"
                },
                "down": {
                    "uv": [13,13,14.25,3],
                    "texture": "#trapdoor"
                },
                "west": {
                    "uv": [0.25,3,1.25,13.5],
                    "texture": "#trapdoor",
                    "rotation": 90
                }
            }
        },
        {
            "from": [10.4,15.1,2.9999998],
            "to": [10.6,15.300001,13.000001],
            "faces": {
                "up": {
                    "texture": "#trapdoor"
                },
                "down": {
                    "texture": "#trapdoor"
                },
                "west": {
                    "uv": [0.5,3,0.75,13],
                    "texture": "#trapdoor",
                    "rotation": 90
                },
                "east": {
                    "uv": [15.125,3,15.375,13],
                    "texture": "#trapdoor",
                    "rotation": 90
                }
            }
        },
        {
            "from": [7.8999996,15.200001,2.9999998],
            "to": [8.1,15.400001,13.000001],
            "faces": {
                "up": {
                    "texture": "#trapdoor"
                },
                "down": {
                    "texture": "#trapdoor"
                },
                "west": {
                    "uv": [0.5,3,0.75,13],
                    "texture": "#trapdoor",
                    "rotation": 90
                },
                "east": {
                    "uv": [15.125,3,15.375,13],
                    "texture": "#trapdoor",
                    "rotation": 90
                }
            }
        },
        {
            "from": [5.3999996,15.1,2.9999998],
            "to": [5.6000004,15.300001,13.000001],
            "faces": {
                "up": {
                    "texture": "#trapdoor"
                },
                "down": {
                    "texture": "#trapdoor"
                },
                "west": {
                    "uv": [0.5,3,0.75,13],
                    "texture": "#trapdoor",
                    "rotation": 90
                },
                "east": {
                    "uv": [15.125,3,15.375,13],
                    "texture": "#trapdoor",
                    "rotation": 90
                }
            }
        }
    ]
}