{
    "__createdwith": "opl's Model Creator",
    "ambientocclusion": false,
    "textures": {
        "log": "blocks/log_acacia",
        "particle": "blocks/planks_acacia",
        "planks": "blocks/planks_acacia"
    },
    "elements": [
        {
            "from": [7.5,1.5,0],
            "to": [8.5,3.5,4],
            "faces": {
                "up": {
                    "texture": "#planks"
                },
                "down": {
                    "texture": "#planks"
                },
                "west": {
                    "texture": "#planks"
                },
                "east": {
                    "texture": "#planks"
                },
                "north": {
                    "texture": "#planks"
                }
            }
        },
        {
            "from": [7,14,0],
            "to": [9,16,4],
            "faces": {
                "up": {
                    "texture": "#planks"
                },
                "down": {
                    "uv": [7,0,12.625,1.875],
                    "texture": "#planks",
                    "rotation": 90
                },
                "west": {
                    "texture": "#planks"
                },
                "east": {
                    "texture": "#planks"
                },
                "north": {
                    "texture": "#planks"
                }
            }
        },
        {
            "from": [6,8,0],
            "to": [10,9.5,4],
            "faces": {
                "up": {
                    "texture": "#planks"
                },
                "down": {
                    "texture": "#planks"
                },
                "west": {
                    "texture": "#planks"
                },
                "east": {
                    "texture": "#planks"
                },
                "north": {
                    "texture": "#planks"
                }
            }
        }
    ]
}