{
    "__createdwith": "opl's Model Creator",
    "ambientocclusion": false,
    "textures": {
        "particle": "blocks/door_acacia_upper",
        "door-acacia": "blocks/door_acacia_upper"
    },
    "elements": [
        {
            "from": [0.5,14.25,0],
            "to": [2,16,16],
            "faces": {
                "up": {
                    "uv": [0,0,16,1.375],
                    "texture": "#door-acacia",
                    "rotation": 90
                },
                "down": {
                    "uv": [0,0,16,1.375],
                    "texture": "#door-acacia",
                    "rotation": 90
                },
                "west": {
                    "texture": "#door-acacia"
                },
                "east": {
                    "uv": [16,0,0,1.75],
                    "texture": "#door-acacia"
                },
                "north": {
                    "uv": [0,0,1.375,1.75],
                    "texture": "#door-acacia"
                },
                "south": {
                    "uv": [14.625,0,16,1.75],
                    "texture": "#door-acacia"
                }
            }
        },
        {
            "from": [0.5,0,0],
            "to": [2,14.25,1.75],
            "faces": {
                "west": {
                    "texture": "#door-acacia"
                },
                "east": {
                    "uv": [1.75,1.75,0,16],
                    "texture": "#door-acacia"
                },
                "north": {
                    "uv": [0,1.75,1.375,16],
                    "texture": "#door-acacia"
                },
                "south": {
                    "uv": [0,0,1.375,14.25],
                    "texture": "#door-acacia"
                }
            }
        },
        {
            "from": [0.5,0,14.25],
            "to": [2,14.25,16],
            "faces": {
                "west": {
                    "texture": "#door-acacia"
                },
                "east": {
                    "uv": [16,1.75,14.25,16],
                    "texture": "#door-acacia"
                },
                "north": {
                    "uv": [0,0,1.375,14.25],
                    "texture": "#door-acacia"
                },
                "south": {
                    "uv": [14.625,1.75,16,16],
                    "texture": "#door-acacia"
                }
            }
        },
        {
            "from": [0.75,13,1.75],
            "to": [1.75,14.25,14.25],
            "faces": {
                "up": {
                    "uv": [1.75,14.625,14.25,15.875],
                    "texture": "#door-acacia",
                    "rotation": 90
                },
                "down": {
                    "uv": [1.75,0,15,1.375],
                    "texture": "#door-acacia",
                    "rotation": 90
                },
                "west": {
                    "texture": "#door-acacia"
                },
                "east": {
                    "uv": [14.25,1.75,1.75,3],
                    "texture": "#door-acacia"
                }
            }
        },
        {
            "from": [0.75,0,13],
            "to": [1.75,13,14.25],
            "faces": {
                "west": {
                    "texture": "#door-acacia"
                },
                "east": {
                    "uv": [14.25,3,13,16],
                    "texture": "#door-acacia"
                },
                "north": {
                    "uv": [0.25,0,1.25,13],
                    "texture": "#door-acacia"
                }
            }
        },
        {
            "from": [0.75,0,1.75],
            "to": [1.75,13,3],
            "faces": {
                "west": {
                    "texture": "#door-acacia"
                },
                "east": {
                    "uv": [3,3,1.75,16],
                    "texture": "#door-acacia"
                },
                "south": {
                    "uv": [0.25,0,1.25,13],
                    "texture": "#door-acacia"
                }
            }
        },
        {
            "from": [1.1,0,5.4],
            "to": [1.3000001,13,5.6],
            "faces": {
                "west": {
                    "uv": [0.6499996,0,0.8500004,13],
                    "texture": "#door-acacia"
                },
                "east": {
                    "uv": [0.6499996,0,0.8500004,13],
                    "texture": "#door-acacia"
                },
                "north": {
                    "uv": [0.7249999,0,0.9250002,13],
                    "texture": "#door-acacia"
                },
                "south": {
                    "texture": "#door-acacia"
                }
            }
        },
        {
            "from": [1.1,0,7.9],
            "to": [1.3000001,13,8.1],
            "faces": {
                "west": {
                    "uv": [0.6499996,0.25,0.8500004,13.25],
                    "texture": "#door-acacia"
                },
                "east": {
                    "uv": [0.6499996,0,0.8500004,13],
                    "texture": "#door-acacia"
                },
                "north": {
                    "uv": [0.5999999,0,0.8000002,13],
                    "texture": "#door-acacia"
                },
                "south": {
                    "texture": "#door-acacia"
                }
            }
        },
        {
            "from": [1.1,0,10.400001],
            "to": [1.3000001,13,10.6],
            "faces": {
                "west": {
                    "uv": [0.6500015,0,0.8500004,13],
                    "texture": "#door-acacia"
                },
                "east": {
                    "uv": [0.6500015,0,0.8500004,13],
                    "texture": "#door-acacia"
                },
                "north": {
                    "uv": [0.5999999,0,0.8000002,13],
                    "texture": "#door-acacia"
                },
                "south": {
                    "texture": "#door-acacia"
                }
            }
        }
    ]
}