{
    "__createdwith": "opl's Model Creator",
    "ambientocclusion": false,
    "textures": {
        "trapdoor-acacia": "blocks/trapdoor_acacia",
        "particle": "blocks/trapdoor_acacia"
    },
    "elements": [
        {
            "from": [0,0,14],
            "to": [16,1.75,15.5],
            "faces": {
                "up": {
                    "uv": [0,14.625,16,16],
                    "texture": "#trapdoor-acacia",
                    "rotation": 90
                },
                "down": {
                    "uv": [0,14.625,16,16],
                    "texture": "#trapdoor-acacia"
                },
                "west": {
                    "uv": [0,14.25,1.375,16],
                    "texture": "#trapdoor-acacia"
                },
                "east": {
                    "uv": [16,14.25,14.625,16],
                    "texture": "#trapdoor-acacia"
                },
                "north": {
                    "uv": [16,14.25,0,16],
                    "texture": "#trapdoor-acacia"
                },
                "south": {
                    "texture": "#trapdoor-acacia"
                }
            }
        },
        {
            "from": [14.25,1.75,14],
            "to": [16,14.25,15.5],
            "faces": {
                "west": {
                    "texture": "#trapdoor-acacia"
                },
                "east": {
                    "uv": [16,1.75,14.625,14.25],
                    "texture": "#trapdoor-acacia"
                },
                "north": {
                    "uv": [16,1.75,14.25,14.25],
                    "texture": "#trapdoor-acacia"
                },
                "south": {
                    "texture": "#trapdoor-acacia"
                }
            }
        },
        {
            "from": [0,1.75,14],
            "to": [1.75,14.25,15.5],
            "faces": {
                "west": {
                    "uv": [0,1.75,1.375,14.25],
                    "texture": "#trapdoor-acacia"
                },
                "east": {
                    "uv": [16,1.75,14.25,14.25],
                    "texture": "#trapdoor-acacia"
                },
                "north": {
                    "uv": [1.75,1.75,0,14.25],
                    "texture": "#trapdoor-acacia"
                },
                "south": {
                    "texture": "#trapdoor-acacia"
                }
            }
        },
        {
            "from": [1.75,1.75,14.25],
            "to": [14.25,3,15.25],
            "faces": {
                "up": {
                    "uv": [1.75,14.875,14.25,15.875],
                    "texture": "#trapdoor-acacia",
                    "rotation": 90
                },
                "north": {
                    "texture": "#trapdoor-acacia"
                },
                "south": {
                    "texture": "#trapdoor-acacia"
                }
            }
        },
        {
            "from": [1.75,3,14.25],
            "to": [3,13,15.25],
            "faces": {
                "east": {
                    "uv": [14.25,3,13.25,13],
                    "texture": "#trapdoor-acacia"
                },
                "north": {
                    "uv": [13,3,14.25,13],
                    "texture": "#trapdoor-acacia"
                },
                "south": {
                    "texture": "#trapdoor-acacia"
                }
            }
        },
        {
            "from": [13,3,14.25],
            "to": [14.25,13,15.25],
            "faces": {
                "west": {
                    "uv": [1.75,3,2.75,13],
                    "texture": "#trapdoor-acacia"
                },
                "north": {
                    "uv": [1.75,3,3,13],
                    "texture": "#trapdoor-acacia"
                },
                "south": {
                    "texture": "#trapdoor-acacia"
                }
            }
        },
        {
            "from": [0,14.25,14],
            "to": [16,16,15.5],
            "faces": {
                "up": {
                    "uv": [0,0,16,1.375],
                    "texture": "#trapdoor-acacia"
                },
                "down": {
                    "uv": [16,14.625,0,16],
                    "texture": "#trapdoor-acacia",
                    "rotation": 90
                },
                "west": {
                    "uv": [0,0,1.375,1.75],
                    "texture": "#trapdoor-acacia"
                },
                "east": {
                    "uv": [16,0,14.625,1.75],
                    "texture": "#trapdoor-acacia"
                },
                "north": {
                    "uv": [16,0,0,1.75],
                    "texture": "#trapdoor-acacia"
                },
                "south": {
                    "texture": "#trapdoor-acacia"
                }
            }
        },
        {
            "from": [1.75,13,14.25],
            "to": [14.25,14.25,15.25],
            "faces": {
                "down": {
                    "uv": [1.75,1.75,2.75,14.25],
                    "texture": "#trapdoor-acacia",
                    "rotation": 90
                },
                "north": {
                    "texture": "#trapdoor-acacia"
                },
                "south": {
                    "texture": "#trapdoor-acacia"
                }
            }
        },
        {
            "from": [7.9,3,14.7],
            "to": [8.1,13,14.9],
            "faces": {
                "west": {
                    "uv": [0.6500015,0,0.8500004,13],
                    "texture": "#trapdoor-acacia"
                },
                "east": {
                    "uv": [0.6500015,0,0.8500004,13],
                    "texture": "#trapdoor-acacia"
                },
                "north": {
                    "uv": [0.5999999,0,0.8000002,13],
                    "texture": "#trapdoor-acacia"
                },
                "south": {
                    "texture": "#trapdoor-acacia"
                }
            }
        },
        {
            "from": [5.4000006,3,14.6],
            "to": [5.6000004,13,14.799999],
            "faces": {
                "west": {
                    "uv": [0.6500015,0,0.8500004,13],
                    "texture": "#trapdoor-acacia"
                },
                "east": {
                    "uv": [0.6500015,0,0.8500004,13],
                    "texture": "#trapdoor-acacia"
                },
                "north": {
                    "uv": [0.5999999,0,0.8000002,13],
                    "texture": "#trapdoor-acacia"
                },
                "south": {
                    "texture": "#trapdoor-acacia"
                }
            }
        },
        {
            "from": [10.400001,3,14.6],
            "to": [10.6,13,14.799998],
            "faces": {
                "west": {
                    "uv": [0.6500015,0,0.8500004,13],
                    "texture": "#trapdoor-acacia"
                },
                "east": {
                    "uv": [0.6500015,0,0.8500004,13],
                    "texture": "#trapdoor-acacia"
                },
                "north": {
                    "uv": [0.5999999,0,0.8000002,13],
                    "texture": "#trapdoor-acacia"
                },
                "south": {
                    "texture": "#trapdoor-acacia"
                }
            }
        }
    ]
}