{
    "__createdwith": "opl's Model Creator",
    "ambientocclusion": false,
    "textures": {
        "particle": "blocks/planks_acacia",
        "planks": "blocks/planks_acacia"
    },
    "elements": [
        {
            "from": [0,14,7],
            "to": [3,16,9],
            "faces": {
                "up": {
                    "texture": "#planks"
                },
                "down": {
                    "texture": "#planks",
                    "rotation": 90
                },
                "west": {
                    "texture": "#planks"
                },
                "east": {
                    "texture": "#planks"
                },
                "north": {
                    "texture": "#planks"
                },
                "south": {
                    "texture": "#planks"
                }
            }
        },
        {
            "from": [0,8,6],
            "to": [2,9.5,10],
            "faces": {
                "up": {
                    "texture": "#planks"
                },
                "down": {
                    "texture": "#planks"
                },
                "west": {
                    "texture": "#planks"
                },
                "east": {
                    "texture": "#planks"
                },
                "north": {
                    "texture": "#planks"
                },
                "south": {
                    "uv": [2,6.5,0,8],
                    "texture": "#planks"
                }
            }
        },
        {
            "from": [-2,0,6],
            "to": [2,3.5,10],
            "faces": {
                "up": {
                    "uv": [0,6,4,10],
                    "texture": "#planks"
                },
                "down": {
                    "uv": [0,6,4,10],
                    "texture": "#planks"
                },
                "west": {
                    "texture": "#planks"
                },
                "east": {
                    "texture": "#planks"
                },
                "north": {
                    "uv": [16,12.5,12,16],
                    "texture": "#planks"
                },
                "south": {
                    "uv": [4,12.5,0,16],
                    "texture": "#planks"
                }
            }
        },
        {
            "from": [-1.5,14,6.5],
            "to": [1.5,15,9.5],
            "faces": {
                "up": {
                    "uv": [3.75,4.25,6.75,7.25],
                    "texture": "#planks"
                },
                "down": {
                    "uv": [0,6.375,3,9.375],
                    "texture": "#planks"
                },
                "west": {
                    "texture": "#planks"
                },
                "east": {
                    "texture": "#planks"
                },
                "north": {
                    "uv": [16,1,13,2],
                    "texture": "#planks"
                },
                "south": {
                    "uv": [0,1,3,2],
                    "texture": "#planks"
                }
            }
        },
        {
            "from": [-2,3.5,8.5],
            "to": [2,8,10],
            "faces": {
                "up": {
                    "uv": [0,8.5,4,10],
                    "texture": "#planks"
                },
                "west": {
                    "texture": "#planks"
                },
                "east": {
                    "texture": "#planks"
                },
                "north": {
                    "uv": [16,8,12,12.5],
                    "texture": "#planks"
                },
                "south": {
                    "uv": [4,8,0,12.5],
                    "texture": "#planks"
                }
            }
        },
        {
            "from": [-2,3.5,6],
            "to": [2,8,7.5],
            "faces": {
                "up": {
                    "uv": [0,6,4,7.5],
                    "texture": "#planks"
                },
                "west": {
                    "texture": "#planks"
                },
                "east": {
                    "texture": "#planks"
                },
                "north": {
                    "uv": [16,8,12,12.5],
                    "texture": "#planks"
                },
                "south": {
                    "uv": [4,8,0,12.5],
                    "texture": "#planks"
                }
            }
        },
        {
            "from": [-2,9.5,8.5],
            "to": [2,14,10],
            "faces": {
                "up": {
                    "uv": [0,8.5,4,10],
                    "texture": "#planks"
                },
                "down": {
                    "uv": [0,8.5,4,10],
                    "texture": "#planks"
                },
                "west": {
                    "texture": "#planks"
                },
                "east": {
                    "texture": "#planks"
                },
                "north": {
                    "uv": [16,2,12,6.5],
                    "texture": "#planks"
                },
                "south": {
                    "uv": [4,2,0,6.5],
                    "texture": "#planks"
                }
            }
        },
        {
            "from": [-2,9.5,6],
            "to": [2,14,7.5],
            "faces": {
                "up": {
                    "uv": [0,6,4,7.5],
                    "texture": "#planks"
                },
                "down": {
                    "uv": [0,6,4,7.5],
                    "texture": "#planks"
                },
                "west": {
                    "texture": "#planks"
                },
                "east": {
                    "texture": "#planks"
                },
                "north": {
                    "uv": [16,2,12,6.5],
                    "texture": "#planks"
                },
                "south": {
                    "uv": [4,2,0,6.5],
                    "texture": "#planks"
                }
            }
        },
        {
            "from": [14,0,6],
            "to": [18,3.5,10],
            "faces": {
                "up": {
                    "uv": [12,6,16,10],
                    "texture": "#planks"
                },
                "down": {
                    "uv": [12,6,16,10],
                    "texture": "#planks"
                },
                "west": {
                    "texture": "#planks"
                },
                "east": {
                    "texture": "#planks"
                },
                "north": {
                    "uv": [4,12.5,0,16],
                    "texture": "#planks"
                },
                "south": {
                    "uv": [16,12.5,12,16],
                    "texture": "#planks"
                }
            }
        },
        {
            "from": [14,3.5,8.5],
            "to": [18,8,10],
            "faces": {
                "up": {
                    "uv": [12,8.5,16,10],
                    "texture": "#planks"
                },
                "west": {
                    "texture": "#planks"
                },
                "east": {
                    "texture": "#planks"
                },
                "north": {
                    "uv": [4,8,0,12.5],
                    "texture": "#planks"
                },
                "south": {
                    "uv": [16,8,12,12.5],
                    "texture": "#planks"
                }
            }
        },
        {
            "from": [14,9.5,8.5],
            "to": [18,14,10],
            "faces": {
                "up": {
                    "uv": [12,8.5,16,10],
                    "texture": "#planks"
                },
                "down": {
                    "uv": [12,8.5,16,10],
                    "texture": "#planks"
                },
                "west": {
                    "texture": "#planks"
                },
                "east": {
                    "texture": "#planks"
                },
                "north": {
                    "uv": [4,2,0,6.5],
                    "texture": "#planks"
                },
                "south": {
                    "uv": [15.875,2,11.875,6.5],
                    "texture": "#planks"
                }
            }
        },
        {
            "from": [14,9.5,6],
            "to": [18,14,7.5],
            "faces": {
                "up": {
                    "uv": [12,6,16,7.5],
                    "texture": "#planks"
                },
                "down": {
                    "uv": [12,8.5,16,10],
                    "texture": "#planks"
                },
                "west": {
                    "texture": "#planks"
                },
                "east": {
                    "texture": "#planks"
                },
                "north": {
                    "uv": [4,2,0,6.5],
                    "texture": "#planks"
                },
                "south": {
                    "uv": [4,2,0,6.5],
                    "texture": "#planks"
                }
            }
        },
        {
            "from": [14,3.5,6],
            "to": [18,8,7.5],
            "faces": {
                "up": {
                    "uv": [12,8.5,16,10],
                    "texture": "#planks"
                },
                "west": {
                    "texture": "#planks"
                },
                "east": {
                    "texture": "#planks"
                },
                "north": {
                    "uv": [4,8,0,12.5],
                    "texture": "#planks"
                },
                "south": {
                    "uv": [16,8,12,12.5],
                    "texture": "#planks"
                }
            }
        },
        {
            "from": [14,8,6],
            "to": [16,9.5,10],
            "faces": {
                "up": {
                    "texture": "#planks"
                },
                "down": {
                    "texture": "#planks"
                },
                "west": {
                    "texture": "#planks"
                },
                "east": {
                    "texture": "#planks"
                },
                "north": {
                    "texture": "#planks"
                },
                "south": {
                    "uv": [16,6.5,14,8],
                    "texture": "#planks"
                }
            }
        },
        {
            "from": [13,14,7],
            "to": [16,16,9],
            "faces": {
                "up": {
                    "texture": "#planks"
                },
                "down": {
                    "texture": "#planks",
                    "rotation": 90
                },
                "west": {
                    "texture": "#planks"
                },
                "east": {
                    "texture": "#planks"
                },
                "north": {
                    "texture": "#planks"
                },
                "south": {
                    "texture": "#planks"
                }
            }
        },
        {
            "from": [14.5,14,6.5],
            "to": [17.5,15,9.5],
            "faces": {
                "up": {
                    "uv": [3.75,4.25,6.75,7.25],
                    "texture": "#planks"
                },
                "down": {
                    "uv": [0,6.375,3,9.375],
                    "texture": "#planks"
                },
                "west": {
                    "texture": "#planks"
                },
                "east": {
                    "texture": "#planks"
                },
                "north": {
                    "uv": [16,1,13,2],
                    "texture": "#planks"
                },
                "south": {
                    "uv": [0,1,3,2],
                    "texture": "#planks"
                }
            }
        },
        {
            "from": [-3.5,13,7.5],
            "to": [3.25,14,8.5],
            "faces": {
                "up": {
                    "uv": [0,7.5,6.75,8.5],
                    "texture": "#planks"
                },
                "down": {
                    "uv": [0,7.5,6.75,8.5],
                    "texture": "#planks",
                    "rotation": 90
                },
                "west": {
                    "texture": "#planks"
                },
                "east": {
                    "texture": "#planks"
                },
                "north": {
                    "uv": [0,2,6.75,3],
                    "texture": "#planks"
                },
                "south": {
                    "uv": [0,2,6.75,3],
                    "texture": "#planks"
                }
            }
        },
        {
            "from": [-2.5,9.5,7.75],
            "to": [2.25,10,8.25],
            "faces": {
                "up": {
                    "uv": [0,7.75,4.75,8.25],
                    "texture": "#planks"
                },
                "down": {
                    "uv": [0,7.75,4.75,8.25],
                    "texture": "#planks"
                },
                "west": {
                    "texture": "#planks"
                },
                "east": {
                    "texture": "#planks"
                },
                "north": {
                    "uv": [0,6,4.75,6.5],
                    "texture": "#planks"
                },
                "south": {
                    "uv": [0,6,4.75,6.5],
                    "texture": "#planks"
                }
            }
        },
        {
            "from": [-2.5,7.5,7.75],
            "to": [2.25,8,8.25],
            "faces": {
                "up": {
                    "uv": [0,7.75,4.75,8.25],
                    "texture": "#planks"
                },
                "down": {
                    "uv": [0,7.75,4.75,8.25],
                    "texture": "#planks",
                    "rotation": 90
                },
                "west": {
                    "texture": "#planks"
                },
                "east": {
                    "texture": "#planks"
                },
                "north": {
                    "uv": [0,8,4.75,8.5],
                    "texture": "#planks"
                },
                "south": {
                    "uv": [0,8,4.75,8.5],
                    "texture": "#planks"
                }
            }
        },
        {
            "from": [-3.5,3.5,7.5],
            "to": [3.25,4.5,8.5],
            "faces": {
                "up": {
                    "uv": [0,7.5,6.75,8.5],
                    "texture": "#planks"
                },
                "down": {
                    "uv": [0,7.5,6.75,8.5],
                    "texture": "#planks"
                },
                "west": {
                    "texture": "#planks"
                },
                "east": {
                    "texture": "#planks"
                },
                "north": {
                    "uv": [0,11.5,6.75,12.5],
                    "texture": "#planks"
                },
                "south": {
                    "uv": [0,11.5,6.75,12.5],
                    "texture": "#planks"
                }
            }
        },
        {
            "from": [-3.5,9.5,7.5],
            "to": [-2.5,13,8.5],
            "faces": {
                "up": {
                    "texture": "#planks"
                },
                "down": {
                    "uv": [0,7.5,1,8.5],
                    "texture": "#planks"
                },
                "west": {
                    "texture": "#planks"
                },
                "east": {
                    "texture": "#planks"
                },
                "north": {
                    "uv": [0,3,1,6.5],
                    "texture": "#planks"
                },
                "south": {
                    "uv": [0,3,1,6.5],
                    "texture": "#planks"
                }
            }
        },
        {
            "from": [-3.5,4.5,7.5],
            "to": [-2.5,8,8.5],
            "faces": {
                "up": {
                    "uv": [0,7.5,1,8.5],
                    "texture": "#planks"
                },
                "down": {
                    "texture": "#planks",
                    "rotation": 90
                },
                "west": {
                    "texture": "#planks"
                },
                "east": {
                    "texture": "#planks"
                },
                "north": {
                    "uv": [0,8,1,11.5],
                    "texture": "#planks"
                },
                "south": {
                    "uv": [0,7.875,1,11.375],
                    "texture": "#planks"
                }
            }
        },
        {
            "from": [2.25,4.5,7.5],
            "to": [3.25,13,8.5],
            "faces": {
                "up": {
                    "texture": "#planks"
                },
                "down": {
                    "texture": "#planks",
                    "rotation": 90
                },
                "west": {
                    "texture": "#planks"
                },
                "east": {
                    "texture": "#planks"
                },
                "north": {
                    "texture": "#planks"
                },
                "south": {
                    "texture": "#planks"
                }
            }
        },
        {
            "from": [12.75,4.5,7.5],
            "to": [13.75,13,8.5],
            "faces": {
                "up": {
                    "texture": "#planks"
                },
                "down": {
                    "texture": "#planks",
                    "rotation": 90
                },
                "west": {
                    "texture": "#planks"
                },
                "east": {
                    "texture": "#planks"
                },
                "north": {
                    "texture": "#planks"
                },
                "south": {
                    "texture": "#planks"
                }
            }
        },
        {
            "from": [13.75,9.5,7.75],
            "to": [18.5,10,8.25],
            "faces": {
                "up": {
                    "uv": [11.25,7.75,16,8.25],
                    "texture": "#planks"
                },
                "down": {
                    "uv": [11.25,7.75,16,8.25],
                    "texture": "#planks"
                },
                "west": {
                    "texture": "#planks"
                },
                "east": {
                    "texture": "#planks"
                },
                "north": {
                    "uv": [11.25,6,16,6.5],
                    "texture": "#planks"
                },
                "south": {
                    "uv": [11.25,6,16,6.5],
                    "texture": "#planks"
                }
            }
        },
        {
            "from": [13.75,7.5,7.75],
            "to": [18.5,8,8.25],
            "faces": {
                "up": {
                    "uv": [11.25,7.75,16,8.25],
                    "texture": "#planks"
                },
                "down": {
                    "uv": [11.25,7.75,16,8.25],
                    "texture": "#planks",
                    "rotation": 90
                },
                "west": {
                    "texture": "#planks"
                },
                "east": {
                    "texture": "#planks"
                },
                "north": {
                    "uv": [11.25,7.75,16,8.25],
                    "texture": "#planks"
                },
                "south": {
                    "uv": [11.25,8,16,8.5],
                    "texture": "#planks"
                }
            }
        },
        {
            "from": [18.5,4.5,7.5],
            "to": [19.5,8,8.5],
            "faces": {
                "up": {
                    "uv": [15,7.5,16,8.5],
                    "texture": "#planks"
                },
                "down": {
                    "texture": "#planks",
                    "rotation": 90
                },
                "west": {
                    "texture": "#planks"
                },
                "east": {
                    "texture": "#planks"
                },
                "north": {
                    "uv": [15,8,16,11.5],
                    "texture": "#planks"
                },
                "south": {
                    "uv": [15,8,16,11.5],
                    "texture": "#planks"
                }
            }
        },
        {
            "from": [18.5,9.5,7.5],
            "to": [19.5,13,8.5],
            "faces": {
                "up": {
                    "texture": "#planks"
                },
                "down": {
                    "uv": [15,7.5,16,8.5],
                    "texture": "#planks"
                },
                "west": {
                    "texture": "#planks"
                },
                "east": {
                    "texture": "#planks"
                },
                "north": {
                    "uv": [15,3,16,6.5],
                    "texture": "#planks"
                },
                "south": {
                    "uv": [15,3,16,6.5],
                    "texture": "#planks"
                }
            }
        },
        {
            "from": [12.75,3.5,7.5],
            "to": [19.5,4.5,8.5],
            "faces": {
                "up": {
                    "uv": [9.25,7.5,16,8.5],
                    "texture": "#planks"
                },
                "down": {
                    "uv": [9.25,7.625,16,8.625],
                    "texture": "#planks"
                },
                "west": {
                    "texture": "#planks"
                },
                "east": {
                    "texture": "#planks"
                },
                "north": {
                    "uv": [9.25,11.5,16,12.5],
                    "texture": "#planks"
                },
                "south": {
                    "uv": [9.25,11.5,16,12.5],
                    "texture": "#planks"
                }
            }
        },
        {
            "from": [12.75,13,7.5],
            "to": [19.5,14,8.5],
            "faces": {
                "up": {
                    "uv": [9.25,7.5,16,8.5],
                    "texture": "#planks"
                },
                "down": {
                    "uv": [9.25,7.5,16,8.5],
                    "texture": "#planks",
                    "rotation": 90
                },
                "west": {
                    "texture": "#planks"
                },
                "east": {
                    "texture": "#planks"
                },
                "north": {
                    "uv": [9.25,2,16,3],
                    "texture": "#planks"
                },
                "south": {
                    "uv": [9.25,2.125,16,3.125],
                    "texture": "#planks"
                }
            }
        }
    ]
}