{
	"credit": "Made with Blockbench",
	"ambientocclusion": false,
	"textures": {
		"0": "blocks/door_acacia_upper",
		"door-acacia": "blocks/door_acacia_lower"
	},
	"elements": [
		{
			"from": [0.5, 0, 0],
			"to": [2, 1.75, 16],
			"faces": {
				"north": {"uv": [14.625, 14.25, 16, 16], "texture": "#door-acacia"},
				"east": {"uv": [0, 14.25, 16, 16], "texture": "#door-acacia"},
				"south": {"uv": [0, 14.25, 1.375, 16], "texture": "#door-acacia"},
				"west": {"uv": [16, 14.25, 0, 16], "texture": "#door-acacia"},
				"up": {"uv": [0, 14.625, 16, 15.875], "texture": "#door-acacia", "rotation": 90},
				"down": {"uv": [0, 14.625, 16, 15.875], "texture": "#door-acacia", "rotation": 90}
			}
		},
		{
			"from": [0.5, 1.75, 0],
			"to": [2, 16, 1.75],
			"faces": {
				"north": {"uv": [14.625, 0, 16, 14.25], "texture": "#door-acacia"},
				"east": {"uv": [14.25, 0, 16, 14.25], "texture": "#door-acacia"},
				"south": {"uv": [0, 0, 1.375, 14.25], "texture": "#door-acacia"},
				"west": {"uv": [16, 0, 14.25, 14.25], "texture": "#door-acacia"}
			}
		},
		{
			"from": [0.5, 1.75, 14.25],
			"to": [2, 16, 16],
			"faces": {
				"north": {"uv": [0, 0, 1.375, 14.25], "texture": "#door-acacia"},
				"east": {"uv": [0, 0, 1.75, 14.25], "texture": "#door-acacia"},
				"south": {"uv": [0, 0, 1.375, 14.25], "texture": "#door-acacia"},
				"west": {"uv": [1.75, 0, 0, 14.25], "texture": "#door-acacia"}
			}
		},
		{
			"from": [0.75, 1.75, 1.75],
			"to": [1.75, 3, 14.25],
			"faces": {
				"east": {"uv": [1.75, 13, 14.25, 14.25], "texture": "#door-acacia"},
				"west": {"uv": [14.25, 13, 1.75, 14.25], "texture": "#door-acacia"},
				"up": {"uv": [1.75, 14.625, 14.25, 15.875], "texture": "#door-acacia", "rotation": 90}
			}
		},
		{
			"from": [0.75, 3, 13],
			"to": [1.75, 16, 14.25],
			"faces": {
				"north": {"uv": [0.25, 0, 1.25, 13], "texture": "#door-acacia"},
				"east": {"uv": [1.75, 0, 3, 13], "texture": "#door-acacia"},
				"west": {"uv": [3, 0, 1.75, 13], "texture": "#door-acacia"}
			}
		},
		{
			"from": [0.75, 3, 1.75],
			"to": [1.75, 16, 3],
			"faces": {
				"east": {"uv": [13, 0, 14.25, 13], "texture": "#door-acacia"},
				"south": {"uv": [0.25, 0, 1.25, 13], "texture": "#door-acacia"},
				"west": {"uv": [14.25, 0, 13, 13], "texture": "#door-acacia"}
			}
		},
		{
			"from": [1.1, 3, 5.4],
			"to": [1.3, 16, 5.6],
			"faces": {
				"north": {"uv": [0.725, 0, 0.925, 13], "texture": "#door-acacia"},
				"east": {"uv": [0.65, 0, 0.85, 13], "texture": "#door-acacia"},
				"south": {"uv": [0, 0, 1, 1], "texture": "#door-acacia"},
				"west": {"uv": [0.65, 0, 0.85, 13], "texture": "#door-acacia"}
			}
		},
		{
			"from": [1.1, 3, 7.9],
			"to": [1.3, 16, 8.1],
			"faces": {
				"north": {"uv": [0.6, 0, 0.8, 13], "texture": "#door-acacia"},
				"east": {"uv": [0.65, 0, 0.85, 13], "texture": "#door-acacia"},
				"south": {"uv": [0, 0, 1, 1], "texture": "#door-acacia"},
				"west": {"uv": [0.65, 0.25, 0.85, 13.25], "texture": "#door-acacia"}
			}
		},
		{
			"from": [1.1, 3, 10.4],
			"to": [1.3, 16, 10.6],
			"faces": {
				"north": {"uv": [0.6, 0, 0.8, 13], "texture": "#door-acacia"},
				"east": {"uv": [0.65, 0, 0.85, 13], "texture": "#door-acacia"},
				"south": {"uv": [0, 0, 1, 1], "texture": "#door-acacia"},
				"west": {"uv": [0.65, 0, 0.85, 13], "texture": "#door-acacia"}
			}
		},
		{
			"from": [0.5, 13, 1.75],
			"to": [2, 15.25, 4.75],
			"faces": {
				"east": {"uv": [12.875, 15.25, 10.75, 12.375], "texture": "#0", "rotation": 270},
				"west": {"uv": [10.75, 15.25, 12.875, 12.375], "texture": "#0", "rotation": 90}
			}
		}
	]
}