{
	"credit": "Made with Blockbench",
	"ambientocclusion": false,
	"textures": {
		"rail": "blocks/rail",
		"rail-activator": "blocks/rail_activator",
		"particle": "blocks/rail_activator"
	},
	"elements": [
		{
			"name": "sleeper",
			"from": [1, 0.625, 14.125],
			"to": [15, 1.125, 15.875],
			"rotation": {"angle": 45, "axis": "x", "origin": [1.625, 1.125, 15.375]},
			"faces": {
				"north": {"uv": [5.875, 9.875, 10.25, 10.375], "texture": "#rail"},
				"east": {"uv": [6.125, 10.25, 7.875, 10.75], "texture": "#rail"},
				"south": {"uv": [5.875, 13.875, 10.21875, 14.40625], "texture": "#rail"},
				"west": {"uv": [7, 10.25, 8.75, 10.75], "texture": "#rail"},
				"up": {"uv": [1, 1.25, 15, 3], "texture": "#rail"},
				"down": {"uv": [5.75, 1.375, 10.375, 3], "texture": "#rail"}
			}
		},
		{
			"name": "sleeper",
			"from": [1, 3.375, 11.375],
			"to": [15, 3.875, 13.125],
			"rotation": {"angle": 45, "axis": "x", "origin": [1.625, 3.875, 12.625]},
			"faces": {
				"north": {"uv": [5.875, 9.875, 10.25, 10.375], "texture": "#rail"},
				"east": {"uv": [6.125, 10.25, 7.875, 10.75], "texture": "#rail"},
				"south": {"uv": [5.875, 13.875, 10.21875, 14.40625], "texture": "#rail"},
				"west": {"uv": [7, 10.25, 8.75, 10.75], "texture": "#rail"},
				"up": {"uv": [1, 1.25, 15, 3], "texture": "#rail"},
				"down": {"uv": [5.75, 1.375, 10.375, 3], "texture": "#rail"}
			}
		},
		{
			"name": "sleeper",
			"from": [1, 6.125, 8.625],
			"to": [15, 6.625, 10.375],
			"rotation": {"angle": 45, "axis": "x", "origin": [1.625, 6.625, 9.875]},
			"faces": {
				"north": {"uv": [5.875, 9.875, 10.25, 10.375], "texture": "#rail"},
				"east": {"uv": [6.125, 10.25, 7.875, 10.75], "texture": "#rail"},
				"south": {"uv": [5.875, 13.875, 10.21875, 14.40625], "texture": "#rail"},
				"west": {"uv": [7, 10.25, 8.75, 10.75], "texture": "#rail"},
				"up": {"uv": [1, 1.25, 15, 3], "texture": "#rail"},
				"down": {"uv": [5.75, 1.375, 10.375, 3], "texture": "#rail"}
			}
		},
		{
			"name": "sleeper",
			"from": [1, 8.875, 5.875],
			"to": [15, 9.375, 7.625],
			"rotation": {"angle": 45, "axis": "x", "origin": [1.625, 9.375, 7.125]},
			"faces": {
				"north": {"uv": [5.875, 9.875, 10.25, 10.375], "texture": "#rail"},
				"east": {"uv": [6.125, 10.25, 7.875, 10.75], "texture": "#rail"},
				"south": {"uv": [5.875, 13.875, 10.21875, 14.40625], "texture": "#rail"},
				"west": {"uv": [7, 10.25, 8.75, 10.75], "texture": "#rail"},
				"up": {"uv": [1, 1.25, 15, 3], "texture": "#rail"},
				"down": {"uv": [5.75, 1.375, 10.375, 3], "texture": "#rail"}
			}
		},
		{
			"name": "sleeper",
			"from": [1, 11.5, 3.25],
			"to": [15, 12, 5],
			"rotation": {"angle": 45, "axis": "x", "origin": [1.625, 12, 4.5]},
			"faces": {
				"north": {"uv": [5.875, 9.875, 10.25, 10.375], "texture": "#rail"},
				"east": {"uv": [6.125, 10.25, 7.875, 10.75], "texture": "#rail"},
				"south": {"uv": [5.875, 13.875, 10.21875, 14.40625], "texture": "#rail"},
				"west": {"uv": [7, 10.25, 8.75, 10.75], "texture": "#rail"},
				"up": {"uv": [1, 1.25, 15, 3], "texture": "#rail"},
				"down": {"uv": [5.75, 1.375, 10.375, 3], "texture": "#rail"}
			}
		},
		{
			"name": "sleeper",
			"from": [1, 14.25, 0.5],
			"to": [15, 14.75, 2.25],
			"rotation": {"angle": 45, "axis": "x", "origin": [1.625, 14.75, 1.75]},
			"faces": {
				"north": {"uv": [5.875, 9.875, 10.25, 10.375], "texture": "#rail"},
				"east": {"uv": [6.125, 10.25, 7.875, 10.75], "texture": "#rail"},
				"south": {"uv": [5.875, 13.875, 10.21875, 14.40625], "texture": "#rail"},
				"west": {"uv": [7, 10.25, 8.75, 10.75], "texture": "#rail"},
				"up": {"uv": [1, 1.25, 15, 3], "texture": "#rail"},
				"down": {"uv": [5.75, 1.375, 10.375, 3], "texture": "#rail"}
			}
		},
		{
			"name": "clamp",
			"from": [2, 2.25, 14.625],
			"to": [5.625, 2.625, 15.875],
			"rotation": {"angle": 45, "axis": "x", "origin": [3.5, 2, 14]},
			"faces": {
				"north": {"uv": [5.5, 5.625, 2.125, 6], "texture": "#rail"},
				"east": {"uv": [4.25, 5.625, 5.5, 6], "texture": "#rail"},
				"south": {"uv": [2.125, 5.625, 5.5, 6], "texture": "#rail"},
				"west": {"uv": [10.5, 1.625, 11.75, 2], "texture": "#rail"},
				"up": {"uv": [2.125, 9.5, 5.5, 10.75], "texture": "#rail"},
				"down": {"uv": [0, 0, 3.625, 1.25], "texture": "#missing"}
			}
		},
		{
			"name": "clamp",
			"from": [10.5, 2.25, 14.625],
			"to": [14.125, 2.625, 15.875],
			"rotation": {"angle": 45, "axis": "x", "origin": [12, 2, 14]},
			"faces": {
				"north": {"uv": [5.5, 5.625, 2.125, 6], "texture": "#rail"},
				"east": {"uv": [4.25, 5.625, 5.5, 6], "texture": "#rail"},
				"south": {"uv": [2.125, 5.625, 5.5, 6], "texture": "#rail"},
				"west": {"uv": [10.5, 1.625, 11.75, 2], "texture": "#rail"},
				"up": {"uv": [2.125, 9.5, 5.5, 10.75], "texture": "#rail"},
				"down": {"uv": [0, 0, 3.625, 1.25], "texture": "#missing"}
			}
		},
		{
			"name": "clamp",
			"from": [10.5, 5, 11.875],
			"to": [14.125, 5.375, 13.125],
			"rotation": {"angle": 45, "axis": "x", "origin": [12, 4.75, 11.25]},
			"faces": {
				"north": {"uv": [5.5, 5.625, 2.125, 6], "texture": "#rail"},
				"east": {"uv": [4.25, 5.625, 5.5, 6], "texture": "#rail"},
				"south": {"uv": [2.125, 5.625, 5.5, 6], "texture": "#rail"},
				"west": {"uv": [10.5, 1.625, 11.75, 2], "texture": "#rail"},
				"up": {"uv": [2.125, 9.5, 5.5, 10.75], "texture": "#rail"},
				"down": {"uv": [0, 0, 3.625, 1.25], "texture": "#missing"}
			}
		},
		{
			"name": "clamp",
			"from": [2, 5, 11.875],
			"to": [5.625, 5.375, 13.125],
			"rotation": {"angle": 45, "axis": "x", "origin": [3.5, 4.75, 11.25]},
			"faces": {
				"north": {"uv": [5.5, 5.625, 2.125, 6], "texture": "#rail"},
				"east": {"uv": [4.25, 5.625, 5.5, 6], "texture": "#rail"},
				"south": {"uv": [2.125, 5.625, 5.5, 6], "texture": "#rail"},
				"west": {"uv": [10.5, 1.625, 11.75, 2], "texture": "#rail"},
				"up": {"uv": [2.125, 9.5, 5.5, 10.75], "texture": "#rail"},
				"down": {"uv": [0, 0, 3.625, 1.25], "texture": "#missing"}
			}
		},
		{
			"name": "clamp",
			"from": [10.5, 10.625, 6.375],
			"to": [14.125, 11, 7.625],
			"rotation": {"angle": 45, "axis": "x", "origin": [12, 10.375, 5.75]},
			"faces": {
				"north": {"uv": [5.5, 5.625, 2.125, 6], "texture": "#rail"},
				"east": {"uv": [4.25, 5.625, 5.5, 6], "texture": "#rail"},
				"south": {"uv": [2.125, 5.625, 5.5, 6], "texture": "#rail"},
				"west": {"uv": [10.5, 1.625, 11.75, 2], "texture": "#rail"},
				"up": {"uv": [2.125, 9.5, 5.5, 10.75], "texture": "#rail"},
				"down": {"uv": [0, 0, 3.625, 1.25], "texture": "#missing"}
			}
		},
		{
			"name": "clamp",
			"from": [2, 10.625, 6.375],
			"to": [5.625, 11, 7.625],
			"rotation": {"angle": 45, "axis": "x", "origin": [3.5, 10.375, 5.75]},
			"faces": {
				"north": {"uv": [5.5, 5.625, 2.125, 6], "texture": "#rail"},
				"east": {"uv": [4.25, 5.625, 5.5, 6], "texture": "#rail"},
				"south": {"uv": [2.125, 5.625, 5.5, 6], "texture": "#rail"},
				"west": {"uv": [10.5, 1.625, 11.75, 2], "texture": "#rail"},
				"up": {"uv": [2.125, 9.5, 5.5, 10.75], "texture": "#rail"},
				"down": {"uv": [0, 0, 3.625, 1.25], "texture": "#missing"}
			}
		},
		{
			"name": "clamp",
			"from": [10.5, 7.875, 9.125],
			"to": [14.125, 8.25, 10.375],
			"rotation": {"angle": 45, "axis": "x", "origin": [12, 7.625, 8.5]},
			"faces": {
				"north": {"uv": [5.5, 5.625, 2.125, 6], "texture": "#rail"},
				"east": {"uv": [4.25, 5.625, 5.5, 6], "texture": "#rail"},
				"south": {"uv": [2.125, 5.625, 5.5, 6], "texture": "#rail"},
				"west": {"uv": [10.5, 1.625, 11.75, 2], "texture": "#rail"},
				"up": {"uv": [2.125, 9.5, 5.5, 10.75], "texture": "#rail"},
				"down": {"uv": [0, 0, 3.625, 1.25], "texture": "#missing"}
			}
		},
		{
			"name": "clamp",
			"from": [2, 7.875, 9.125],
			"to": [5.625, 8.25, 10.375],
			"rotation": {"angle": 45, "axis": "x", "origin": [3.5, 7.625, 8.5]},
			"faces": {
				"north": {"uv": [5.5, 5.625, 2.125, 6], "texture": "#rail"},
				"east": {"uv": [4.25, 5.625, 5.5, 6], "texture": "#rail"},
				"south": {"uv": [2.125, 5.625, 5.5, 6], "texture": "#rail"},
				"west": {"uv": [10.5, 1.625, 11.75, 2], "texture": "#rail"},
				"up": {"uv": [2.125, 9.5, 5.5, 10.75], "texture": "#rail"},
				"down": {"uv": [0, 0, 3.625, 1.25], "texture": "#missing"}
			}
		},
		{
			"name": "clamp",
			"from": [10.5, 13.25, 3.75],
			"to": [14.125, 13.625, 5],
			"rotation": {"angle": 45, "axis": "x", "origin": [12, 13, 3.125]},
			"faces": {
				"north": {"uv": [5.5, 5.625, 2.125, 6], "texture": "#rail"},
				"east": {"uv": [4.25, 5.625, 5.5, 6], "texture": "#rail"},
				"south": {"uv": [2.125, 5.625, 5.5, 6], "texture": "#rail"},
				"west": {"uv": [10.5, 1.625, 11.75, 2], "texture": "#rail"},
				"up": {"uv": [2.125, 9.5, 5.5, 10.75], "texture": "#rail"},
				"down": {"uv": [0, 0, 3.625, 1.25], "texture": "#missing"}
			}
		},
		{
			"name": "clamp",
			"from": [2, 13.25, 3.75],
			"to": [5.625, 13.625, 5],
			"rotation": {"angle": 45, "axis": "x", "origin": [3.5, 13, 3.125]},
			"faces": {
				"north": {"uv": [5.5, 5.625, 2.125, 6], "texture": "#rail"},
				"east": {"uv": [4.25, 5.625, 5.5, 6], "texture": "#rail"},
				"south": {"uv": [2.125, 5.625, 5.5, 6], "texture": "#rail"},
				"west": {"uv": [10.5, 1.625, 11.75, 2], "texture": "#rail"},
				"up": {"uv": [2.125, 9.5, 5.5, 10.75], "texture": "#rail"},
				"down": {"uv": [0, 0, 3.625, 1.25], "texture": "#missing"}
			}
		},
		{
			"name": "clamp",
			"from": [2, 16, 1],
			"to": [5.625, 16.375, 2.25],
			"rotation": {"angle": 45, "axis": "x", "origin": [3.5, 15.75, 0.375]},
			"faces": {
				"north": {"uv": [5.5, 5.625, 2.125, 6], "texture": "#rail"},
				"east": {"uv": [4.25, 5.625, 5.5, 6], "texture": "#rail"},
				"south": {"uv": [2.125, 5.625, 5.5, 6], "texture": "#rail"},
				"west": {"uv": [10.5, 1.625, 11.75, 2], "texture": "#rail"},
				"up": {"uv": [2.125, 9.5, 5.5, 10.75], "texture": "#rail"},
				"down": {"uv": [0, 0, 3.625, 1.25], "texture": "#missing"}
			}
		},
		{
			"name": "clamp",
			"from": [10.5, 16, 1],
			"to": [14.125, 16.375, 2.25],
			"rotation": {"angle": 45, "axis": "x", "origin": [12, 15.75, 0.375]},
			"faces": {
				"north": {"uv": [5.5, 5.625, 2.125, 6], "texture": "#rail"},
				"east": {"uv": [4.25, 5.625, 5.5, 6], "texture": "#rail"},
				"south": {"uv": [2.125, 5.625, 5.5, 6], "texture": "#rail"},
				"west": {"uv": [10.5, 1.625, 11.75, 2], "texture": "#rail"},
				"up": {"uv": [2.125, 9.5, 5.5, 10.75], "texture": "#rail"},
				"down": {"uv": [0, 0, 3.625, 1.25], "texture": "#missing"}
			}
		},
		{
			"name": "rail",
			"from": [3.25, 1.625, -8.125],
			"to": [4.25, 2.875, 15.5],
			"rotation": {"angle": 45, "axis": "x", "origin": [3.75, 0.375, 14.375]},
			"faces": {
				"north": {"uv": [3.25, 5.625, 4.25, 6.625], "texture": "#rail"},
				"east": {"uv": [3.375, 0, 4.125, 16], "texture": "#rail", "rotation": 90},
				"south": {"uv": [3.25, 5.625, 4.25, 6.625], "texture": "#rail"},
				"west": {"uv": [3.375, 0, 4.125, 16], "texture": "#rail", "rotation": 90},
				"up": {"uv": [3.25, 0, 4.25, 16], "texture": "#rail"},
				"down": {"uv": [3.25, 0, 4.25, 16], "texture": "#rail"}
			}
		},
		{
			"name": "rail",
			"from": [11.75, 1.625, -8.125],
			"to": [12.75, 2.875, 15.5],
			"rotation": {"angle": 45, "axis": "x", "origin": [12.25, 0.375, 14.375]},
			"faces": {
				"north": {"uv": [3.25, 5.625, 4.25, 6.625], "texture": "#rail"},
				"east": {"uv": [3.375, 0, 4.125, 16], "texture": "#rail", "rotation": 90},
				"south": {"uv": [3.25, 5.625, 4.25, 6.625], "texture": "#rail"},
				"west": {"uv": [3.375, 0, 4.125, 16], "texture": "#rail", "rotation": 90},
				"up": {"uv": [3.25, 0, 4.25, 16], "texture": "#rail"},
				"down": {"uv": [3.25, 0, 4.25, 16], "texture": "#rail"}
			}
		},
		{
			"name": "activator",
			"from": [3.75, 5.225, 4.875],
			"to": [12.25, 5.525, 16.75],
			"rotation": {"angle": 45, "axis": "x", "origin": [8, 5.375, 10.75]},
			"faces": {
				"north": {"uv": [0, 0, 0, 0], "texture": "#rail-activator"},
				"east": {"uv": [7.25, 2, 8.375, 14], "texture": "#rail-activator", "rotation": 90},
				"south": {"uv": [0, 0, 0, 0], "texture": "#rail-activator"},
				"west": {"uv": [6.875, 2.25, 7.75, 14.25], "texture": "#rail-activator", "rotation": 90},
				"up": {"uv": [3.75, 2.125, 12.25, 14.125], "texture": "#rail-activator"},
				"down": {"uv": [4.25, 2.25, 11.75, 14.25], "texture": "#rail-activator"}
			}
		},
		{
			"name": "activator",
			"from": [3.75, 10.85, -0.25],
			"to": [12.25, 11.15, 7.375],
			"rotation": {"angle": 45, "axis": "x", "origin": [8, 11, 5.125]},
			"faces": {
				"north": {"uv": [0, 0, 0, 0], "texture": "#rail-activator"},
				"east": {"uv": [4.25, 4, 11.75, 4.29982], "texture": "#rail-activator", "rotation": 90},
				"south": {"uv": [0, 0, 0, 0], "texture": "#rail-activator"},
				"west": {"uv": [4.25, 4, 11.75, 4.29982], "texture": "#rail-activator", "rotation": 90},
				"up": {"uv": [3.75, 2.125, 12.25, 10.125], "texture": "#rail-activator"},
				"down": {"uv": [4.25, 2.25, 11.75, 10.125], "texture": "#rail-activator"}
			}
		}
	]
}