{
	"credit": "Made with Blockbench",
	"ambientocclusion": false,
	"textures": {
		"rail": "blocks/rail",
		"rail-activator": "blocks/rail_activator",
		"particle": "blocks/rail_activator"
	},
	"elements": [
		{
			"name": "sleeper",
			"from": [1, 0.625, 0.125],
			"to": [15, 1.125, 1.875],
			"rotation": {"angle": -45, "axis": "x", "origin": [1.625, 1.125, 0.625]},
			"faces": {
				"north": {"uv": [10.21875, 13.875, 5.875, 14.40625], "texture": "#rail"},
				"east": {"uv": [7.875, 10.25, 6.125, 10.75], "texture": "#rail"},
				"south": {"uv": [10.25, 9.875, 5.875, 10.375], "texture": "#rail"},
				"west": {"uv": [8.75, 10.25, 7, 10.75], "texture": "#rail"},
				"up": {"uv": [1, 3, 15, 1.25], "texture": "#rail"},
				"down": {"uv": [5.75, 3, 10.375, 1.375], "texture": "#rail"}
			}
		},
		{
			"name": "sleeper",
			"from": [1, 3.375, 2.875],
			"to": [15, 3.875, 4.625],
			"rotation": {"angle": -45, "axis": "x", "origin": [1.625, 3.875, 3.375]},
			"faces": {
				"north": {"uv": [10.21875, 13.875, 5.875, 14.40625], "texture": "#rail"},
				"east": {"uv": [7.875, 10.25, 6.125, 10.75], "texture": "#rail"},
				"south": {"uv": [10.25, 9.875, 5.875, 10.375], "texture": "#rail"},
				"west": {"uv": [8.75, 10.25, 7, 10.75], "texture": "#rail"},
				"up": {"uv": [1, 3, 15, 1.25], "texture": "#rail"},
				"down": {"uv": [5.75, 3, 10.375, 1.375], "texture": "#rail"}
			}
		},
		{
			"name": "sleeper",
			"from": [1, 6.125, 5.625],
			"to": [15, 6.625, 7.375],
			"rotation": {"angle": -45, "axis": "x", "origin": [1.625, 6.625, 6.125]},
			"faces": {
				"north": {"uv": [10.21875, 13.875, 5.875, 14.40625], "texture": "#rail"},
				"east": {"uv": [7.875, 10.25, 6.125, 10.75], "texture": "#rail"},
				"south": {"uv": [10.25, 9.875, 5.875, 10.375], "texture": "#rail"},
				"west": {"uv": [8.75, 10.25, 7, 10.75], "texture": "#rail"},
				"up": {"uv": [1, 3, 15, 1.25], "texture": "#rail"},
				"down": {"uv": [5.75, 3, 10.375, 1.375], "texture": "#rail"}
			}
		},
		{
			"name": "sleeper",
			"from": [1, 8.875, 8.375],
			"to": [15, 9.375, 10.125],
			"rotation": {"angle": -45, "axis": "x", "origin": [1.625, 9.375, 8.875]},
			"faces": {
				"north": {"uv": [10.21875, 13.875, 5.875, 14.40625], "texture": "#rail"},
				"east": {"uv": [7.875, 10.25, 6.125, 10.75], "texture": "#rail"},
				"south": {"uv": [10.25, 9.875, 5.875, 10.375], "texture": "#rail"},
				"west": {"uv": [8.75, 10.25, 7, 10.75], "texture": "#rail"},
				"up": {"uv": [1, 3, 15, 1.25], "texture": "#rail"},
				"down": {"uv": [5.75, 3, 10.375, 1.375], "texture": "#rail"}
			}
		},
		{
			"name": "sleeper",
			"from": [1, 11.5, 11],
			"to": [15, 12, 12.75],
			"rotation": {"angle": -45, "axis": "x", "origin": [1.625, 12, 11.5]},
			"faces": {
				"north": {"uv": [10.21875, 13.875, 5.875, 14.40625], "texture": "#rail"},
				"east": {"uv": [7.875, 10.25, 6.125, 10.75], "texture": "#rail"},
				"south": {"uv": [10.25, 9.875, 5.875, 10.375], "texture": "#rail"},
				"west": {"uv": [8.75, 10.25, 7, 10.75], "texture": "#rail"},
				"up": {"uv": [1, 3, 15, 1.25], "texture": "#rail"},
				"down": {"uv": [5.75, 3, 10.375, 1.375], "texture": "#rail"}
			}
		},
		{
			"name": "sleeper",
			"from": [1, 14.25, 13.75],
			"to": [15, 14.75, 15.5],
			"rotation": {"angle": -45, "axis": "x", "origin": [1.625, 14.75, 14.25]},
			"faces": {
				"north": {"uv": [10.21875, 13.875, 5.875, 14.40625], "texture": "#rail"},
				"east": {"uv": [7.875, 10.25, 6.125, 10.75], "texture": "#rail"},
				"south": {"uv": [10.25, 9.875, 5.875, 10.375], "texture": "#rail"},
				"west": {"uv": [8.75, 10.25, 7, 10.75], "texture": "#rail"},
				"up": {"uv": [1, 3, 15, 1.25], "texture": "#rail"},
				"down": {"uv": [5.75, 3, 10.375, 1.375], "texture": "#rail"}
			}
		},
		{
			"name": "clamp",
			"from": [2, 2.25, 0.125],
			"to": [5.625, 2.625, 1.375],
			"rotation": {"angle": -45, "axis": "x", "origin": [3.5, 2, 2]},
			"faces": {
				"north": {"uv": [5.5, 5.625, 2.125, 6], "texture": "#rail"},
				"east": {"uv": [5.5, 5.625, 4.25, 6], "texture": "#rail"},
				"south": {"uv": [2.125, 5.625, 5.5, 6], "texture": "#rail"},
				"west": {"uv": [11.75, 1.625, 10.5, 2], "texture": "#rail"},
				"up": {"uv": [2.125, 10.75, 5.5, 9.5], "texture": "#rail"},
				"down": {"uv": [0, 1.25, 3.625, 0], "texture": "#missing"}
			}
		},
		{
			"name": "clamp",
			"from": [10.5, 2.25, 0.125],
			"to": [14.125, 2.625, 1.375],
			"rotation": {"angle": -45, "axis": "x", "origin": [12, 2, 2]},
			"faces": {
				"north": {"uv": [5.5, 5.625, 2.125, 6], "texture": "#rail"},
				"east": {"uv": [5.5, 5.625, 4.25, 6], "texture": "#rail"},
				"south": {"uv": [2.125, 5.625, 5.5, 6], "texture": "#rail"},
				"west": {"uv": [11.75, 1.625, 10.5, 2], "texture": "#rail"},
				"up": {"uv": [2.125, 10.75, 5.5, 9.5], "texture": "#rail"},
				"down": {"uv": [0, 1.25, 3.625, 0], "texture": "#missing"}
			}
		},
		{
			"name": "clamp",
			"from": [10.5, 5, 2.875],
			"to": [14.125, 5.375, 4.125],
			"rotation": {"angle": -45, "axis": "x", "origin": [12, 4.75, 4.75]},
			"faces": {
				"north": {"uv": [5.5, 5.625, 2.125, 6], "texture": "#rail"},
				"east": {"uv": [5.5, 5.625, 4.25, 6], "texture": "#rail"},
				"south": {"uv": [2.125, 5.625, 5.5, 6], "texture": "#rail"},
				"west": {"uv": [11.75, 1.625, 10.5, 2], "texture": "#rail"},
				"up": {"uv": [2.125, 10.75, 5.5, 9.5], "texture": "#rail"},
				"down": {"uv": [0, 1.25, 3.625, 0], "texture": "#missing"}
			}
		},
		{
			"name": "clamp",
			"from": [2, 5, 2.875],
			"to": [5.625, 5.375, 4.125],
			"rotation": {"angle": -45, "axis": "x", "origin": [3.5, 4.75, 4.75]},
			"faces": {
				"north": {"uv": [5.5, 5.625, 2.125, 6], "texture": "#rail"},
				"east": {"uv": [5.5, 5.625, 4.25, 6], "texture": "#rail"},
				"south": {"uv": [2.125, 5.625, 5.5, 6], "texture": "#rail"},
				"west": {"uv": [11.75, 1.625, 10.5, 2], "texture": "#rail"},
				"up": {"uv": [2.125, 10.75, 5.5, 9.5], "texture": "#rail"},
				"down": {"uv": [0, 1.25, 3.625, 0], "texture": "#missing"}
			}
		},
		{
			"name": "clamp",
			"from": [10.5, 10.625, 8.375],
			"to": [14.125, 11, 9.625],
			"rotation": {"angle": -45, "axis": "x", "origin": [12, 10.375, 10.25]},
			"faces": {
				"north": {"uv": [5.5, 5.625, 2.125, 6], "texture": "#rail"},
				"east": {"uv": [5.5, 5.625, 4.25, 6], "texture": "#rail"},
				"south": {"uv": [2.125, 5.625, 5.5, 6], "texture": "#rail"},
				"west": {"uv": [11.75, 1.625, 10.5, 2], "texture": "#rail"},
				"up": {"uv": [2.125, 10.75, 5.5, 9.5], "texture": "#rail"},
				"down": {"uv": [0, 1.25, 3.625, 0], "texture": "#missing"}
			}
		},
		{
			"name": "clamp",
			"from": [2, 10.625, 8.375],
			"to": [5.625, 11, 9.625],
			"rotation": {"angle": -45, "axis": "x", "origin": [3.5, 10.375, 10.25]},
			"faces": {
				"north": {"uv": [5.5, 5.625, 2.125, 6], "texture": "#rail"},
				"east": {"uv": [5.5, 5.625, 4.25, 6], "texture": "#rail"},
				"south": {"uv": [2.125, 5.625, 5.5, 6], "texture": "#rail"},
				"west": {"uv": [11.75, 1.625, 10.5, 2], "texture": "#rail"},
				"up": {"uv": [2.125, 10.75, 5.5, 9.5], "texture": "#rail"},
				"down": {"uv": [0, 1.25, 3.625, 0], "texture": "#missing"}
			}
		},
		{
			"name": "clamp",
			"from": [10.5, 7.875, 5.625],
			"to": [14.125, 8.25, 6.875],
			"rotation": {"angle": -45, "axis": "x", "origin": [12, 7.625, 7.5]},
			"faces": {
				"north": {"uv": [5.5, 5.625, 2.125, 6], "texture": "#rail"},
				"east": {"uv": [5.5, 5.625, 4.25, 6], "texture": "#rail"},
				"south": {"uv": [2.125, 5.625, 5.5, 6], "texture": "#rail"},
				"west": {"uv": [11.75, 1.625, 10.5, 2], "texture": "#rail"},
				"up": {"uv": [2.125, 10.75, 5.5, 9.5], "texture": "#rail"},
				"down": {"uv": [0, 1.25, 3.625, 0], "texture": "#missing"}
			}
		},
		{
			"name": "clamp",
			"from": [2, 7.875, 5.625],
			"to": [5.625, 8.25, 6.875],
			"rotation": {"angle": -45, "axis": "x", "origin": [3.5, 7.625, 7.5]},
			"faces": {
				"north": {"uv": [5.5, 5.625, 2.125, 6], "texture": "#rail"},
				"east": {"uv": [5.5, 5.625, 4.25, 6], "texture": "#rail"},
				"south": {"uv": [2.125, 5.625, 5.5, 6], "texture": "#rail"},
				"west": {"uv": [11.75, 1.625, 10.5, 2], "texture": "#rail"},
				"up": {"uv": [2.125, 10.75, 5.5, 9.5], "texture": "#rail"},
				"down": {"uv": [0, 1.25, 3.625, 0], "texture": "#missing"}
			}
		},
		{
			"name": "clamp",
			"from": [10.5, 13.25, 11],
			"to": [14.125, 13.625, 12.25],
			"rotation": {"angle": -45, "axis": "x", "origin": [12, 13, 12.875]},
			"faces": {
				"north": {"uv": [5.5, 5.625, 2.125, 6], "texture": "#rail"},
				"east": {"uv": [5.5, 5.625, 4.25, 6], "texture": "#rail"},
				"south": {"uv": [2.125, 5.625, 5.5, 6], "texture": "#rail"},
				"west": {"uv": [11.75, 1.625, 10.5, 2], "texture": "#rail"},
				"up": {"uv": [2.125, 10.75, 5.5, 9.5], "texture": "#rail"},
				"down": {"uv": [0, 1.25, 3.625, 0], "texture": "#missing"}
			}
		},
		{
			"name": "clamp",
			"from": [2, 13.25, 11],
			"to": [5.625, 13.625, 12.25],
			"rotation": {"angle": -45, "axis": "x", "origin": [3.5, 13, 12.875]},
			"faces": {
				"north": {"uv": [5.5, 5.625, 2.125, 6], "texture": "#rail"},
				"east": {"uv": [5.5, 5.625, 4.25, 6], "texture": "#rail"},
				"south": {"uv": [2.125, 5.625, 5.5, 6], "texture": "#rail"},
				"west": {"uv": [11.75, 1.625, 10.5, 2], "texture": "#rail"},
				"up": {"uv": [2.125, 10.75, 5.5, 9.5], "texture": "#rail"},
				"down": {"uv": [0, 1.25, 3.625, 0], "texture": "#missing"}
			}
		},
		{
			"name": "clamp",
			"from": [2, 16, 13.75],
			"to": [5.625, 16.375, 15],
			"rotation": {"angle": -45, "axis": "x", "origin": [3.5, 15.75, 15.625]},
			"faces": {
				"north": {"uv": [5.5, 5.625, 2.125, 6], "texture": "#rail"},
				"east": {"uv": [5.5, 5.625, 4.25, 6], "texture": "#rail"},
				"south": {"uv": [2.125, 5.625, 5.5, 6], "texture": "#rail"},
				"west": {"uv": [11.75, 1.625, 10.5, 2], "texture": "#rail"},
				"up": {"uv": [2.125, 10.75, 5.5, 9.5], "texture": "#rail"},
				"down": {"uv": [0, 1.25, 3.625, 0], "texture": "#missing"}
			}
		},
		{
			"name": "clamp",
			"from": [10.5, 16, 13.75],
			"to": [14.125, 16.375, 15],
			"rotation": {"angle": -45, "axis": "x", "origin": [12, 15.75, 15.625]},
			"faces": {
				"north": {"uv": [5.5, 5.625, 2.125, 6], "texture": "#rail"},
				"east": {"uv": [5.5, 5.625, 4.25, 6], "texture": "#rail"},
				"south": {"uv": [2.125, 5.625, 5.5, 6], "texture": "#rail"},
				"west": {"uv": [11.75, 1.625, 10.5, 2], "texture": "#rail"},
				"up": {"uv": [2.125, 10.75, 5.5, 9.5], "texture": "#rail"},
				"down": {"uv": [0, 1.25, 3.625, 0], "texture": "#missing"}
			}
		},
		{
			"name": "rail",
			"from": [3.25, 1.625, 0.5],
			"to": [4.25, 2.875, 24.125],
			"rotation": {"angle": -45, "axis": "x", "origin": [3.75, 0.375, 1.625]},
			"faces": {
				"north": {"uv": [4.25, 5.625, 3.25, 6.625], "texture": "#rail"},
				"east": {"uv": [4.125, 0, 3.375, 16], "texture": "#rail", "rotation": 90},
				"south": {"uv": [4.25, 5.625, 3.25, 6.625], "texture": "#rail"},
				"west": {"uv": [4.125, 0, 3.375, 16], "texture": "#rail", "rotation": 90},
				"up": {"uv": [3.25, 16, 4.25, 0], "texture": "#rail"},
				"down": {"uv": [3.25, 16, 4.25, 0], "texture": "#rail"}
			}
		},
		{
			"name": "rail",
			"from": [11.75, 1.625, 0.5],
			"to": [12.75, 2.875, 24.125],
			"rotation": {"angle": -45, "axis": "x", "origin": [12.25, 0.375, 1.625]},
			"faces": {
				"north": {"uv": [4.25, 5.625, 3.25, 6.625], "texture": "#rail"},
				"east": {"uv": [4.125, 0, 3.375, 16], "texture": "#rail", "rotation": 90},
				"south": {"uv": [4.25, 5.625, 3.25, 6.625], "texture": "#rail"},
				"west": {"uv": [4.125, 0, 3.375, 16], "texture": "#rail", "rotation": 90},
				"up": {"uv": [3.25, 16, 4.25, 0], "texture": "#rail"},
				"down": {"uv": [3.25, 16, 4.25, 0], "texture": "#rail"}
			}
		},
		{
			"name": "activator",
			"from": [3.75, 5.225, -0.75],
			"to": [12.25, 5.525, 11.125],
			"rotation": {"angle": -45, "axis": "x", "origin": [8, 5.375, 5.25]},
			"faces": {
				"north": {"uv": [0, 0, 0, 0], "texture": "#rail-activator"},
				"east": {"uv": [8.375, 2, 7.25, 14], "texture": "#rail-activator", "rotation": 90},
				"south": {"uv": [0, 0, 0, 0], "texture": "#rail-activator"},
				"west": {"uv": [7.75, 2.25, 6.875, 14.25], "texture": "#rail-activator", "rotation": 90},
				"up": {"uv": [3.75, 14.125, 12.25, 2.125], "texture": "#rail-activator"},
				"down": {"uv": [4.25, 14.25, 11.75, 2.25], "texture": "#rail-activator"}
			}
		},
		{
			"name": "activator",
			"from": [3.75, 10.85, 8.625],
			"to": [12.25, 11.15, 16.25],
			"rotation": {"angle": -45, "axis": "x", "origin": [8, 11, 10.875]},
			"faces": {
				"north": {"uv": [0, 0, 0, 0], "texture": "#rail-activator"},
				"east": {"uv": [11.75, 4, 4.25, 4.29982], "texture": "#rail-activator", "rotation": 90},
				"south": {"uv": [0, 0, 0, 0], "texture": "#rail-activator"},
				"west": {"uv": [11.75, 4, 4.25, 4.29982], "texture": "#rail-activator", "rotation": 90},
				"up": {"uv": [3.75, 10.125, 12.25, 2.125], "texture": "#rail-activator"},
				"down": {"uv": [4.25, 10.125, 11.75, 2.25], "texture": "#rail-activator"}
			}
		}
	]
}