{
    "__createdwith": "opl's Model Creator",
    "ambientocclusion": false,
    "textures": {
        "top": "blocks/bed_head_top",
        "bed_birch": "blocks/bed_birch",
        "particle": "blocks/bed_head_top"
    },
    "elements": [
        {
            "from": [0.5,5.5,0],
            "to": [15.5,9,6],
            "faces": {
                "up": {
                    "uv": [0.5,16,15.5,10],
                    "texture": "#top"
                },
                "down": {
                    "texture": "missingtexture"
                },
                "west": {
                    "uv": [0,12.5,6,16],
                    "texture": "#top"
                },
                "east": {
                    "uv": [6,11.75,0,16],
                    "texture": "#top"
                },
                "south": {
                    "uv": [0.5,10,15.5,13.5],
                    "texture": "#top"
                }
            }
        },
        {
            "from": [0,3,0],
            "to": [0.5,6,15],
            "faces": {
                "up": {
                    "texture": "#bed_birch"
                },
                "down": {
                    "texture": "#bed_birch"
                },
                "west": {
                    "texture": "#bed_birch"
                },
                "east": {
                    "texture": "#bed_birch"
                },
                "north": {
                    "texture": "#bed_birch"
                }
            }
        },
        {
            "from": [15.5,3,0],
            "to": [16,6,15],
            "faces": {
                "up": {
                    "texture": "#bed_birch"
                },
                "down": {
                    "texture": "#bed_birch"
                },
                "west": {
                    "texture": "#bed_birch"
                },
                "east": {
                    "texture": "#bed_birch"
                },
                "north": {
                    "texture": "#bed_birch"
                }
            }
        },
        {
            "from": [0,15,15],
            "to": [16,16,16],
            "faces": {
                "up": {
                    "texture": "#bed_birch"
                },
                "down": {
                    "texture": "#bed_birch"
                },
                "west": {
                    "texture": "#bed_birch"
                },
                "east": {
                    "texture": "#bed_birch"
                },
                "north": {
                    "texture": "#bed_birch"
                },
                "south": {
                    "texture": "#bed_birch"
                }
            }
        },
        {
            "from": [7,14,15.25],
            "to": [9,15,15.75],
            "faces": {
                "west": {
                    "texture": "#bed_birch"
                },
                "east": {
                    "texture": "#bed_birch"
                },
                "north": {
                    "texture": "#bed_birch"
                },
                "south": {
                    "texture": "#bed_birch"
                }
            }
        },
        {
            "from": [0.5,5.5,6],
            "to": [15.5,8.5,15],
            "faces": {
                "up": {
                    "uv": [0.5,10,15.5,1],
                    "texture": "#top"
                },
                "down": {
                    "uv": [0.5,1,15.5,10],
                    "texture": "#top"
                },
                "west": {
                    "uv": [3,6.875,12,9.875],
                    "texture": "#top"
                },
                "east": {
                    "texture": "#top"
                },
                "north": {
                    "texture": "missingtexture"
                }
            }
        },
        {
            "from": [2,8.5,7],
            "to": [14,9.25,14],
            "faces": {
                "up": {
                    "uv": [1.875,1.5,13.875,8.5],
                    "texture": "#top"
                },
                "down": {
                    "texture": "missingtexture"
                },
                "west": {
                    "texture": "#top"
                },
                "east": {
                    "texture": "#top"
                },
                "north": {
                    "texture": "#top"
                },
                "south": {
                    "texture": "#top"
                }
            }
        },
        {
            "from": [2.75,9.25,7.75],
            "to": [13.25,9.5,13.25],
            "faces": {
                "up": {
                    "uv": [2.75,2.375,13.25,7.875],
                    "texture": "#top"
                },
                "west": {
                    "texture": "#top"
                },
                "east": {
                    "texture": "#top"
                },
                "north": {
                    "texture": "#top"
                },
                "south": {
                    "texture": "#top"
                }
            }
        },
        {
            "from": [1.75,8.5,7.25],
            "to": [14.25,9,13.75],
            "faces": {
                "up": {
                    "uv": [1.625,1.625,14.125,8.125],
                    "texture": "#top"
                },
                "down": {
                    "texture": "missingtexture"
                },
                "west": {
                    "texture": "#top"
                },
                "east": {
                    "texture": "#top"
                },
                "north": {
                    "texture": "#top"
                },
                "south": {
                    "texture": "#top"
                }
            }
        },
        {
            "from": [1.75,8,4.75],
            "to": [14.25,8.25,11.25],
            "faces": {
                "up": {
                    "texture": "missingtexture"
                },
                "down": {
                    "texture": "missingtexture"
                },
                "west": {
                    "texture": "missingtexture"
                },
                "east": {
                    "texture": "missingtexture"
                },
                "north": {
                    "texture": "missingtexture"
                },
                "south": {
                    "texture": "missingtexture"
                }
            }
        },
        {
            "from": [2.25,8.5,6.75],
            "to": [13.75,9,14.25],
            "faces": {
                "up": {
                    "uv": [2.25,1.25,13.75,8.75],
                    "texture": "#top"
                },
                "down": {
                    "texture": "missingtexture"
                },
                "west": {
                    "texture": "#top"
                },
                "east": {
                    "texture": "#top"
                },
                "north": {
                    "texture": "#top"
                },
                "south": {
                    "texture": "#top"
                }
            }
        },
        {
            "from": [0.5,5,1],
            "to": [15.5,5.5,2.5],
            "faces": {
                "down": {
                    "texture": "#bed_birch"
                },
                "west": {
                    "texture": "missingtexture"
                },
                "east": {
                    "texture": "missingtexture"
                },
                "north": {
                    "texture": "#bed_birch"
                },
                "south": {
                    "texture": "#bed_birch"
                }
            }
        },
        {
            "from": [0.5,5,4.5],
            "to": [15.5,5.5,6],
            "faces": {
                "down": {
                    "texture": "#bed_birch"
                },
                "west": {
                    "texture": "missingtexture"
                },
                "east": {
                    "texture": "missingtexture"
                },
                "north": {
                    "texture": "#bed_birch"
                },
                "south": {
                    "texture": "#bed_birch"
                }
            }
        },
        {
            "from": [0.5,5,8],
            "to": [15.5,5.5,9.5],
            "faces": {
                "down": {
                    "texture": "#bed_birch"
                },
                "west": {
                    "texture": "missingtexture"
                },
                "east": {
                    "texture": "missingtexture"
                },
                "north": {
                    "texture": "#bed_birch"
                },
                "south": {
                    "texture": "#bed_birch"
                }
            }
        },
        {
            "from": [0.5,5,11.5],
            "to": [15.5,5.5,13],
            "faces": {
                "down": {
                    "texture": "#bed_birch"
                },
                "west": {
                    "texture": "missingtexture"
                },
                "east": {
                    "texture": "missingtexture"
                },
                "north": {
                    "texture": "#bed_birch"
                },
                "south": {
                    "texture": "#bed_birch"
                }
            }
        },
        {
            "from": [0,0,15],
            "to": [16,14,16],
            "faces": {
                "up": {
                    "texture": "#bed_birch"
                },
                "down": {
                    "texture": "#bed_birch"
                },
                "west": {
                    "texture": "#bed_birch"
                },
                "east": {
                    "texture": "#bed_birch"
                },
                "north": {
                    "texture": "#bed_birch"
                },
                "south": {
                    "texture": "#bed_birch"
                }
            }
        }
    ]
}