{
    "__createdwith": "opl's Model Creator",
    "ambientocclusion": false,
    "textures": {
        "trapdoor": "blocks/trapdoor_birch",
		"particle": "blocks/trapdoor_birch"
    },
    "elements": [
        {
            "from": [0,14,0],
            "to": [16,16,4],
            "faces": {
                "up": {
                    "texture": "#trapdoor"
                },
                "down": {
                    "texture": "#trapdoor"
                },
                "west": {
                    "texture": "#trapdoor"
                },
                "east": {
                    "texture": "#trapdoor"
                },
                "north": {
                    "texture": "#trapdoor"
                },
                "south": {
                    "texture": "#trapdoor"
                }
            }
        },
        {
            "from": [0,14,12],
            "to": [16,16,16],
            "faces": {
                "up": {
                    "texture": "#trapdoor"
                },
                "down": {
                    "texture": "#trapdoor"
                },
                "west": {
                    "texture": "#trapdoor"
                },
                "east": {
                    "texture": "#trapdoor"
                },
                "north": {
                    "texture": "#trapdoor"
                },
                "south": {
                    "texture": "#trapdoor"
                }
            }
        },
        {
            "from": [0,14,4],
            "to": [4,16,12],
            "faces": {
                "up": {
                    "texture": "#trapdoor"
                },
                "down": {
                    "texture": "#trapdoor"
                },
                "west": {
                    "texture": "#trapdoor"
                },
                "east": {
                    "texture": "#trapdoor"
                }
            }
        },
        {
            "from": [12,14,4],
            "to": [16,16,12],
            "faces": {
                "up": {
                    "texture": "#trapdoor"
                },
                "down": {
                    "texture": "#trapdoor"
                },
                "west": {
                    "texture": "#trapdoor"
                },
                "east": {
                    "texture": "#trapdoor"
                }
            }
        },
        {
            "from": [7,14.5,4],
            "to": [9,15.5,12],
            "faces": {
                "up": {
                    "texture": "#trapdoor"
                },
                "down": {
                    "texture": "#trapdoor"
                },
                "west": {
                    "texture": "#trapdoor"
                },
                "east": {
                    "texture": "#trapdoor"
                }
            }
        },
        {
            "from": [4,14.6,7],
            "to": [12,15.4,9],
            "faces": {
                "up": {
                    "uv": [4.125,7,12.0625,9.125],
                    "texture": "#trapdoor"
                },
                "down": {
                    "uv": [4.125,7,12.125,9.125],
                    "texture": "#trapdoor"
                },
                "north": {
                    "texture": "#trapdoor"
                },
                "south": {
                    "texture": "#trapdoor"
                }
            }
        }
    ]
}