{
    "__createdwith": "opl's Model Creator",
    "ambientocclusion": false,
    "textures": {
        "door-birch": "blocks/door_birch_upper",
        "particle": "blocks/door_birch_upper"
    },
    "elements": [
        {
            "from": [0.5,12,0],
            "to": [2.5,16,16],
            "faces": {
                "up": {
                    "uv": [0,1,16,2.875],
                    "texture": "#door-birch",
                    "rotation": 90
                },
                "down": {
                    "uv": [0,0.875,16,2.875],
                    "texture": "#door-birch",
                    "rotation": 90
                },
                "west": {
                    "texture": "#door-birch"
                },
                "east": {
                    "uv": [16,0,0,4],
                    "texture": "#door-birch"
                },
                "north": {
                    "uv": [0.25,0,2.25,4],
                    "texture": "#door-birch"
                },
                "south": {
                    "uv": [13.25,0,15.25,4],
                    "texture": "#door-birch"
                }
            }
        },
        {
            "from": [0.5,0,0],
            "to": [2.5,4,16],
            "faces": {
                "up": {
                    "uv": [0,0,16,1.75],
                    "texture": "#door-birch",
                    "rotation": 90
                },
                "west": {
                    "uv": [0,12.125,16,16],
                    "texture": "#door-birch"
                },
                "east": {
                    "uv": [16,12.125,0,16],
                    "texture": "#door-birch"
                },
                "north": {
                    "uv": [0.5,12.125,2.5,16],
                    "texture": "#door-birch"
                },
                "south": {
                    "uv": [0.5,12.125,2.5,16],
                    "texture": "#door-birch"
                }
            }
        },
        {
            "from": [0.5,4,0],
            "to": [2.5,12,4],
            "faces": {
                "west": {
                    "uv": [0,4,4,12.125],
                    "texture": "#door-birch"
                },
                "east": {
                    "uv": [4,4,0,12.125],
                    "texture": "#door-birch"
                },
                "north": {
                    "uv": [0.25,4,2.25,12.125],
                    "texture": "#door-birch"
                },
                "south": {
                    "uv": [13.25,4,15.25,12.125],
                    "texture": "#door-birch"
                }
            }
        },
        {
            "from": [0.5,4,12],
            "to": [2.5,12,16],
            "faces": {
                "west": {
                    "uv": [12,4,16,12.125],
                    "texture": "#door-birch"
                },
                "east": {
                    "uv": [16,4,12,12.125],
                    "texture": "#door-birch"
                },
                "north": {
                    "uv": [13.375,4,15.375,12.125],
                    "texture": "#door-birch"
                },
                "south": {
                    "uv": [13.25,4,15.25,12.125],
                    "texture": "#door-birch"
                }
            }
        },
        {
            "from": [0.25,11,0],
            "to": [0.5,12.8,2.6000001],
            "faces": {
                "up": {
                    "uv": [0,3.375,2.5,3.6000004],
                    "texture": "#door-birch",
                    "rotation": 90
                },
                "down": {
                    "uv": [0,3.375,2.5,3.6000004],
                    "texture": "#door-birch"
                },
                "west": {
                    "texture": "#door-birch"
                },
                "north": {
                    "uv": [2.25,3.1999998,2.5,5],
                    "texture": "#door-birch"
                },
                "south": {
                    "uv": [1.125,3.1999998,1.375,5],
                    "texture": "#door-birch"
                }
            }
        },
        {
            "from": [2.5,11,0],
            "to": [2.75,12.8,2.6000004],
            "faces": {
                "up": {
                    "uv": [0,3.375,2.5,3.6000004],
                    "texture": "#door-birch",
                    "rotation": 90
                },
                "down": {
                    "uv": [0,3.25,2.5,3.5],
                    "texture": "#door-birch"
                },
                "west": {
                    "texture": "#door-birch"
                },
                "east": {
                    "uv": [0,3.1999998,2.6000004,5],
                    "texture": "#door-birch"
                },
                "north": {
                    "uv": [0,3.1999998,0.25,5],
                    "texture": "#door-birch"
                },
                "south": {
                    "uv": [2.25,3.1999998,2.5,5],
                    "texture": "#door-birch"
                }
            }
        }
    ]
}