{
    "__createdwith": "opl's Model Creator",
    "ambientocclusion": false,
    "textures": {
        "birch_planks": "blocks/planks_birch_3d",
        "particle": "blocks/planks_birch_3d"
    },
    "elements": [
        {
            "from": [14.75,0,6.75],
            "to": [17.25,12.25,9.25],
            "faces": {
                "down": {
                    "texture": "#birch_planks"
                },
                "west": {
                    "uv": [10,3.75,12.5,16],
                    "texture": "#birch_planks"
                },
                "east": {
                    "texture": "#birch_planks"
                },
                "north": {
                    "uv": [13.5,3.75,16,16],
                    "texture": "#birch_planks"
                },
                "south": {
                    "uv": [13.5,3,16,16],
                    "texture": "#birch_planks"
                }
            }
        },
        {
            "from": [-1.5,12.25,6.5],
            "to": [1.5,12.5,9.5],
            "faces": {
                "down": {
                    "texture": "#birch_planks"
                },
                "west": {
                    "texture": "#birch_planks"
                },
                "east": {
                    "texture": "#birch_planks"
                },
                "north": {
                    "uv": [0,3,2.5,16],
                    "texture": "#birch_planks"
                },
                "south": {
                    "uv": [0,3,2.5,16],
                    "texture": "#birch_planks"
                }
            }
        },
        {
            "from": [-1.25,0,6.75],
            "to": [1.25,12.25,9.25],
            "faces": {
                "down": {
                    "texture": "#birch_planks"
                },
                "west": {
                    "texture": "#birch_planks"
                },
                "east": {
                    "texture": "#birch_planks"
                },
                "north": {
                    "uv": [0,3,2.5,16],
                    "texture": "#birch_planks"
                },
                "south": {
                    "uv": [0,3,2.5,16],
                    "texture": "#birch_planks"
                }
            }
        },
        {
            "from": [-1.75,12.5,6.25],
            "to": [1.75,12.75,9.75],
            "faces": {
                "up": {
                    "uv": [0,6.25,3.5,9.75],
                    "texture": "#birch_planks"
                },
                "down": {
                    "texture": "#birch_planks"
                },
                "west": {
                    "texture": "#birch_planks"
                },
                "east": {
                    "texture": "#birch_planks"
                },
                "north": {
                    "uv": [0,3,2.5,16],
                    "texture": "#birch_planks"
                },
                "south": {
                    "uv": [0,3,2.5,16],
                    "texture": "#birch_planks"
                }
            }
        },
        {
            "from": [14.5,12.25,6.5],
            "to": [17.5,12.5,9.5],
            "faces": {
                "down": {
                    "texture": "#birch_planks"
                },
                "west": {
                    "texture": "#birch_planks"
                },
                "east": {
                    "texture": "#birch_planks"
                },
                "north": {
                    "uv": [13.5,3,16,16],
                    "texture": "#birch_planks"
                },
                "south": {
                    "uv": [13.5,3,16,16],
                    "texture": "#birch_planks"
                }
            }
        },
        {
            "from": [14.25,12.5,6.25],
            "to": [17.75,12.75,9.75],
            "faces": {
                "up": {
                    "uv": [12.5,6.25,16,9.75],
                    "texture": "#birch_planks"
                },
                "down": {
                    "texture": "#birch_planks"
                },
                "west": {
                    "texture": "#birch_planks"
                },
                "east": {
                    "texture": "#birch_planks"
                },
                "north": {
                    "uv": [13.5,3,16,16],
                    "texture": "#birch_planks"
                },
                "south": {
                    "uv": [13.5,3,16,16],
                    "texture": "#birch_planks"
                }
            }
        },
        {
            "from": [-0.5,8.5,9.25],
            "to": [0.5,9.5,16],
            "faces": {
                "up": {
                    "uv": [0,0,1,6.75],
                    "texture": "#birch_planks"
                },
                "down": {
                    "uv": [0,0,1,6.75],
                    "texture": "#birch_planks"
                },
                "west": {
                    "texture": "#birch_planks"
                },
                "east": {
                    "texture": "#birch_planks"
                },
                "south": {
                    "uv": [0,6.5,1,7.5],
                    "texture": "#birch_planks"
                }
            }
        },
        {
            "from": [-0.5,1.5,9.25],
            "to": [0.5,2.5,16],
            "faces": {
                "up": {
                    "uv": [0,0,1,6.75],
                    "texture": "#birch_planks"
                },
                "down": {
                    "uv": [0,0,1,6.75],
                    "texture": "#birch_planks"
                },
                "west": {
                    "texture": "#birch_planks"
                },
                "east": {
                    "texture": "#birch_planks"
                },
                "south": {
                    "uv": [0,13.5,1,14.5],
                    "texture": "#birch_planks"
                }
            }
        },
        {
            "from": [15.5,8.5,9.25],
            "to": [16.5,9.5,16],
            "faces": {
                "up": {
                    "uv": [15,0,16,6.75],
                    "texture": "#birch_planks"
                },
                "down": {
                    "uv": [15,0,16,6.75],
                    "texture": "#birch_planks"
                },
                "west": {
                    "texture": "#birch_planks"
                },
                "east": {
                    "texture": "#birch_planks"
                },
                "south": {
                    "texture": "#birch_planks"
                }
            }
        },
        {
            "from": [15.5,1.5,9.25],
            "to": [16.5,2.5,16],
            "faces": {
                "up": {
                    "uv": [15,0,16,6.75],
                    "texture": "#birch_planks"
                },
                "down": {
                    "uv": [15,0,16,6.75],
                    "texture": "#birch_planks"
                },
                "west": {
                    "texture": "#birch_planks"
                },
                "east": {
                    "texture": "#birch_planks"
                },
                "south": {
                    "texture": "#birch_planks"
                }
            }
        },
        {
            "from": [0.5,0.25,10.25],
            "to": [1,11.75,11.75],
            "faces": {
                "up": {
                    "texture": "#birch_planks"
                },
                "down": {
                    "texture": "#birch_planks"
                },
                "west": {
                    "texture": "#birch_planks"
                },
                "east": {
                    "texture": "#birch_planks"
                },
                "north": {
                    "texture": "#birch_planks"
                },
                "south": {
                    "texture": "#birch_planks"
                }
            }
        },
        {
            "from": [-1,0.25,10.25],
            "to": [-0.5,11.75,11.75],
            "faces": {
                "up": {
                    "uv": [0,10.25,0.5,11.75],
                    "texture": "#birch_planks"
                },
                "down": {
                    "uv": [0,10.25,0.5,11.75],
                    "texture": "#birch_planks"
                },
                "west": {
                    "texture": "#birch_planks"
                },
                "east": {
                    "texture": "#birch_planks"
                },
                "north": {
                    "uv": [0,4.25,0.5,15.75],
                    "texture": "#birch_planks"
                },
                "south": {
                    "uv": [0,4.25,0.5,15.75],
                    "texture": "#birch_planks"
                }
            }
        },
        {
            "from": [0.5,0.25,12.75],
            "to": [1,13,14.25],
            "faces": {
                "up": {
                    "texture": "#birch_planks"
                },
                "down": {
                    "texture": "#birch_planks"
                },
                "west": {
                    "texture": "#birch_planks"
                },
                "east": {
                    "texture": "#birch_planks"
                },
                "north": {
                    "texture": "#birch_planks"
                },
                "south": {
                    "texture": "#birch_planks"
                }
            }
        },
        {
            "from": [0.5,0.25,15.25],
            "to": [1,13.5,16],
            "faces": {
                "up": {
                    "texture": "#birch_planks"
                },
                "down": {
                    "texture": "#birch_planks"
                },
                "west": {
                    "texture": "#birch_planks"
                },
                "east": {
                    "texture": "#birch_planks"
                },
                "north": {
                    "texture": "#birch_planks"
                },
                "south": {
                    "texture": "#birch_planks"
                }
            }
        },
        {
            "from": [-1,0.25,15.25],
            "to": [-0.5,13.5,16],
            "faces": {
                "up": {
                    "texture": "#birch_planks"
                },
                "down": {
                    "texture": "#birch_planks"
                },
                "west": {
                    "texture": "#birch_planks"
                },
                "east": {
                    "texture": "#birch_planks"
                },
                "north": {
                    "uv": [0,4.25,0.5,15.75],
                    "texture": "#birch_planks"
                },
                "south": {
                    "uv": [0,4.25,0.5,15.75],
                    "texture": "#birch_planks"
                }
            }
        },
        {
            "from": [-1,0.25,12.75],
            "to": [-0.5,13,14.25],
            "faces": {
                "up": {
                    "texture": "#birch_planks"
                },
                "down": {
                    "texture": "#birch_planks"
                },
                "west": {
                    "texture": "#birch_planks"
                },
                "east": {
                    "texture": "#birch_planks"
                },
                "north": {
                    "uv": [0,4.25,0.5,15.75],
                    "texture": "#birch_planks"
                },
                "south": {
                    "uv": [0,4.25,0.5,15.75],
                    "texture": "#birch_planks"
                }
            }
        },
        {
            "from": [15,0.25,10.25],
            "to": [15.5,11.75,11.75],
            "faces": {
                "up": {
                    "texture": "#birch_planks"
                },
                "down": {
                    "texture": "#birch_planks"
                },
                "west": {
                    "texture": "#birch_planks"
                },
                "east": {
                    "texture": "#birch_planks"
                },
                "north": {
                    "texture": "#birch_planks"
                },
                "south": {
                    "texture": "#birch_planks"
                }
            }
        },
        {
            "from": [15,0.25,12.75],
            "to": [15.5,13,14.25],
            "faces": {
                "up": {
                    "texture": "#birch_planks"
                },
                "down": {
                    "texture": "#birch_planks"
                },
                "west": {
                    "texture": "#birch_planks"
                },
                "east": {
                    "texture": "#birch_planks"
                },
                "north": {
                    "texture": "#birch_planks"
                },
                "south": {
                    "texture": "#birch_planks"
                }
            }
        },
        {
            "from": [15,0.25,15.25],
            "to": [15.5,13.5,16],
            "faces": {
                "up": {
                    "texture": "#birch_planks"
                },
                "down": {
                    "texture": "#birch_planks"
                },
                "west": {
                    "texture": "#birch_planks"
                },
                "east": {
                    "texture": "#birch_planks"
                },
                "north": {
                    "texture": "#birch_planks"
                },
                "south": {
                    "texture": "#birch_planks"
                }
            }
        },
        {
            "from": [16.5,0.25,15.25],
            "to": [17,13.5,16],
            "faces": {
                "up": {
                    "uv": [15.5,15.25,16,16],
                    "texture": "#birch_planks"
                },
                "down": {
                    "uv": [15.5,15.25,16,16],
                    "texture": "#birch_planks"
                },
                "west": {
                    "texture": "#birch_planks"
                },
                "east": {
                    "texture": "#birch_planks"
                },
                "north": {
                    "uv": [15.5,2.5,16,15.75],
                    "texture": "#birch_planks"
                },
                "south": {
                    "uv": [15.5,2.5,16,15.75],
                    "texture": "#birch_planks"
                }
            }
        },
        {
            "from": [16.5,0.25,12.75],
            "to": [17,13,14.25],
            "faces": {
                "up": {
                    "uv": [15.5,12.875,16,14.375],
                    "texture": "#birch_planks"
                },
                "down": {
                    "uv": [15.5,12.625,16,14.125],
                    "texture": "#birch_planks"
                },
                "west": {
                    "texture": "#birch_planks"
                },
                "east": {
                    "texture": "#birch_planks"
                },
                "north": {
                    "uv": [15.5,3,16,15.75],
                    "texture": "#birch_planks"
                },
                "south": {
                    "uv": [15.5,3,16,15.75],
                    "texture": "#birch_planks"
                }
            }
        },
        {
            "from": [16.5,0.25,10.25],
            "to": [17,11.75,11.75],
            "faces": {
                "up": {
                    "uv": [15.5,10.25,16,11.75],
                    "texture": "#birch_planks"
                },
                "down": {
                    "uv": [15.5,10.25,16,11.75],
                    "texture": "#birch_planks"
                },
                "west": {
                    "texture": "#birch_planks"
                },
                "east": {
                    "texture": "#birch_planks"
                },
                "north": {
                    "uv": [15.5,4.25,16,15.75],
                    "texture": "#birch_planks"
                },
                "south": {
                    "uv": [15.5,4.25,16,15.75],
                    "texture": "#birch_planks"
                }
            }
        }
    ]
}