{   "parent": "block/block",
    "__createdwith": "opl's Model Creator",
    "ambientocclusion": false,
	
	"display": {
		"firstperson_righthand": {
			"rotation": [ 0, 45, 0 ],
			"translation": [ 1, 4, 0 ],
			"scale": [ 0.4, 0.4, 0.4 ]
		},
		"firstperson_lefthand": {
			"rotation": [ 0, 45, 0 ],
			"translation": [ 1, 4, 0 ],
			"scale": [ 0.4, 0.4, 0.4 ]
		},
		"thirdperson_righthand": {
			"rotation": [ 75, 45, 0 ],
			"translation": [ 0, 2, 2.5 ],
			"scale": [ 0.4, 0.4, 0.4 ]
		},
		"thirdperson_lefthand": {
			"rotation": [ 75, 45, 0 ],
			"translation": [ 0, 2, 2.5 ],
			"scale": [ 0.4, 0.4, 0.4 ]
		},
		"ground": {
			"rotation": [ 0, 0, 0 ],
			"translation": [ 0, 3, 0 ],
			"scale": [ 0.25, 0.25, 0.25 ]
		},
		"fixed": {
			"rotation": [ 0, 0, 0 ],
			"translation": [ 0, 0, 0 ],
			"scale": [ 0.5, 0.5, 0.5 ]
		},
		"gui": {
			"rotation": [ 30, 45, 0 ],
			"translation": [ 0, 0, 0 ],
			"scale": [ 0.7, 0.7, 0.7 ]
		}
	},
	
    "textures": {
        "trapdoor": "blocks/trapdoor_birch",
		"particle": "blocks/trapdoor_birch"
    },
    "elements": [
        {
            "from": [0,0,12],
            "to": [16,2,16],
            "faces": {
                "up": {
                    "texture": "#trapdoor"
                },
                "down": {
                    "texture": "#trapdoor"
                },
                "west": {
                    "texture": "#trapdoor"
                },
                "east": {
                    "texture": "#trapdoor"
                },
                "north": {
                    "texture": "#trapdoor"
                },
                "south": {
                    "texture": "#trapdoor"
                }
            }
        },
        {
            "from": [0,0,4],
            "to": [4,2,12],
            "faces": {
                "up": {
                    "texture": "#trapdoor"
                },
                "down": {
                    "texture": "#trapdoor"
                },
                "west": {
                    "texture": "#trapdoor"
                },
                "east": {
                    "texture": "#trapdoor"
                }
            }
        },
        {
            "from": [0,0,0],
            "to": [16,2,4],
            "faces": {
                "up": {
                    "texture": "#trapdoor"
                },
                "down": {
                    "texture": "#trapdoor"
                },
                "west": {
                    "texture": "#trapdoor"
                },
                "east": {
                    "texture": "#trapdoor"
                },
                "north": {
                    "texture": "#trapdoor"
                },
                "south": {
                    "texture": "#trapdoor"
                }
            }
        },
        {
            "from": [12,0,4],
            "to": [16,2,12],
            "faces": {
                "up": {
                    "texture": "#trapdoor"
                },
                "down": {
                    "texture": "#trapdoor"
                },
                "west": {
                    "texture": "#trapdoor"
                },
                "east": {
                    "texture": "#trapdoor"
                }
            }
        },
        {
            "from": [4,0.6000004,7],
            "to": [12,1.3999996,9],
            "faces": {
                "up": {
                    "uv": [4.125,7,12.0625,9.125],
                    "texture": "#trapdoor"
                },
                "down": {
                    "uv": [4.125,7,12.125,9.125],
                    "texture": "#trapdoor"
                },
                "north": {
                    "texture": "#trapdoor"
                },
                "south": {
                    "texture": "#trapdoor"
                }
            }
        },
        {
            "from": [7,0.5,4],
            "to": [9,1.5,12],
            "faces": {
                "up": {
                    "texture": "#trapdoor"
                },
                "down": {
                    "texture": "#trapdoor"
                },
                "west": {
                    "texture": "#trapdoor"
                },
                "east": {
                    "texture": "#trapdoor"
                }
            }
        }
    ]
}