{
    "__createdwith": "opl's Model Creator",
    "ambientocclusion": false,
    "textures": {
        "birch_planks": "blocks/planks_birch_3d",
        "particle": "blocks/planks_birch_3d"
    },
    "elements": [
        {
            "from": [7.5,1.5,0],
            "to": [8.5,2.5,7],
            "faces": {
                "up": {
                    "texture": "#birch_planks"
                },
                "down": {
                    "texture": "#birch_planks"
                },
                "west": {
                    "texture": "#birch_planks"
                },
                "east": {
                    "texture": "#birch_planks"
                },
                "north": {
                    "texture": "#birch_planks"
                }
            }
        },
        {
            "from": [7.5,8.5,0],
            "to": [8.5,9.5,7],
            "faces": {
                "up": {
                    "texture": "#birch_planks"
                },
                "down": {
                    "texture": "#birch_planks"
                },
                "west": {
                    "texture": "#birch_planks"
                },
                "east": {
                    "texture": "#birch_planks"
                },
                "north": {
                    "texture": "#birch_planks"
                }
            }
        },
        {
            "from": [7,0.25,4.75],
            "to": [7.5,13.5,6.25],
            "faces": {
                "up": {
                    "texture": "#birch_planks"
                },
                "down": {
                    "texture": "#birch_planks"
                },
                "west": {
                    "texture": "#birch_planks"
                },
                "east": {
                    "texture": "#birch_planks"
                },
                "north": {
                    "texture": "#birch_planks"
                },
                "south": {
                    "texture": "#birch_planks"
                }
            }
        },
        {
            "from": [8.5,0.25,4.75],
            "to": [9,13.5,6.25],
            "faces": {
                "up": {
                    "texture": "#birch_planks"
                },
                "down": {
                    "texture": "#birch_planks"
                },
                "west": {
                    "texture": "#birch_planks"
                },
                "east": {
                    "texture": "#birch_planks"
                },
                "north": {
                    "texture": "#birch_planks"
                },
                "south": {
                    "texture": "#birch_planks"
                }
            }
        },
        {
            "from": [8.5,0.25,2],
            "to": [9,12.25,3.5],
            "faces": {
                "up": {
                    "texture": "#birch_planks"
                },
                "down": {
                    "texture": "#birch_planks"
                },
                "west": {
                    "texture": "#birch_planks"
                },
                "east": {
                    "texture": "#birch_planks"
                },
                "north": {
                    "texture": "#birch_planks"
                },
                "south": {
                    "texture": "#birch_planks"
                }
            }
        },
        {
            "from": [7,0.25,2],
            "to": [7.5,12.25,3.5],
            "faces": {
                "up": {
                    "texture": "#birch_planks"
                },
                "down": {
                    "texture": "#birch_planks"
                },
                "west": {
                    "texture": "#birch_planks"
                },
                "east": {
                    "texture": "#birch_planks"
                },
                "north": {
                    "texture": "#birch_planks"
                },
                "south": {
                    "texture": "#birch_planks"
                }
            }
        },
        {
            "from": [8.5,0.25,0],
            "to": [9,11.75,0.75],
            "faces": {
                "up": {
                    "texture": "#birch_planks"
                },
                "down": {
                    "texture": "#birch_planks"
                },
                "west": {
                    "texture": "#birch_planks"
                },
                "east": {
                    "texture": "#birch_planks"
                },
                "north": {
                    "texture": "#birch_planks"
                },
                "south": {
                    "texture": "#birch_planks"
                }
            }
        },
        {
            "from": [7,0.25,0],
            "to": [7.5,11.75,0.75],
            "faces": {
                "up": {
                    "texture": "#birch_planks"
                },
                "down": {
                    "texture": "#birch_planks"
                },
                "west": {
                    "texture": "#birch_planks"
                },
                "east": {
                    "texture": "#birch_planks"
                },
                "north": {
                    "texture": "#birch_planks"
                },
                "south": {
                    "texture": "#birch_planks"
                }
            }
        }
    ]
}