{
    "__createdwith": "opl's Model Creator",
    "ambientocclusion": false,
	
	"display": {
        "firstperson_righthand": {
            "rotation": [ 0, 45, 0 ],
            "translation": [ 0, 0, 0 ],
            "scale": [ 0.40, 0.40, 0.40 ]
        },
        "firstperson_lefthand": {
            "rotation": [ 0, 225, 0 ],
            "translation": [ 0, 0, 0 ],
            "scale": [ 0.40, 0.40, 0.40 ]
        },
        "thirdperson_righthand": {
            "rotation": [ 75, 45, 0 ],
            "translation": [ 0, 2.5, 0],
            "scale": [ 0.375, 0.375, 0.375 ]
        },
		"thirdperson_lefthand": {
            "rotation": [ 75, 45, 0 ],
            "translation": [ 0, 2.5, 0],
            "scale": [ 0.375, 0.375, 0.375 ]
			},
        "ground": {
            "rotation": [ 0, 0, 0 ],
            "translation": [ 0, 3, 0],
            "scale":[ 0.25, 0.25, 0.25 ]
        },
        "gui": {
            "rotation": [ 30, 135, 0 ],
            "translation": [ 0, 0, 0],
            "scale":[ 0.625, 0.625, 0.625 ]
        },
        "fixed": {
            "rotation": [ 0, 90, 0 ],
            "translation": [ 0, 0, 0],
            "scale":[ 0.5, 0.5, 0.5 ]
        }
	},
	
    "textures": {
        "particle": "blocks/planks_birch_3d",
        "birch-planks": "blocks/planks_birch_3d"
    },
    "elements": [
        {
            "from": [7.5,12,0],
            "to": [8.5,13,16],
            "faces": {
                "up": {
                    "texture": "#birch-planks"
                },
                "down": {
                    "texture": "#birch-planks"
                },
                "west": {
                    "texture": "#birch-planks"
                },
                "east": {
                    "texture": "#birch-planks"
                },
                "north": {
                    "texture": "#birch-planks"
                },
                "south": {
                    "texture": "#birch-planks"
                }
            }
        },
        {
            "from": [7,0,0],
            "to": [7.5,16,4],
            "faces": {
                "up": {
                    "texture": "#birch-planks"
                },
                "down": {
                    "texture": "#birch-planks"
                },
                "west": {
                    "texture": "#birch-planks"
                },
                "east": {
                    "texture": "#birch-planks"
                },
                "north": {
                    "texture": "#birch-planks"
                },
                "south": {
                    "texture": "#birch-planks"
                }
            }
        },
        {
            "from": [8.5,0,4],
            "to": [9,16,8],
            "faces": {
                "up": {
                    "texture": "#birch-planks"
                },
                "down": {
                    "texture": "#birch-planks"
                },
                "west": {
                    "texture": "#birch-planks"
                },
                "east": {
                    "texture": "#birch-planks"
                },
                "north": {
                    "texture": "#birch-planks"
                },
                "south": {
                    "texture": "#birch-planks"
                }
            }
        },
        {
            "from": [7,0,8],
            "to": [7.5,16,12],
            "faces": {
                "up": {
                    "texture": "#birch-planks"
                },
                "down": {
                    "texture": "#birch-planks"
                },
                "west": {
                    "texture": "#birch-planks"
                },
                "east": {
                    "texture": "#birch-planks"
                },
                "north": {
                    "texture": "#birch-planks"
                },
                "south": {
                    "texture": "#birch-planks"
                }
            }
        },
        {
            "from": [8.5,0,12],
            "to": [9,16,16],
            "faces": {
                "up": {
                    "texture": "#birch-planks"
                },
                "down": {
                    "texture": "#birch-planks"
                },
                "west": {
                    "texture": "#birch-planks"
                },
                "east": {
                    "texture": "#birch-planks"
                },
                "north": {
                    "texture": "#birch-planks"
                },
                "south": {
                    "texture": "#birch-planks"
                }
            }
        },
        {
            "from": [7.5,4,0],
            "to": [8.5,5,16],
            "faces": {
                "up": {
                    "texture": "#birch-planks"
                },
                "down": {
                    "texture": "#birch-planks"
                },
                "west": {
                    "texture": "#birch-planks"
                },
                "east": {
                    "texture": "#birch-planks"
                },
                "north": {
                    "texture": "#birch-planks"
                },
                "south": {
                    "texture": "#birch-planks"
                }
            }
        }
    ]
}