{
    "__createdwith": "opl's Model Creator",
    "ambientocclusion": false,
    "textures": {
        "trapdoor": "blocks/trapdoor_birch",
        "particle": "blocks/trapdoor_birch"
    },
    "elements": [
        {
            "from": [0,0,13.5],
            "to": [16,4,15.5],
            "faces": {
                "up": {
                    "texture": "#trapdoor"
                },
                "down": {
                    "texture": "#trapdoor"
                },
                "west": {
                    "texture": "#trapdoor"
                },
                "east": {
                    "texture": "#trapdoor"
                },
                "north": {
                    "texture": "#trapdoor"
                },
                "south": {
                    "texture": "#trapdoor"
                }
            }
        },
        {
            "from": [0,12,13.5],
            "to": [16,16,15.5],
            "faces": {
                "up": {
                    "texture": "#trapdoor"
                },
                "down": {
                    "texture": "#trapdoor"
                },
                "west": {
                    "texture": "#trapdoor"
                },
                "east": {
                    "texture": "#trapdoor"
                },
                "north": {
                    "texture": "#trapdoor"
                },
                "south": {
                    "texture": "#trapdoor"
                }
            }
        },
        {
            "from": [0,4,13.5],
            "to": [4,12,15.5],
            "faces": {
                "west": {
                    "texture": "#trapdoor"
                },
                "east": {
                    "texture": "#trapdoor"
                },
                "north": {
                    "texture": "#trapdoor"
                },
                "south": {
                    "texture": "#trapdoor"
                }
            }
        },
        {
            "from": [12,4,13.5],
            "to": [16,12,15.5],
            "faces": {
                "west": {
                    "texture": "#trapdoor"
                },
                "east": {
                    "texture": "#trapdoor"
                },
                "north": {
                    "texture": "#trapdoor"
                },
                "south": {
                    "texture": "#trapdoor"
                }
            }
        },
        {
            "from": [7,4,14],
            "to": [9,12,15],
            "faces": {
                "west": {
                    "texture": "#trapdoor"
                },
                "east": {
                    "texture": "#trapdoor"
                },
                "north": {
                    "texture": "#trapdoor"
                },
                "south": {
                    "texture": "#trapdoor"
                }
            }
        },
        {
            "from": [4,7,14.1],
            "to": [12,9,14.9],
            "faces": {
                "up": {
                    "texture": "#trapdoor"
                },
                "down": {
                    "texture": "#trapdoor"
                },
                "north": {
                    "uv": [4.125,7,12.125,9.125],
                    "texture": "#trapdoor"
                },
                "south": {
                    "uv": [4.125,7,12.125,9.125],
                    "texture": "#trapdoor"
                }
            }
        }
    ]
}