{
    "__createdwith": "opl's Model Creator",
    "ambientocclusion": false,
    "textures": {
        "trapdoor": "blocks/trapdoor_dark_oak",
        "particle": "blocks/trapdoor_dark_oak"
    },
    "elements": [
        {
            "from": [0,0,14],
            "to": [16,1.75,15.5],
            "faces": {
                "up": {
                    "uv": [0,14.625,16,16],
                    "texture": "#trapdoor",
                    "rotation": 90
                },
                "down": {
                    "uv": [0,14.625,16,16],
                    "texture": "#trapdoor"
                },
                "west": {
                    "uv": [0,14.25,1.375,16],
                    "texture": "#trapdoor"
                },
                "east": {
                    "uv": [16,14.25,14.625,16],
                    "texture": "#trapdoor"
                },
                "north": {
                    "uv": [16,14.25,0,16],
                    "texture": "#trapdoor"
                },
                "south": {
                    "texture": "#trapdoor"
                }
            }
        },
        {
            "from": [14.25,1.75,14],
            "to": [16,14.25,15.5],
            "faces": {
                "west": {
                    "texture": "#trapdoor"
                },
                "east": {
                    "uv": [16,1.75,14.625,14.25],
                    "texture": "#trapdoor"
                },
                "north": {
                    "uv": [16,1.75,14.25,14.25],
                    "texture": "#trapdoor"
                },
                "south": {
                    "texture": "#trapdoor"
                }
            }
        },
        {
            "from": [0,1.75,14],
            "to": [1.75,14.25,15.5],
            "faces": {
                "west": {
                    "uv": [0,1.75,1.375,14.25],
                    "texture": "#trapdoor"
                },
                "east": {
                    "uv": [16,1.75,14.25,14.25],
                    "texture": "#trapdoor"
                },
                "north": {
                    "uv": [1.75,1.75,0,14.25],
                    "texture": "#trapdoor"
                },
                "south": {
                    "texture": "#trapdoor"
                }
            }
        },
        {
            "from": [0,14.25,14],
            "to": [16,16,15.5],
            "faces": {
                "up": {
                    "uv": [0,0,16,1.375],
                    "texture": "#trapdoor"
                },
                "down": {
                    "uv": [16,14.625,0,16],
                    "texture": "#trapdoor",
                    "rotation": 90
                },
                "west": {
                    "uv": [0,0,1.375,1.75],
                    "texture": "#trapdoor"
                },
                "east": {
                    "uv": [16,0,14.625,1.75],
                    "texture": "#trapdoor"
                },
                "north": {
                    "uv": [16,0,0,1.75],
                    "texture": "#trapdoor"
                },
                "south": {
                    "texture": "#trapdoor"
                }
            }
        },
        {
            "from": [1.75,13,14.25],
            "to": [14.25,14.25,15.25],
            "faces": {
                "north": {
                    "uv": [14.25,1.75,1.75,3],
                    "texture": "#trapdoor"
                },
                "south": {
                    "texture": "#trapdoor"
                }
            }
        },
        {
            "from": [1.75,1.75,14.25],
            "to": [14.25,3,15.25],
            "faces": {
                "north": {
                    "uv": [14.25,13,1.75,14.25],
                    "texture": "#trapdoor"
                },
                "south": {
                    "texture": "#trapdoor"
                }
            }
        },
        {
            "from": [1.75,3,14.25],
            "to": [4.25,13,15.25],
            "faces": {
                "north": {
                    "uv": [4.25,3,1.75,13],
                    "texture": "#trapdoor"
                },
                "south": {
                    "texture": "#trapdoor"
                }
            }
        },
        {
            "from": [11.75,3,14.25],
            "to": [14.25,13,15.25],
            "faces": {
                "north": {
                    "uv": [14.25,3,11.75,13],
                    "texture": "#trapdoor"
                },
                "south": {
                    "texture": "#trapdoor"
                }
            }
        },
        {
            "from": [4.25,11,14.25],
            "to": [6.25,13,15.25],
            "faces": {
                "north": {
                    "uv": [6.25,3,4.25,5],
                    "texture": "#trapdoor"
                },
                "south": {
                    "texture": "#trapdoor"
                }
            }
        },
        {
            "from": [9.75,11,14.25],
            "to": [11.75,13,15.25],
            "faces": {
                "north": {
                    "uv": [11.75,3,9.75,5],
                    "texture": "#trapdoor"
                },
                "south": {
                    "texture": "#trapdoor"
                }
            }
        },
        {
            "from": [9.75,3,14.25],
            "to": [11.75,5,15.25],
            "faces": {
                "north": {
                    "uv": [11.75,11,9.75,13],
                    "texture": "#trapdoor"
                },
                "south": {
                    "texture": "#trapdoor"
                }
            }
        },
        {
            "from": [4.25,3,14.25],
            "to": [6.25,5,15.25],
            "faces": {
                "north": {
                    "uv": [6.25,11,4.25,13],
                    "texture": "#trapdoor"
                },
                "south": {
                    "texture": "#trapdoor"
                }
            }
        },
        {
            "from": [5.75,5,14.25],
            "to": [6.25,11,15.25],
            "faces": {
                "north": {
                    "uv": [6.25,5,5.75,11],
                    "texture": "#trapdoor"
                },
                "south": {
                    "texture": "#trapdoor"
                }
            }
        },
        {
            "from": [9.75,5,14.25],
            "to": [10.25,11,15.25],
            "faces": {
                "north": {
                    "uv": [10.25,5,9.75,11],
                    "texture": "#trapdoor"
                },
                "south": {
                    "texture": "#trapdoor"
                }
            }
        },
        {
            "from": [6.25,12.75,14],
            "to": [9.75,13,15.5],
            "faces": {
                "up": {
                    "uv": [6.25,3,9.75,4.5],
                    "texture": "#trapdoor"
                },
                "down": {
                    "uv": [6.25,3,9.75,4.5],
                    "texture": "#trapdoor"
                },
                "west": {
                    "uv": [8,3,9.5,3.25],
                    "texture": "#trapdoor"
                },
                "east": {
                    "uv": [6.5,3,8,3.25],
                    "texture": "#trapdoor"
                },
                "north": {
                    "texture": "#trapdoor"
                },
                "south": {
                    "texture": "#trapdoor"
                }
            }
        },
        {
            "from": [6.25,3.25,14],
            "to": [6.5,12.75,15.5],
            "faces": {
                "west": {
                    "uv": [8,3.25,9.5,12.75],
                    "texture": "#trapdoor"
                },
                "east": {
                    "uv": [6.5,3.25,8,12.75],
                    "texture": "#trapdoor"
                },
                "north": {
                    "texture": "#trapdoor"
                },
                "south": {
                    "texture": "#trapdoor"
                }
            }
        },
        {
            "from": [4.25,10.75,14],
            "to": [5.75,11,15.5],
            "faces": {
                "up": {
                    "uv": [6.5,5,8,6.5],
                    "texture": "#trapdoor"
                },
                "down": {
                    "uv": [6.5,5,8,6.5],
                    "texture": "#trapdoor"
                },
                "west": {
                    "uv": [8,5,9.5,5.25],
                    "texture": "#trapdoor"
                },
                "east": {
                    "uv": [6.5,5,8,5.25],
                    "texture": "#trapdoor"
                },
                "north": {
                    "texture": "#trapdoor"
                },
                "south": {
                    "texture": "#trapdoor"
                }
            }
        },
        {
            "from": [4.25,5.25,14],
            "to": [4.5,10.75,15.5],
            "faces": {
                "west": {
                    "uv": [8,5.25,9.5,10.75],
                    "texture": "#trapdoor"
                },
                "east": {
                    "uv": [6.5,5.25,8,10.75],
                    "texture": "#trapdoor"
                },
                "north": {
                    "texture": "#trapdoor"
                },
                "south": {
                    "texture": "#trapdoor"
                }
            }
        },
        {
            "from": [4.25,5,14],
            "to": [5.75,5.25,15.5],
            "faces": {
                "up": {
                    "uv": [6.5,9.5,8,11],
                    "texture": "#trapdoor"
                },
                "down": {
                    "uv": [8,9.5,9.5,11],
                    "texture": "#trapdoor"
                },
                "west": {
                    "uv": [8,10.75,9.5,11],
                    "texture": "#trapdoor"
                },
                "east": {
                    "uv": [6.5,10.75,8,11],
                    "texture": "#trapdoor"
                },
                "north": {
                    "texture": "#trapdoor"
                },
                "south": {
                    "texture": "#trapdoor"
                }
            }
        },
        {
            "from": [5.5,5.25,14],
            "to": [5.75,10.75,15.5],
            "faces": {
                "west": {
                    "uv": [8,5.25,9.5,10.75],
                    "texture": "#trapdoor"
                },
                "east": {
                    "uv": [6.5,5.25,8,10.75],
                    "texture": "#trapdoor"
                },
                "north": {
                    "texture": "#trapdoor"
                },
                "south": {
                    "texture": "#trapdoor"
                }
            }
        },
        {
            "from": [11.5,5.25,14],
            "to": [11.75,10.75,15.5],
            "faces": {
                "west": {
                    "uv": [8,5.25,9.5,10.75],
                    "texture": "#trapdoor"
                },
                "east": {
                    "uv": [6.5,5.25,8,10.75],
                    "texture": "#trapdoor"
                },
                "north": {
                    "texture": "#trapdoor"
                },
                "south": {
                    "texture": "#trapdoor"
                }
            }
        },
        {
            "from": [10.25,5.25,14],
            "to": [10.5,10.75,15.5],
            "faces": {
                "west": {
                    "uv": [8,5.25,9.5,10.75],
                    "texture": "#trapdoor"
                },
                "east": {
                    "uv": [6.5,5.25,8,10.75],
                    "texture": "#trapdoor"
                },
                "north": {
                    "texture": "#trapdoor"
                },
                "south": {
                    "texture": "#trapdoor"
                }
            }
        },
        {
            "from": [10.25,10.75,14],
            "to": [11.75,11,15.5],
            "faces": {
                "up": {
                    "uv": [6.5,5,8,6.5],
                    "texture": "#trapdoor"
                },
                "down": {
                    "uv": [6.5,5,8,6.5],
                    "texture": "#trapdoor"
                },
                "west": {
                    "uv": [8,5,9.5,5.25],
                    "texture": "#trapdoor"
                },
                "east": {
                    "uv": [6.5,5,8,5.25],
                    "texture": "#trapdoor"
                },
                "north": {
                    "texture": "#trapdoor"
                },
                "south": {
                    "texture": "#trapdoor"
                }
            }
        },
        {
            "from": [10.25,5,14],
            "to": [11.75,5.25,15.5],
            "faces": {
                "up": {
                    "uv": [6.5,9.5,8,11],
                    "texture": "#trapdoor"
                },
                "down": {
                    "uv": [8,9.5,9.5,11],
                    "texture": "#trapdoor"
                },
                "west": {
                    "uv": [8,10.75,9.5,11],
                    "texture": "#trapdoor"
                },
                "east": {
                    "uv": [6.5,10.75,8,11],
                    "texture": "#trapdoor"
                },
                "north": {
                    "texture": "#trapdoor"
                },
                "south": {
                    "texture": "#trapdoor"
                }
            }
        },
        {
            "from": [9.5,3.25,14],
            "to": [9.75,12.75,15.5],
            "faces": {
                "west": {
                    "uv": [8,3.25,9.5,12.75],
                    "texture": "#trapdoor"
                },
                "east": {
                    "uv": [6.5,3.25,8,12.75],
                    "texture": "#trapdoor"
                },
                "north": {
                    "texture": "#trapdoor"
                },
                "south": {
                    "texture": "#trapdoor"
                }
            }
        },
        {
            "from": [6.25,3,14],
            "to": [9.75,3.25,15.5],
            "faces": {
                "up": {
                    "uv": [6.25,11.5,9.75,13],
                    "texture": "#trapdoor"
                },
                "down": {
                    "uv": [6.25,11.5,9.75,13],
                    "texture": "#trapdoor"
                },
                "west": {
                    "uv": [8,12.75,9.5,13],
                    "texture": "#trapdoor"
                },
                "east": {
                    "uv": [6.5,12.75,8,13],
                    "texture": "#trapdoor"
                },
                "north": {
                    "texture": "#trapdoor"
                },
                "south": {
                    "texture": "#trapdoor"
                }
            }
        }
    ]
}