{
    "__createdwith": "opl's Model Creator",
    "ambientocclusion": false,
    "textures": {
        "trapdoor": "blocks/trapdoor_dark_oak",
        "particle": "blocks/trapdoor_dark_oak"
    },
    "elements": [
        {
            "from": [14.25,14.5,1.75],
            "to": [16,16,14.25],
            "faces": {
                "up": {
                    "texture": "#trapdoor"
                },
                "down": {
                    "uv": [14.25,14.25,16,1.75],
                    "texture": "#trapdoor"
                },
                "west": {
                    "uv": [14.625,1.75,16,14.25],
                    "texture": "#trapdoor",
                    "rotation": 90
                },
                "east": {
                    "uv": [14.625,1.75,16,14.375],
                    "texture": "#trapdoor",
                    "rotation": 90
                },
                "north": {
                    "uv": [16,1.75,14.25,14.25],
                    "texture": "#trapdoor"
                },
                "south": {
                    "texture": "#trapdoor"
                }
            }
        },
        {
            "from": [0,14.5,1.75],
            "to": [1.75,16,14.25],
            "faces": {
                "up": {
                    "texture": "#trapdoor"
                },
                "down": {
                    "uv": [0,14.25,1.75,1.75],
                    "texture": "#trapdoor"
                },
                "west": {
                    "uv": [0,1.75,1.5,14.25],
                    "texture": "#trapdoor",
                    "rotation": 270
                },
                "east": {
                    "uv": [0,1.75,1.5,14.375],
                    "texture": "#trapdoor",
                    "rotation": 90
                },
                "north": {
                    "uv": [1.75,1.75,0,14.25],
                    "texture": "#trapdoor"
                },
                "south": {
                    "texture": "#trapdoor"
                }
            }
        },
        {
            "from": [0,14.5,14.25],
            "to": [16,16,16],
            "faces": {
                "up": {
                    "texture": "#trapdoor"
                },
                "down": {
                    "uv": [0,16,16,14.25],
                    "texture": "#trapdoor"
                },
                "west": {
                    "uv": [0,14.25,1.5,16],
                    "texture": "#trapdoor",
                    "rotation": 270
                },
                "east": {
                    "uv": [14.625,14.25,16,16],
                    "texture": "#trapdoor",
                    "rotation": 90
                },
                "north": {
                    "uv": [16,14.625,0,16],
                    "texture": "#trapdoor"
                },
                "south": {
                    "uv": [0,14.625,16,16],
                    "texture": "#trapdoor"
                }
            }
        },
        {
            "from": [1.75,14.75,1.75],
            "to": [14.25,15.75,3],
            "faces": {
                "up": {
                    "texture": "#trapdoor"
                },
                "down": {
                    "uv": [1.75,3,14.25,1.75],
                    "texture": "#trapdoor"
                }
            }
        },
        {
            "from": [0,14.5,0],
            "to": [16,16,1.75],
            "faces": {
                "up": {
                    "texture": "#trapdoor"
                },
                "down": {
                    "uv": [0,1.75,16,0],
                    "texture": "#trapdoor"
                },
                "west": {
                    "uv": [0,0,1.5,1.75],
                    "texture": "#trapdoor",
                    "rotation": 270
                },
                "east": {
                    "uv": [16,0,14.625,1.75],
                    "texture": "#trapdoor",
                    "rotation": 90
                },
                "north": {
                    "uv": [16,0,0,1.375],
                    "texture": "#trapdoor"
                },
                "south": {
                    "uv": [0,0,16,1.375],
                    "texture": "#trapdoor"
                }
            }
        },
        {
            "from": [1.75,14.75,3],
            "to": [4.25,15.75,13],
            "faces": {
                "up": {
                    "texture": "#trapdoor"
                },
                "down": {
                    "uv": [1.75,13,4.25,3],
                    "texture": "#trapdoor"
                }
            }
        },
        {
            "from": [4.25,14.75,3],
            "to": [6.25,15.75,5],
            "faces": {
                "up": {
                    "texture": "#trapdoor"
                },
                "down": {
                    "uv": [4.25,5,6.25,3],
                    "texture": "#trapdoor"
                }
            }
        },
        {
            "from": [1.75,14.75,13],
            "to": [14.25,15.75,14.25],
            "faces": {
                "up": {
                    "texture": "#trapdoor"
                },
                "down": {
                    "uv": [1.75,14.25,14.25,13],
                    "texture": "#trapdoor"
                }
            }
        },
        {
            "from": [11.75,14.75,3],
            "to": [14.25,15.75,13],
            "faces": {
                "up": {
                    "texture": "#trapdoor"
                },
                "down": {
                    "uv": [11.75,13,14.25,3],
                    "texture": "#trapdoor"
                }
            }
        },
        {
            "from": [4.25,14.75,11],
            "to": [6.25,15.75,13],
            "faces": {
                "up": {
                    "texture": "#trapdoor"
                },
                "down": {
                    "uv": [4.25,13,6.25,11],
                    "texture": "#trapdoor"
                }
            }
        },
        {
            "from": [9.75,14.75,11],
            "to": [11.75,15.75,13],
            "faces": {
                "up": {
                    "texture": "#trapdoor"
                },
                "down": {
                    "uv": [9.75,13,11.75,11],
                    "texture": "#trapdoor"
                }
            }
        },
        {
            "from": [9.75,14.75,3],
            "to": [11.75,15.75,5],
            "faces": {
                "up": {
                    "texture": "#trapdoor"
                },
                "down": {
                    "uv": [9.75,5,11.75,3],
                    "texture": "#trapdoor"
                }
            }
        },
        {
            "from": [5.75,14.75,5],
            "to": [6.25,15.75,11],
            "faces": {
                "up": {
                    "texture": "#trapdoor"
                },
                "down": {
                    "uv": [5.75,11,6.25,5],
                    "texture": "#trapdoor"
                }
            }
        },
        {
            "from": [9.75,14.75,5],
            "to": [10.25,15.75,11],
            "faces": {
                "up": {
                    "texture": "#trapdoor"
                },
                "down": {
                    "uv": [9.75,11,10.25,5],
                    "texture": "#trapdoor"
                }
            }
        },
        {
            "from": [4.25,14.5,5.25],
            "to": [4.5,16,10.75],
            "faces": {
                "up": {
                    "texture": "#trapdoor"
                },
                "down": {
                    "uv": [4.25,10.75,4.5,5.25],
                    "texture": "#trapdoor"
                },
                "west": {
                    "uv": [7.25,10.75,8.75,5.25],
                    "texture": "#trapdoor",
                    "rotation": 90
                },
                "east": {
                    "uv": [7.25,5.25,8.75,10.75],
                    "texture": "#trapdoor",
                    "rotation": 90
                }
            }
        },
        {
            "from": [6.25,14.5,3.25],
            "to": [6.5,16,12.75],
            "faces": {
                "up": {
                    "texture": "#trapdoor"
                },
                "down": {
                    "uv": [6.25,12.75,6.5,3.25],
                    "texture": "#trapdoor"
                },
                "west": {
                    "uv": [7.25,12.75,8.75,3.25],
                    "texture": "#trapdoor",
                    "rotation": 90
                },
                "east": {
                    "uv": [7.25,3.25,8.75,12.75],
                    "texture": "#trapdoor",
                    "rotation": 90
                }
            }
        },
        {
            "from": [6.25,14.5,3],
            "to": [9.75,16,3.25],
            "faces": {
                "up": {
                    "texture": "#trapdoor"
                },
                "down": {
                    "uv": [6.25,3,9.75,3.25],
                    "texture": "#trapdoor"
                },
                "west": {
                    "uv": [7.25,3.25,8.75,3],
                    "texture": "#trapdoor",
                    "rotation": 90
                },
                "east": {
                    "uv": [7.25,3,8.75,3.25],
                    "texture": "#trapdoor",
                    "rotation": 90
                },
                "north": {
                    "uv": [6.25,3,9.75,4.5],
                    "texture": "#trapdoor"
                },
                "south": {
                    "uv": [6.25,3,9.75,4.5],
                    "texture": "#trapdoor"
                }
            }
        },
        {
            "from": [4.25,14.5,5],
            "to": [5.75,16,5.25],
            "faces": {
                "up": {
                    "texture": "#trapdoor"
                },
                "down": {
                    "uv": [4.25,5,5.75,5.25],
                    "texture": "#trapdoor"
                },
                "west": {
                    "uv": [7.25,5.25,8.75,5],
                    "texture": "#trapdoor",
                    "rotation": 90
                },
                "east": {
                    "uv": [7.25,5,8.75,5.25],
                    "texture": "#trapdoor",
                    "rotation": 90
                },
                "north": {
                    "uv": [7.25,5,8.75,6.5],
                    "texture": "#trapdoor"
                },
                "south": {
                    "uv": [7.25,5.25,8.75,6.75],
                    "texture": "#trapdoor"
                }
            }
        },
        {
            "from": [5.5,14.5,5.25],
            "to": [5.75,16,10.75],
            "faces": {
                "up": {
                    "texture": "#trapdoor"
                },
                "down": {
                    "uv": [5.5,10.75,5.75,5.25],
                    "texture": "#trapdoor"
                },
                "west": {
                    "uv": [7.25,10.75,8.75,5.25],
                    "texture": "#trapdoor",
                    "rotation": 90
                },
                "east": {
                    "uv": [7.25,5.25,8.75,10.75],
                    "texture": "#trapdoor",
                    "rotation": 90
                }
            }
        },
        {
            "from": [11.5,14.5,5.25],
            "to": [11.75,16,10.75],
            "faces": {
                "up": {
                    "texture": "#trapdoor"
                },
                "down": {
                    "uv": [11.5,10.75,11.75,5.25],
                    "texture": "#trapdoor"
                },
                "west": {
                    "uv": [7.25,10.75,8.75,5.25],
                    "texture": "#trapdoor",
                    "rotation": 90
                },
                "east": {
                    "uv": [7.25,5.25,8.75,10.75],
                    "texture": "#trapdoor",
                    "rotation": 90
                }
            }
        },
        {
            "from": [10.25,14.5,5.25],
            "to": [10.5,16,10.75],
            "faces": {
                "up": {
                    "texture": "#trapdoor"
                },
                "down": {
                    "uv": [10.25,10.75,10.5,5.25],
                    "texture": "#trapdoor"
                },
                "west": {
                    "uv": [7.25,10.75,8.75,5.25],
                    "texture": "#trapdoor",
                    "rotation": 90
                },
                "east": {
                    "uv": [7.25,5.25,8.75,10.75],
                    "texture": "#trapdoor",
                    "rotation": 90
                }
            }
        },
        {
            "from": [4.25,14.5,10.75],
            "to": [5.75,16,11],
            "faces": {
                "up": {
                    "texture": "#trapdoor"
                },
                "down": {
                    "uv": [4.25,10.75,5.75,11],
                    "texture": "#trapdoor"
                },
                "west": {
                    "uv": [7.25,11,8.75,10.75],
                    "texture": "#trapdoor",
                    "rotation": 90
                },
                "east": {
                    "uv": [7.25,10.75,8.75,11],
                    "texture": "#trapdoor",
                    "rotation": 90
                },
                "north": {
                    "uv": [7.25,9.5,8.75,11],
                    "texture": "#trapdoor"
                },
                "south": {
                    "uv": [7.25,9.5,8.75,11],
                    "texture": "#trapdoor"
                }
            }
        },
        {
            "from": [6.25,14.5,12.75],
            "to": [9.75,16,13],
            "faces": {
                "up": {
                    "texture": "#trapdoor"
                },
                "down": {
                    "uv": [6.25,12.75,9.75,13],
                    "texture": "#trapdoor"
                },
                "west": {
                    "uv": [7.25,13,8.75,12.75],
                    "texture": "#trapdoor",
                    "rotation": 90
                },
                "east": {
                    "uv": [7.25,12.75,8.75,13],
                    "texture": "#trapdoor",
                    "rotation": 90
                },
                "north": {
                    "uv": [6.25,11.5,9.75,13],
                    "texture": "#trapdoor"
                },
                "south": {
                    "uv": [6.25,11.5,9.75,13],
                    "texture": "#trapdoor"
                }
            }
        },
        {
            "from": [9.5,14.5,3.25],
            "to": [9.75,16,12.75],
            "faces": {
                "up": {
                    "texture": "#trapdoor"
                },
                "down": {
                    "uv": [9.5,12.75,9.75,3.25],
                    "texture": "#trapdoor"
                },
                "west": {
                    "uv": [7.25,12.75,8.75,3.25],
                    "texture": "#trapdoor",
                    "rotation": 90
                },
                "east": {
                    "uv": [7.25,3.25,8.75,12.75],
                    "texture": "#trapdoor",
                    "rotation": 90
                }
            }
        },
        {
            "from": [10.25,14.5,5],
            "to": [11.75,16,5.25],
            "faces": {
                "up": {
                    "texture": "#trapdoor"
                },
                "down": {
                    "uv": [10.25,5,11.75,5.25],
                    "texture": "#trapdoor"
                },
                "west": {
                    "uv": [7.25,5.25,8.75,5],
                    "texture": "#trapdoor",
                    "rotation": 90
                },
                "east": {
                    "uv": [7.25,5,8.75,5.25],
                    "texture": "#trapdoor",
                    "rotation": 90
                },
                "north": {
                    "uv": [7.25,5,8.75,6.5],
                    "texture": "#trapdoor"
                },
                "south": {
                    "uv": [7.25,5.25,8.75,6.75],
                    "texture": "#trapdoor"
                }
            }
        },
        {
            "from": [10.25,14.5,10.75],
            "to": [11.75,16,11],
            "faces": {
                "up": {
                    "texture": "#trapdoor"
                },
                "down": {
                    "uv": [10.25,10.75,11.75,11],
                    "texture": "#trapdoor"
                },
                "west": {
                    "uv": [7.25,11,8.75,10.75],
                    "texture": "#trapdoor",
                    "rotation": 90
                },
                "east": {
                    "uv": [7.25,10.75,8.75,11],
                    "texture": "#trapdoor",
                    "rotation": 90
                },
                "north": {
                    "uv": [7.25,9.5,8.75,11],
                    "texture": "#trapdoor"
                },
                "south": {
                    "uv": [7.25,9.5,8.75,11],
                    "texture": "#trapdoor"
                }
            }
        }
    ]
}