{
    "__createdwith": "opl's Model Creator",
    "ambientocclusion": false,
    "textures": {
        "particle": "blocks/door_dark_oak_upper",
        "door-dark_oak": "blocks/door_dark_oak_upper"
    },
    "elements": [
        {
            "from": [0.5,14.25,0],
            "to": [2,16,16],
            "faces": {
                "up": {
                    "uv": [0,0,16,1.375],
                    "texture": "#door-dark_oak",
                    "rotation": 90
                },
                "down": {
                    "uv": [16,0,0,1.375],
                    "texture": "#door-dark_oak",
                    "rotation": 90
                },
                "west": {
                    "texture": "#door-dark_oak"
                },
                "east": {
                    "uv": [16,0,0,1.75],
                    "texture": "#door-dark_oak"
                },
                "north": {
                    "uv": [0,0,1.375,1.75],
                    "texture": "#door-dark_oak"
                },
                "south": {
                    "uv": [14.625,0,16,1.75],
                    "texture": "#door-dark_oak"
                }
            }
        },
        {
            "from": [0.5,0,0],
            "to": [2,14.25,1.75],
            "faces": {
                "west": {
                    "texture": "#door-dark_oak"
                },
                "east": {
                    "uv": [1.75,1.75,0,16],
                    "texture": "#door-dark_oak"
                },
                "north": {
                    "uv": [0,1.75,1.375,16],
                    "texture": "#door-dark_oak"
                },
                "south": {
                    "uv": [0,1.75,1.375,16],
                    "texture": "#door-dark_oak"
                }
            }
        },
        {
            "from": [0.5,0,14.25],
            "to": [2,14.25,16],
            "faces": {
                "west": {
                    "texture": "#door-dark_oak"
                },
                "east": {
                    "uv": [16,1.75,14.25,16],
                    "texture": "#door-dark_oak"
                },
                "north": {
                    "uv": [14.625,1.75,16,16],
                    "texture": "#door-dark_oak"
                },
                "south": {
                    "uv": [14.625,1.75,16,16],
                    "texture": "#door-dark_oak"
                }
            }
        },
        {
            "from": [0.75,0,1.75],
            "to": [1.75,14.25,4.25],
            "faces": {
                "west": {
                    "texture": "#door-dark_oak"
                },
                "east": {
                    "uv": [4.25,1.75,1.75,16],
                    "texture": "#door-dark_oak"
                }
            }
        },
        {
            "from": [0.75,0,11.75],
            "to": [1.75,14.25,14.25],
            "faces": {
                "west": {
                    "texture": "#door-dark_oak"
                },
                "east": {
                    "uv": [14.25,1.75,11.75,16],
                    "texture": "#door-dark_oak"
                }
            }
        },
        {
            "from": [0.75,11,4.25],
            "to": [1.75,14.25,5.75],
            "faces": {
                "west": {
                    "texture": "#door-dark_oak"
                },
                "east": {
                    "uv": [5.75,1.75,4.25,5],
                    "texture": "#door-dark_oak"
                }
            }
        },
        {
            "from": [0.75,11,10.25],
            "to": [1.75,14.25,11.75],
            "faces": {
                "west": {
                    "texture": "#door-dark_oak"
                },
                "east": {
                    "uv": [11.75,1.75,10.25,5],
                    "texture": "#door-dark_oak"
                }
            }
        },
        {
            "from": [0.75,0,5.75],
            "to": [1.75,14.25,6.25],
            "faces": {
                "west": {
                    "texture": "#door-dark_oak"
                },
                "east": {
                    "uv": [6.25,1.75,5.75,16],
                    "texture": "#door-dark_oak"
                }
            }
        },
        {
            "from": [0.75,0,9.75],
            "to": [1.75,14.25,10.25],
            "faces": {
                "west": {
                    "texture": "#door-dark_oak"
                },
                "east": {
                    "uv": [10.25,1.75,9.75,16],
                    "texture": "#door-dark_oak"
                }
            }
        },
        {
            "from": [0.75,13,6.25],
            "to": [1.75,14.25,9.75],
            "faces": {
                "west": {
                    "texture": "#door-dark_oak"
                },
                "east": {
                    "uv": [9.75,1.75,6.25,3],
                    "texture": "#door-dark_oak"
                }
            }
        },
        {
            "from": [0.5,0,4.25],
            "to": [2,11,4.5],
            "faces": {
                "up": {
                    "uv": [7.25,15.75,8.75,16],
                    "texture": "#door-dark_oak"
                },
                "west": {
                    "texture": "#door-dark_oak"
                },
                "east": {
                    "uv": [4.5,5,4.25,16],
                    "texture": "#door-dark_oak"
                },
                "north": {
                    "uv": [7.25,5,8.75,16],
                    "texture": "#door-dark_oak"
                },
                "south": {
                    "uv": [7.25,5,8.75,16],
                    "texture": "#door-dark_oak"
                }
            }
        },
        {
            "from": [0.5,10.75,4.5],
            "to": [2,11,5.5],
            "faces": {
                "up": {
                    "uv": [7.25,14.625,8.75,15.625],
                    "texture": "#door-dark_oak"
                },
                "down": {
                    "uv": [7.25,3.25,8.75,4.25],
                    "texture": "#door-dark_oak"
                },
                "west": {
                    "texture": "#door-dark_oak"
                },
                "east": {
                    "uv": [5.5,5,4.5,5.25],
                    "texture": "#door-dark_oak"
                }
            }
        },
        {
            "from": [0.5,0,6.25],
            "to": [2,13,6.5],
            "faces": {
                "up": {
                    "uv": [7.25,3.125,8.75,3.375],
                    "texture": "#door-dark_oak"
                },
                "west": {
                    "texture": "#door-dark_oak"
                },
                "east": {
                    "uv": [6.5,3,6.25,16],
                    "texture": "#door-dark_oak"
                },
                "north": {
                    "uv": [7.125,3,8.625,16],
                    "texture": "#door-dark_oak"
                },
                "south": {
                    "uv": [7.25,3,8.75,16],
                    "texture": "#door-dark_oak"
                }
            }
        },
        {
            "from": [0.5,12.75,6.5],
            "to": [2,13,9.5],
            "faces": {
                "up": {
                    "uv": [7.125,3.25,8.625,6.25],
                    "texture": "#door-dark_oak"
                },
                "down": {
                    "uv": [7.25,3.25,8.75,6.25],
                    "texture": "#door-dark_oak"
                },
                "west": {
                    "texture": "#door-dark_oak"
                },
                "east": {
                    "uv": [9.5,3,6.5,3.25],
                    "texture": "#door-dark_oak"
                }
            }
        },
        {
            "from": [0.5,0,5.5],
            "to": [2,11,5.75],
            "faces": {
                "up": {
                    "uv": [7.25,15.75,8.75,16],
                    "texture": "#door-dark_oak"
                },
                "west": {
                    "texture": "#door-dark_oak"
                },
                "east": {
                    "uv": [5.75,5,5.5,16],
                    "texture": "#door-dark_oak"
                },
                "north": {
                    "uv": [7.25,5,8.75,16],
                    "texture": "#door-dark_oak"
                },
                "south": {
                    "uv": [7.25,5,8.75,16],
                    "texture": "#door-dark_oak"
                }
            }
        },
        {
            "from": [0.5,0,9.5],
            "to": [2,13,9.75],
            "faces": {
                "up": {
                    "uv": [7.25,3.125,8.75,3.375],
                    "texture": "#door-dark_oak"
                },
                "west": {
                    "texture": "#door-dark_oak"
                },
                "east": {
                    "uv": [9.75,3,9.5,16],
                    "texture": "#door-dark_oak"
                },
                "north": {
                    "uv": [7.125,3,8.625,16],
                    "texture": "#door-dark_oak"
                },
                "south": {
                    "uv": [7.25,3,8.75,16],
                    "texture": "#door-dark_oak"
                }
            }
        },
        {
            "from": [0.5,0,10.25],
            "to": [2,11,10.5],
            "faces": {
                "up": {
                    "uv": [7.25,15.75,8.75,16],
                    "texture": "#door-dark_oak"
                },
                "west": {
                    "texture": "#door-dark_oak"
                },
                "east": {
                    "uv": [10.5,5,10.25,16],
                    "texture": "#door-dark_oak"
                },
                "north": {
                    "uv": [7.25,5,8.75,16],
                    "texture": "#door-dark_oak"
                },
                "south": {
                    "uv": [7.25,5,8.75,16],
                    "texture": "#door-dark_oak"
                }
            }
        },
        {
            "from": [0.5,10.75,10.5],
            "to": [2,11,11.5],
            "faces": {
                "up": {
                    "uv": [7.25,14.625,8.75,15.625],
                    "texture": "#door-dark_oak"
                },
                "down": {
                    "uv": [7.25,3.25,8.75,4.25],
                    "texture": "#door-dark_oak"
                },
                "west": {
                    "texture": "#door-dark_oak"
                },
                "east": {
                    "uv": [11.5,5,10.5,5.25],
                    "texture": "#door-dark_oak"
                }
            }
        },
        {
            "from": [0.5,0,11.5],
            "to": [2,11,11.75],
            "faces": {
                "up": {
                    "uv": [7.25,15.75,8.75,16],
                    "texture": "#door-dark_oak"
                },
                "west": {
                    "texture": "#door-dark_oak"
                },
                "east": {
                    "uv": [11.75,5,11.5,16],
                    "texture": "#door-dark_oak"
                },
                "north": {
                    "uv": [7.25,5,8.75,16],
                    "texture": "#door-dark_oak"
                },
                "south": {
                    "uv": [7.25,5,8.75,16],
                    "texture": "#door-dark_oak"
                }
            }
        }
    ]
}