{
    "__createdwith": "opl's Model Creator",
    "parent": "block/block",
    "ambientocclusion": false,
    "textures": {
        "leaves_big_oak_3d": "blocks/leaves_big_oak_3d",
        "particle": "blocks/leaves_big_oak_3d",
        "leaves_big_oak_color": "blocks/leaves_big_oak_color"
    },
    "elements": [
        {
            "from": [-8,0.25,-8],
            "to": [24,15.75,24],
            "faces": {
                "up": {
                    "uv": [0,0,16,16],
                    "texture": "#leaves_big_oak_3d"
                },
                "down": {
                    "uv": [0,0,16,16],
                    "texture": "#leaves_big_oak_3d"
                }
            }
        },
        {
            "from": [-8,-8,0.25],
            "to": [24,24,15.75],
            "faces": {
                "north": {
                    "uv": [0,0,16,16],
                    "texture": "#leaves_big_oak_3d"
                },
                "south": {
                    "uv": [0,0,16,16],
                    "texture": "#leaves_big_oak_3d"
                }
            }
        },
        {
            "from": [0.25,-8,-8],
            "to": [15.75,24,24],
            "faces": {
                "west": {
                    "uv": [0,0,16,16],
                    "texture": "#leaves_big_oak_3d"
                },
                "east": {
                    "uv": [0,0,16,16],
                    "texture": "#leaves_big_oak_3d"
                }
            }
        },
        {
            "from": [0,0,0],
            "to": [16,16,16],
            "faces": {
                "up": {
                    "texture": "#leaves_big_oak_color"
                },
                "down": {
                    "texture": "#leaves_big_oak_color"
                },
                "west": {
                    "texture": "#leaves_big_oak_color"
                },
                "east": {
                    "texture": "#leaves_big_oak_color"
                },
                "north": {
                    "texture": "#leaves_big_oak_color"
                },
                "south": {
                    "texture": "#leaves_big_oak_color"
                }
            }
        }
    ]
}