{
    "__createdwith": "opl's Model Creator",
    "ambientocclusion": false,
    "textures": {
        "particle": "blocks/door_dark_oak_lower",
        "door-dark_oak": "blocks/door_dark_oak_lower"
    },
    "elements": [
        {
            "from": [0.5,0,0],
            "to": [2,1.75,16],
            "faces": {
                "up": {
                    "uv": [16,14.625,0,16],
                    "texture": "#door-dark_oak",
                    "rotation": 90
                },
                "down": {
                    "uv": [16,14.625,0,16],
                    "texture": "#door-dark_oak",
                    "rotation": 90
                },
                "west": {
                    "texture": "#door-dark_oak"
                },
                "east": {
                    "uv": [16,14.25,0,16],
                    "texture": "#door-dark_oak"
                },
                "north": {
                    "uv": [0,14.25,1.375,16],
                    "texture": "#door-dark_oak"
                },
                "south": {
                    "uv": [14.625,14.25,16,16],
                    "texture": "#door-dark_oak"
                }
            }
        },
        {
            "from": [0.5,1.75,0],
            "to": [2,16,1.75],
            "faces": {
                "west": {
                    "texture": "#door-dark_oak"
                },
                "east": {
                    "uv": [1.75,0,0,14.25],
                    "texture": "#door-dark_oak"
                },
                "north": {
                    "uv": [0,0,1.375,14.25],
                    "texture": "#door-dark_oak"
                },
                "south": {
                    "uv": [0,0,1.375,14.25],
                    "texture": "#door-dark_oak"
                }
            }
        },
        {
            "from": [0.5,1.75,14.25],
            "to": [2,16,16],
            "faces": {
                "west": {
                    "texture": "#door-dark_oak"
                },
                "east": {
                    "uv": [16,0,14.25,14.25],
                    "texture": "#door-dark_oak"
                },
                "north": {
                    "uv": [14.625,0,16,14.25],
                    "texture": "#door-dark_oak"
                },
                "south": {
                    "uv": [14.625,0,16,14.25],
                    "texture": "#door-dark_oak"
                }
            }
        },
        {
            "from": [0.75,1.75,1.75],
            "to": [1.75,16,4.25],
            "faces": {
                "west": {
                    "texture": "#door-dark_oak"
                },
                "east": {
                    "uv": [4.25,0,1.75,14.25],
                    "texture": "#door-dark_oak"
                }
            }
        },
        {
            "from": [0.75,1.75,11.75],
            "to": [1.75,16,14.25],
            "faces": {
                "west": {
                    "texture": "#door-dark_oak"
                },
                "east": {
                    "uv": [14.25,0,11.75,14.25],
                    "texture": "#door-dark_oak"
                }
            }
        },
        {
            "from": [0.75,1.75,5.75],
            "to": [1.75,16,6.25],
            "faces": {
                "west": {
                    "texture": "#door-dark_oak"
                },
                "east": {
                    "uv": [6.25,0,5.75,14.25],
                    "texture": "#door-dark_oak"
                }
            }
        },
        {
            "from": [0.75,1.75,6.25],
            "to": [1.75,3,9.75],
            "faces": {
                "west": {
                    "texture": "#door-dark_oak"
                },
                "east": {
                    "uv": [9.75,13,6.25,14.25],
                    "texture": "#door-dark_oak"
                }
            }
        },
        {
            "from": [0.75,1.75,4.25],
            "to": [1.75,5,5.75],
            "faces": {
                "west": {
                    "texture": "#door-dark_oak"
                },
                "east": {
                    "uv": [5.75,11,4.25,14.25],
                    "texture": "#door-dark_oak"
                }
            }
        },
        {
            "from": [0.75,1.75,9.75],
            "to": [1.75,16,10.25],
            "faces": {
                "west": {
                    "texture": "#door-dark_oak"
                },
                "east": {
                    "uv": [10.25,0,9.75,14.25],
                    "texture": "#door-dark_oak"
                }
            }
        },
        {
            "from": [0.75,1.75,10.25],
            "to": [1.75,5,11.75],
            "faces": {
                "west": {
                    "texture": "#door-dark_oak"
                },
                "east": {
                    "uv": [11.75,11,10.25,14.25],
                    "texture": "#door-dark_oak"
                }
            }
        },
        {
            "from": [0.5,5,4.25],
            "to": [2,16,4.5],
            "faces": {
                "down": {
                    "uv": [6.5,12.5,8,12.75],
                    "texture": "#door-dark_oak"
                },
                "west": {
                    "texture": "#door-dark_oak"
                },
                "east": {
                    "texture": "#door-dark_oak"
                },
                "north": {
                    "uv": [7.25,0,8.75,11],
                    "texture": "#door-dark_oak"
                },
                "south": {
                    "uv": [7.25,0,8.75,11],
                    "texture": "#door-dark_oak"
                }
            }
        },
        {
            "from": [0.5,3,6.25],
            "to": [2,16,6.5],
            "faces": {
                "down": {
                    "uv": [6.5,12.5,8,12.75],
                    "texture": "#door-dark_oak"
                },
                "west": {
                    "texture": "#door-dark_oak"
                },
                "east": {
                    "texture": "#door-dark_oak"
                },
                "north": {
                    "uv": [6.5,0,8,13],
                    "texture": "#door-dark_oak"
                },
                "south": {
                    "uv": [6.5,0,8,13],
                    "texture": "#door-dark_oak"
                }
            }
        },
        {
            "from": [0.5,5,4.5],
            "to": [2,5.25,5.5],
            "faces": {
                "up": {
                    "uv": [6.5,11.75,8,12.75],
                    "texture": "#door-dark_oak"
                },
                "down": {
                    "uv": [6.5,11.5,8,12.5],
                    "texture": "#door-dark_oak"
                },
                "west": {
                    "texture": "#door-dark_oak"
                },
                "east": {
                    "texture": "#door-dark_oak"
                }
            }
        },
        {
            "from": [0.5,3,6.5],
            "to": [2,3.25,9.5],
            "faces": {
                "up": {
                    "uv": [6.5,9.75,8,12.75],
                    "texture": "#door-dark_oak"
                },
                "down": {
                    "uv": [6.5,9.75,8,12.75],
                    "texture": "#door-dark_oak"
                },
                "west": {
                    "texture": "#door-dark_oak"
                },
                "east": {
                    "texture": "#door-dark_oak"
                },
                "south": {
                    "texture": "missingtexture"
                }
            }
        },
        {
            "from": [0.5,5,5.5],
            "to": [2,16,5.75],
            "faces": {
                "down": {
                    "uv": [6.5,11.25,8,11.5],
                    "texture": "#door-dark_oak"
                },
                "west": {
                    "texture": "#door-dark_oak"
                },
                "east": {
                    "texture": "#door-dark_oak"
                },
                "north": {
                    "uv": [7.25,0,8.75,11],
                    "texture": "#door-dark_oak"
                },
                "south": {
                    "uv": [7.25,0,8.75,11],
                    "texture": "#door-dark_oak"
                }
            }
        },
        {
            "from": [0.5,3,9.5],
            "to": [2,16,9.75],
            "faces": {
                "down": {
                    "uv": [6.5,9.25,8,9.5],
                    "texture": "#door-dark_oak"
                },
                "west": {
                    "texture": "#door-dark_oak"
                },
                "east": {
                    "texture": "#door-dark_oak"
                },
                "north": {
                    "uv": [6.5,0,8,13],
                    "texture": "#door-dark_oak"
                },
                "south": {
                    "uv": [6.5,0,8,13],
                    "texture": "#door-dark_oak"
                }
            }
        },
        {
            "from": [0.5,5,10.25],
            "to": [2,16,10.5],
            "faces": {
                "down": {
                    "uv": [6.5,12.5,8,12.75],
                    "texture": "#door-dark_oak"
                },
                "west": {
                    "texture": "#door-dark_oak"
                },
                "east": {
                    "texture": "#door-dark_oak"
                },
                "north": {
                    "uv": [7.25,0,8.75,11],
                    "texture": "#door-dark_oak"
                },
                "south": {
                    "uv": [7.25,0,8.75,11],
                    "texture": "#door-dark_oak"
                }
            }
        },
        {
            "from": [0.5,5,10.5],
            "to": [2,5.25,11.5],
            "faces": {
                "up": {
                    "uv": [6.5,11.75,8,12.75],
                    "texture": "#door-dark_oak"
                },
                "down": {
                    "uv": [6.5,11.5,8,12.5],
                    "texture": "#door-dark_oak"
                },
                "west": {
                    "texture": "#door-dark_oak"
                },
                "east": {
                    "texture": "#door-dark_oak"
                }
            }
        },
        {
            "from": [0.5,5,11.5],
            "to": [2,16,11.75],
            "faces": {
                "down": {
                    "uv": [6.5,11.25,8,11.5],
                    "texture": "#door-dark_oak"
                },
                "west": {
                    "texture": "#door-dark_oak"
                },
                "east": {
                    "texture": "#door-dark_oak"
                },
                "north": {
                    "uv": [7.25,0,8.75,11],
                    "texture": "#door-dark_oak"
                },
                "south": {
                    "uv": [7.25,0,8.75,11],
                    "texture": "#door-dark_oak"
                }
            }
        },
        {
            "from": [0.5,13.75,12.5],
            "to": [2,15.25,14],
            "faces": {
                "west": {
                    "uv": [8,11.25,9.5,12.75],
                    "texture": "#door-dark_oak"
                },
                "east": {
                    "uv": [8,11.25,9.5,12.75],
                    "texture": "#door-dark_oak"
                }
            }
        }
    ]
}