{
    "__createdwith": "opl's Model Creator",
    "parent": "block/block",
    "ambientocclusion": false,
    "textures": {
        "ench-table-bottom": "blocks/enchanting_table_bottom",
        "particle": "blocks/enchanting_table_top",
        "ench-table-top": "blocks/enchanting_table_top",
        "ench-table-side": "blocks/enchanting_table_side"
    },
    "elements": [
        {
            "from": [0.5,0.5,0.5],
            "to": [15.5,11.5,15.5],
            "faces": {
                "up": {
                    "texture": "#ench-table-top"
                },
                "west": {
                    "texture": "#ench-table-side"
                },
                "east": {
                    "texture": "#ench-table-side"
                },
                "north": {
                    "texture": "#ench-table-side"
                },
                "south": {
                    "texture": "#ench-table-side"
                }
            }
        },
        {
            "from": [3,11.1,0],
            "to": [13,12,1],
            "faces": {
                "up": {
                    "uv": [3.0125,0,13,0.83750004],
                    "texture": "#ench-table-top"
                },
                "down": {
                    "uv": [2.9375,0,12.912502,0.875],
                    "texture": "#ench-table-top"
                },
                "north": {
                    "texture": "#ench-table-side"
                },
                "south": {
                    "texture": "#ench-table-side"
                }
            }
        },
        {
            "from": [0,8.75,0],
            "to": [3.25,12,3.25],
            "faces": {
                "up": {
                    "uv": [0,0,3.15625,3.15625],
                    "texture": "#ench-table-top"
                },
                "down": {
                    "texture": "#ench-table-top"
                },
                "west": {
                    "texture": "#ench-table-side"
                },
                "east": {
                    "texture": "#ench-table-side"
                },
                "north": {
                    "uv": [12.75,4,16,7.25],
                    "texture": "#ench-table-side"
                },
                "south": {
                    "uv": [12.75,4,16,7.25],
                    "texture": "#ench-table-side"
                }
            }
        },
        {
            "from": [12.75,8.75,12.75],
            "to": [16,12,16],
            "faces": {
                "up": {
                    "uv": [0,0,3.15625,3.15625],
                    "texture": "#ench-table-top"
                },
                "down": {
                    "texture": "#ench-table-top"
                },
                "west": {
                    "texture": "#ench-table-side"
                },
                "east": {
                    "texture": "#ench-table-side"
                },
                "north": {
                    "texture": "#ench-table-side"
                },
                "south": {
                    "texture": "#ench-table-side"
                }
            }
        },
        {
            "from": [0,8.75,12.75],
            "to": [3.25,12,16],
            "faces": {
                "up": {
                    "uv": [0,0,3.15625,3.15625],
                    "texture": "#ench-table-top"
                },
                "down": {
                    "texture": "#ench-table-top"
                },
                "west": {
                    "texture": "#ench-table-side"
                },
                "east": {
                    "texture": "#ench-table-side"
                },
                "north": {
                    "uv": [12.75,4,16,7.25],
                    "texture": "#ench-table-side"
                },
                "south": {
                    "uv": [12.75,4,16,7.25],
                    "texture": "#ench-table-side"
                }
            }
        },
        {
            "from": [12.75,8.75,0],
            "to": [16,12,3.25],
            "faces": {
                "up": {
                    "uv": [0,0,3.15625,3.15625],
                    "texture": "#ench-table-top"
                },
                "down": {
                    "texture": "#ench-table-top"
                },
                "west": {
                    "texture": "#ench-table-side"
                },
                "east": {
                    "texture": "#ench-table-side"
                },
                "north": {
                    "texture": "#ench-table-side"
                },
                "south": {
                    "texture": "#ench-table-side"
                }
            }
        },
        {
            "from": [3,11.1,15],
            "to": [13,12,16],
            "faces": {
                "up": {
                    "uv": [2.9875,15.150001,13,16],
                    "texture": "#ench-table-top"
                },
                "down": {
                    "uv": [2.9375,0,12.912502,0.875],
                    "texture": "#ench-table-top"
                },
                "north": {
                    "texture": "#ench-table-side"
                },
                "south": {
                    "texture": "#ench-table-side"
                }
            }
        },
        {
            "from": [0,11.1,3],
            "to": [1,12,13],
            "faces": {
                "up": {
                    "uv": [0,2.96875,0.90625,13],
                    "texture": "#ench-table-top"
                },
                "down": {
                    "uv": [0,3,0.78125,13],
                    "texture": "#ench-table-top"
                },
                "west": {
                    "texture": "#ench-table-side"
                },
                "east": {
                    "texture": "#ench-table-side"
                }
            }
        },
        {
            "from": [15,11.1,3],
            "to": [16,12,13],
            "faces": {
                "up": {
                    "uv": [0,2.96875,0.90625,13],
                    "texture": "#ench-table-top"
                },
                "down": {
                    "uv": [0,3,0.78125,13],
                    "texture": "#ench-table-top"
                },
                "west": {
                    "texture": "#ench-table-side"
                },
                "east": {
                    "texture": "#ench-table-side"
                }
            }
        },
        {
            "from": [0,0,0],
            "to": [16,0.5,16],
            "faces": {
                "up": {
                    "texture": "#ench-table-bottom"
                },
                "down": {
                    "texture": "#ench-table-bottom"
                },
                "west": {
                    "texture": "#ench-table-bottom"
                },
                "east": {
                    "texture": "#ench-table-bottom"
                },
                "north": {
                    "texture": "#ench-table-bottom"
                },
                "south": {
                    "texture": "#ench-table-bottom"
                }
            }
        }
    ]
}