{   "parent": "block/block",
    "__createdwith": "opl's Model Creator",
    "ambientocclusion": false,
	
	"display": {
		"firstperson_righthand": {
			"rotation": [ 0, 45, 0 ],
			"translation": [ 1, 4, 0 ],
			"scale": [ 0.4, 0.4, 0.4 ]
		},
		"firstperson_lefthand": {
			"rotation": [ 0, 45, 0 ],
			"translation": [ 1, 4, 0 ],
			"scale": [ 0.4, 0.4, 0.4 ]
		},
		"thirdperson_righthand": {
			"rotation": [ 75, 45, 0 ],
			"translation": [ 0, 2, 2.5 ],
			"scale": [ 0.4, 0.4, 0.4 ]
		},
		"thirdperson_lefthand": {
			"rotation": [ 75, 45, 0 ],
			"translation": [ 0, 2, 2.5 ],
			"scale": [ 0.4, 0.4, 0.4 ]
		},
		"ground": {
			"rotation": [ 0, 0, 0 ],
			"translation": [ 0, 3, 0 ],
			"scale": [ 0.25, 0.25, 0.25 ]
		},
		"fixed": {
			"rotation": [ 0, 0, 0 ],
			"translation": [ 0, 0, 0 ],
			"scale": [ 0.5, 0.5, 0.5 ]
		},
		"gui": {
			"rotation": [ 30, 45, 0 ],
			"translation": [ 0, 0, 0 ],
			"scale": [ 0.7, 0.7, 0.7 ]
		}
	},
	
    "textures": {
        "iron-trapdoor": "blocks/iron_trapdoor",
		"particle": "blocks/iron_trapdoor"
    },
    "elements": [
        {
            "from": [0,0,0],
            "to": [1.25,1.5,16],
            "faces": {
                "up": {
                    "texture": "#iron-trapdoor"
                },
                "down": {
                    "texture": "#iron-trapdoor"
                },
                "west": {
                    "uv": [0,0,16,1.25],
                    "texture": "#iron-trapdoor"
                },
                "east": {
                    "uv": [0,0,16,1.25],
                    "texture": "#iron-trapdoor"
                },
                "north": {
                    "uv": [14.75,0,16,1.25],
                    "texture": "#iron-trapdoor"
                },
                "south": {
                    "uv": [0,0,1.25,1.25],
                    "texture": "#iron-trapdoor"
                }
            }
        },
        {
            "from": [14.75,0,0],
            "to": [16,1.5,16],
            "faces": {
                "up": {
                    "texture": "#iron-trapdoor"
                },
                "down": {
                    "texture": "#iron-trapdoor"
                },
                "west": {
                    "uv": [0,0,16,1.25],
                    "texture": "#iron-trapdoor"
                },
                "east": {
                    "uv": [0,0,16,1.25],
                    "texture": "#iron-trapdoor"
                },
                "north": {
                    "uv": [0,0,1.25,1.25],
                    "texture": "#iron-trapdoor"
                },
                "south": {
                    "uv": [14.75,0,16,1.25],
                    "texture": "#iron-trapdoor"
                }
            }
        },
        {
            "from": [1.25,0,14.75],
            "to": [14.75,1.5,16],
            "faces": {
                "up": {
                    "texture": "#iron-trapdoor"
                },
                "down": {
                    "texture": "#iron-trapdoor"
                },
                "north": {
                    "uv": [1.25,0,14.75,1.25],
                    "texture": "#iron-trapdoor"
                },
                "south": {
                    "uv": [1.25,0,14.75,1.25],
                    "texture": "#iron-trapdoor"
                }
            }
        },
        {
            "from": [1.25,0,0],
            "to": [14.75,1.5,1.25],
            "faces": {
                "up": {
                    "texture": "#iron-trapdoor"
                },
                "down": {
                    "texture": "#iron-trapdoor"
                },
                "north": {
                    "uv": [1.25,0,14.75,1.25],
                    "texture": "#iron-trapdoor"
                },
                "south": {
                    "uv": [1.25,0,14.75,1.25],
                    "texture": "#iron-trapdoor"
                }
            }
        },
        {
            "from": [1.25,0.25,1.25],
            "to": [2.25,1.25,14.75],
            "faces": {
                "up": {
                    "texture": "#iron-trapdoor"
                },
                "down": {
                    "texture": "#iron-trapdoor"
                },
                "east": {
                    "uv": [1.25,0.125,14.75,1.125],
                    "texture": "#iron-trapdoor"
                }
            }
        },
        {
            "from": [13.75,0.25,1.25],
            "to": [14.75,1.25,14.75],
            "faces": {
                "up": {
                    "texture": "#iron-trapdoor"
                },
                "down": {
                    "texture": "#iron-trapdoor"
                },
                "west": {
                    "uv": [1.25,0.125,14.75,1.125],
                    "texture": "#iron-trapdoor"
                }
            }
        },
        {
            "from": [2.25,0.25,13.75],
            "to": [13.75,1.25,14.75],
            "faces": {
                "up": {
                    "texture": "#iron-trapdoor"
                },
                "down": {
                    "uv": [2.25,14.75,13.75,13.75],
                    "texture": "#iron-trapdoor"
                },
                "north": {
                    "uv": [2.25,0.125,13.75,1.125],
                    "texture": "#iron-trapdoor"
                }
            }
        },
        {
            "from": [2.25,0.25,1.25],
            "to": [13.75,1.25,2.25],
            "faces": {
                "up": {
                    "texture": "#iron-trapdoor"
                },
                "down": {
                    "uv": [2.25,2.25,13.75,1.25],
                    "texture": "#iron-trapdoor"
                },
                "south": {
                    "uv": [2.25,0.125,13.75,1.125],
                    "texture": "#iron-trapdoor"
                }
            }
        },
        {
            "from": [4.75,0.5,2.25],
            "to": [5.25,1,13.75],
            "faces": {
                "up": {
                    "texture": "#iron-trapdoor"
                },
                "down": {
                    "texture": "#iron-trapdoor"
                },
                "west": {
                    "uv": [2.25,4.75,14.5,5.25],
                    "texture": "#iron-trapdoor"
                },
                "east": {
                    "uv": [2.25,4.75,14.5,5.25],
                    "texture": "#iron-trapdoor"
                }
            }
        },
        {
            "from": [2.25,0.5,4.75],
            "to": [13.75,1,5.25],
            "faces": {
                "up": {
                    "texture": "#iron-trapdoor"
                },
                "down": {
                    "texture": "#iron-trapdoor"
                },
                "north": {
                    "uv": [2.25,4.75,13.75,5.25],
                    "texture": "#iron-trapdoor"
                },
                "south": {
                    "uv": [2.25,4.75,13.75,5.25],
                    "texture": "#iron-trapdoor"
                }
            }
        },
        {
            "from": [2.25,0.5,7.75],
            "to": [13.75,1,8.25],
            "faces": {
                "up": {
                    "texture": "#iron-trapdoor"
                },
                "down": {
                    "texture": "#iron-trapdoor"
                },
                "north": {
                    "uv": [2.25,4.75,13.75,5.25],
                    "texture": "#iron-trapdoor"
                },
                "south": {
                    "uv": [2.25,4.75,13.75,5.25],
                    "texture": "#iron-trapdoor"
                }
            }
        },
        {
            "from": [2.25,0.5,10.75],
            "to": [13.75,1,11.25],
            "faces": {
                "up": {
                    "texture": "#iron-trapdoor"
                },
                "down": {
                    "texture": "#iron-trapdoor"
                },
                "north": {
                    "uv": [2.25,4.75,13.75,5.25],
                    "texture": "#iron-trapdoor"
                },
                "south": {
                    "uv": [2.25,4.75,13.75,5.25],
                    "texture": "#iron-trapdoor"
                }
            }
        },
        {
            "from": [7.75,0.5,2.25],
            "to": [8.25,1,13.75],
            "faces": {
                "up": {
                    "texture": "#iron-trapdoor"
                },
                "down": {
                    "texture": "#iron-trapdoor"
                },
                "west": {
                    "uv": [2.25,4.75,14.5,5.25],
                    "texture": "#iron-trapdoor"
                },
                "east": {
                    "uv": [2.25,4.75,14.5,5.25],
                    "texture": "#iron-trapdoor"
                }
            }
        },
        {
            "from": [10.75,0.5,2.25],
            "to": [11.25,1,13.75],
            "faces": {
                "up": {
                    "texture": "#iron-trapdoor"
                },
                "down": {
                    "texture": "#iron-trapdoor"
                },
                "west": {
                    "uv": [2.25,4.75,14.5,5.25],
                    "texture": "#iron-trapdoor"
                },
                "east": {
                    "uv": [2.25,4.75,13.75,5.25],
                    "texture": "#iron-trapdoor"
                }
            }
        }
    ]
}