{
    "__createdwith": "opl's Model Creator",
    "ambientocclusion": false,
    "textures": {
        "iron_door_lower": "blocks/door_iron_lower",
        "particle": "blocks/door_iron_lower"
    },
    "elements": [
        {
            "from": [0,0,14.75],
            "to": [1.5,16,16],
            "faces": {
                "down": {
                    "uv": [0,14.75,1.25,16],
                    "texture": "#iron_door_lower"
                },
                "west": {
                    "texture": "#iron_door_lower"
                },
                "east": {
                    "texture": "#iron_door_lower"
                },
                "north": {
                    "uv": [0,0,1.28125,16],
                    "texture": "#iron_door_lower"
                },
                "south": {
                    "uv": [0,0,1.28125,16],
                    "texture": "#iron_door_lower"
                }
            }
        },
        {
            "from": [0.25,1.25,13.75],
            "to": [1.25,16,14.75],
            "faces": {
                "west": {
                    "texture": "#iron_door_lower"
                },
                "east": {
                    "uv": [14.75,1.25,13.75,14.75],
                    "texture": "#iron_door_lower"
                },
                "north": {
                    "uv": [1.125,1.25,0.125,14.75],
                    "texture": "#iron_door_lower"
                }
            }
        },
        {
            "from": [0.25,1.25,2.25],
            "to": [1.25,2.25,13.75],
            "faces": {
                "up": {
                    "texture": "#iron_door_lower"
                },
                "west": {
                    "texture": "#iron_door_lower"
                },
                "east": {
                    "texture": "#iron_door_lower"
                }
            }
        },
        {
            "from": [0.5,2.25,2.25],
            "to": [1,15,13.75],
            "faces": {
                "west": {
                    "texture": "#iron_door_lower"
                },
                "east": {
                    "texture": "#iron_door_lower"
                },
                "north": {
                    "texture": "#iron_door_lower"
                },
                "south": {
                    "texture": "#iron_door_lower"
                }
            }
        },
        {
            "from": [0,0,1.25],
            "to": [1.5,1.25,14.75],
            "faces": {
                "up": {
                    "uv": [1.25,14.75,14.75,16],
                    "texture": "#iron_door_lower",
                    "rotation": 90
                },
                "down": {
                    "uv": [0,1.25,1.25,14.75],
                    "texture": "#iron_door_lower"
                },
                "west": {
                    "texture": "#iron_door_lower"
                },
                "east": {
                    "texture": "#iron_door_lower"
                }
            }
        },
        {
            "from": [0,0,0],
            "to": [1.5,16,1.25],
            "faces": {
                "down": {
                    "uv": [0,0,1.25,1.25],
                    "texture": "#iron_door_lower"
                },
                "west": {
                    "texture": "#iron_door_lower"
                },
                "east": {
                    "texture": "#iron_door_lower"
                },
                "north": {
                    "uv": [0,0,1.28125,16],
                    "texture": "#iron_door_lower"
                },
                "south": {
                    "uv": [0,0,1.28125,16],
                    "texture": "#iron_door_lower"
                }
            }
        },
        {
            "from": [0.25,1.25,1.25],
            "to": [1.25,16,2.25],
            "faces": {
                "west": {
                    "texture": "#iron_door_lower"
                },
                "east": {
                    "uv": [2.25,1.25,1.25,14.75],
                    "texture": "#iron_door_lower"
                },
                "south": {
                    "texture": "#iron_door_lower"
                }
            }
        },
        {
            "from": [0.25,15,2.25],
            "to": [1.25,16,13.75],
            "faces": {
                "down": {
                    "texture": "#iron_door_lower"
                },
                "west": {
                    "texture": "#iron_door_lower"
                },
                "east": {
                    "texture": "#iron_door_lower"
                }
            }
        }
    ]
}