{
    "__createdwith": "opl's Model Creator",
    "ambientocclusion": false,
    "textures": {
        "iron-trapdoor": "blocks/iron_trapdoor",
		"particle": "blocks/iron_trapdoor"
    },
    "elements": [
        {
            "from": [0,14.5,0],
            "to": [1.25,16,16],
            "faces": {
                "up": {
                    "texture": "#iron-trapdoor"
                },
                "down": {
                    "texture": "#iron-trapdoor"
                },
                "west": {
                    "uv": [0,0,16,1.25],
                    "texture": "#iron-trapdoor"
                },
                "east": {
                    "uv": [0,0,16,1.25],
                    "texture": "#iron-trapdoor"
                },
                "north": {
                    "uv": [14.75,0,16,1.25],
                    "texture": "#iron-trapdoor"
                },
                "south": {
                    "uv": [0,0,1.25,1.25],
                    "texture": "#iron-trapdoor"
                }
            }
        },
        {
            "from": [14.75,14.5,0],
            "to": [16,16,16],
            "faces": {
                "up": {
                    "texture": "#iron-trapdoor"
                },
                "down": {
                    "texture": "#iron-trapdoor"
                },
                "west": {
                    "uv": [0,0,16,1.25],
                    "texture": "#iron-trapdoor"
                },
                "east": {
                    "uv": [0,0,16,1.25],
                    "texture": "#iron-trapdoor"
                },
                "north": {
                    "uv": [0,0,1.25,1.25],
                    "texture": "#iron-trapdoor"
                },
                "south": {
                    "uv": [14.75,0,16,1.25],
                    "texture": "#iron-trapdoor"
                }
            }
        },
        {
            "from": [1.25,14.5,14.75],
            "to": [14.75,16,16],
            "faces": {
                "up": {
                    "texture": "#iron-trapdoor"
                },
                "down": {
                    "texture": "#iron-trapdoor"
                },
                "north": {
                    "uv": [1.25,0,14.75,1.25],
                    "texture": "#iron-trapdoor"
                },
                "south": {
                    "uv": [1.25,0,14.75,1.25],
                    "texture": "#iron-trapdoor"
                }
            }
        },
        {
            "from": [1.25,14.5,0],
            "to": [14.75,16,1.25],
            "faces": {
                "up": {
                    "texture": "#iron-trapdoor"
                },
                "down": {
                    "texture": "#iron-trapdoor"
                },
                "north": {
                    "uv": [1.25,0,14.75,1.25],
                    "texture": "#iron-trapdoor"
                },
                "south": {
                    "uv": [1.25,0,14.75,1.25],
                    "texture": "#iron-trapdoor"
                }
            }
        },
        {
            "from": [1.25,14.75,1.25],
            "to": [2.25,15.75,14.75],
            "faces": {
                "up": {
                    "texture": "#iron-trapdoor"
                },
                "down": {
                    "texture": "#iron-trapdoor"
                },
                "east": {
                    "uv": [1.25,0.125,14.75,1.125],
                    "texture": "#iron-trapdoor"
                }
            }
        },
        {
            "from": [13.75,14.75,1.25],
            "to": [14.75,15.75,14.75],
            "faces": {
                "up": {
                    "texture": "#iron-trapdoor"
                },
                "down": {
                    "texture": "#iron-trapdoor"
                },
                "west": {
                    "uv": [1.25,0.125,14.75,1.125],
                    "texture": "#iron-trapdoor"
                }
            }
        },
        {
            "from": [2.25,14.75,13.75],
            "to": [13.75,15.75,14.75],
            "faces": {
                "up": {
                    "texture": "#iron-trapdoor"
                },
                "down": {
                    "uv": [2.25,14.75,13.75,13.75],
                    "texture": "#iron-trapdoor"
                },
                "north": {
                    "uv": [2.25,0.125,13.75,1.125],
                    "texture": "#iron-trapdoor"
                }
            }
        },
        {
            "from": [2.25,14.75,1.25],
            "to": [13.75,15.75,2.25],
            "faces": {
                "up": {
                    "texture": "#iron-trapdoor"
                },
                "down": {
                    "uv": [2.25,2.25,13.75,1.25],
                    "texture": "#iron-trapdoor"
                },
                "south": {
                    "uv": [2.25,0.125,13.75,1.125],
                    "texture": "#iron-trapdoor"
                }
            }
        },
        {
            "from": [4.75,15,2.25],
            "to": [5.25,15.5,14.5],
            "faces": {
                "up": {
                    "texture": "#iron-trapdoor"
                },
                "down": {
                    "texture": "#iron-trapdoor"
                },
                "west": {
                    "uv": [2.25,4.75,14.5,5.25],
                    "texture": "#iron-trapdoor"
                },
                "east": {
                    "uv": [2.25,4.75,14.5,5.25],
                    "texture": "#iron-trapdoor"
                }
            }
        },
        {
            "from": [2.25,15,4.75],
            "to": [13.75,15.5,5.25],
            "faces": {
                "up": {
                    "texture": "#iron-trapdoor"
                },
                "down": {
                    "texture": "#iron-trapdoor"
                },
                "north": {
                    "uv": [2.25,4.75,13.75,5.25],
                    "texture": "#iron-trapdoor"
                },
                "south": {
                    "uv": [2.25,4.75,13.75,5.25],
                    "texture": "#iron-trapdoor"
                }
            }
        },
        {
            "from": [2.25,15,7.75],
            "to": [13.75,15.5,8.25],
            "faces": {
                "up": {
                    "texture": "#iron-trapdoor"
                },
                "down": {
                    "texture": "#iron-trapdoor"
                },
                "north": {
                    "uv": [2.25,4.75,13.75,5.25],
                    "texture": "#iron-trapdoor"
                },
                "south": {
                    "uv": [2.25,4.75,13.75,5.25],
                    "texture": "#iron-trapdoor"
                }
            }
        },
        {
            "from": [2.25,15,10.75],
            "to": [13.75,15.5,11.25],
            "faces": {
                "up": {
                    "texture": "#iron-trapdoor"
                },
                "down": {
                    "texture": "#iron-trapdoor"
                },
                "north": {
                    "uv": [2.25,4.75,13.75,5.25],
                    "texture": "#iron-trapdoor"
                },
                "south": {
                    "uv": [2.25,4.75,13.75,5.25],
                    "texture": "#iron-trapdoor"
                }
            }
        },
        {
            "from": [7.75,15,2],
            "to": [8.25,15.5,14.25],
            "faces": {
                "up": {
                    "texture": "#iron-trapdoor"
                },
                "down": {
                    "texture": "#iron-trapdoor"
                },
                "west": {
                    "uv": [2.25,4.75,14.5,5.25],
                    "texture": "#iron-trapdoor"
                },
                "east": {
                    "uv": [2.25,4.75,14.5,5.25],
                    "texture": "#iron-trapdoor"
                }
            }
        },
        {
            "from": [10.75,15,2],
            "to": [11.25,15.5,14.25],
            "faces": {
                "up": {
                    "texture": "#iron-trapdoor"
                },
                "down": {
                    "texture": "#iron-trapdoor"
                },
                "west": {
                    "uv": [2.25,4.75,14.5,5.25],
                    "texture": "#iron-trapdoor"
                },
                "east": {
                    "uv": [2.25,4.75,14.5,5.25],
                    "texture": "#iron-trapdoor"
                }
            }
        }
    ]
}