{
    "__createdwith": "opl's Model Creator",
    "ambientocclusion": false,
    "textures": {
        "particle": "blocks/iron_trapdoor",
        "iron-trapdoor": "blocks/iron_trapdoor"
    },
    "elements": [
        {
            "from": [0,0,14.5],
            "to": [1.25,16,16],
            "faces": {
                "up": {
                    "uv": [0,14.75,1.25,16],
                    "texture": "#iron-trapdoor"
                },
                "down": {
                    "uv": [0,14.75,1.25,16],
                    "texture": "#iron-trapdoor"
                },
                "west": {
                    "uv": [14.75,0,16,16],
                    "texture": "#iron-trapdoor"
                },
                "east": {
                    "uv": [14.75,0,16,16],
                    "texture": "#iron-trapdoor"
                },
                "north": {
                    "texture": "#iron-trapdoor"
                },
                "south": {
                    "texture": "#iron-trapdoor"
                }
            }
        },
        {
            "from": [1.25,0,14.5],
            "to": [14.75,1.25,16],
            "faces": {
                "up": {
                    "uv": [1.25,14.75,14.75,16],
                    "texture": "#iron-trapdoor"
                },
                "down": {
                    "uv": [1.25,14.75,14.75,16],
                    "texture": "#iron-trapdoor"
                },
                "north": {
                    "texture": "#iron-trapdoor"
                },
                "south": {
                    "texture": "#iron-trapdoor"
                }
            }
        },
        {
            "from": [14.75,0,14.5],
            "to": [16,16,16],
            "faces": {
                "up": {
                    "uv": [14.75,14.75,16,16],
                    "texture": "#iron-trapdoor"
                },
                "down": {
                    "uv": [14.75,14.75,16,16],
                    "texture": "#iron-trapdoor"
                },
                "west": {
                    "uv": [14.75,0,16,16],
                    "texture": "#iron-trapdoor"
                },
                "east": {
                    "uv": [14.75,0,16,16],
                    "texture": "#iron-trapdoor"
                },
                "north": {
                    "texture": "#iron-trapdoor"
                },
                "south": {
                    "texture": "#iron-trapdoor"
                }
            }
        },
        {
            "from": [1.25,14.75,14.5],
            "to": [14.75,16,16],
            "faces": {
                "up": {
                    "uv": [1.25,14.75,14.75,16],
                    "texture": "#iron-trapdoor"
                },
                "down": {
                    "uv": [1.25,14.75,14.75,16],
                    "texture": "#iron-trapdoor"
                },
                "north": {
                    "texture": "#iron-trapdoor"
                },
                "south": {
                    "texture": "#iron-trapdoor"
                }
            }
        },
        {
            "from": [1.25,1.25,14.75],
            "to": [2.25,14.75,15.75],
            "faces": {
                "east": {
                    "uv": [14.875,1.25,15.875,14.75],
                    "texture": "#iron-trapdoor"
                },
                "north": {
                    "uv": [2.25,1.25,1.25,14.75],
                    "texture": "#iron-trapdoor"
                },
                "south": {
                    "texture": "#iron-trapdoor"
                }
            }
        },
        {
            "from": [13.75,1.25,14.75],
            "to": [14.75,14.75,15.75],
            "faces": {
                "west": {
                    "uv": [14.875,1.25,15.875,14.75],
                    "texture": "#iron-trapdoor"
                },
                "north": {
                    "uv": [14.75,1.25,13.75,14.75],
                    "texture": "#iron-trapdoor"
                },
                "south": {
                    "texture": "#iron-trapdoor"
                }
            }
        },
        {
            "from": [2.25,1.25,14.75],
            "to": [13.75,2.25,15.75],
            "faces": {
                "up": {
                    "uv": [2.25,14.875,13.75,15.875],
                    "texture": "#iron-trapdoor"
                },
                "north": {
                    "texture": "#iron-trapdoor"
                },
                "south": {
                    "texture": "#iron-trapdoor"
                }
            }
        },
        {
            "from": [2.25,13.75,14.75],
            "to": [13.75,14.75,15.75],
            "faces": {
                "down": {
                    "uv": [2.25,14.875,13.75,15.875],
                    "texture": "#iron-trapdoor"
                },
                "north": {
                    "texture": "#iron-trapdoor"
                },
                "south": {
                    "texture": "#iron-trapdoor"
                }
            }
        },
        {
            "from": [4.75,2.25,15],
            "to": [5.25,13.75,15.5],
            "faces": {
                "west": {
                    "uv": [10.75,2.25,11.25,13.75],
                    "texture": "#iron-trapdoor"
                },
                "east": {
                    "uv": [10.75,2.25,11.25,13.75],
                    "texture": "#iron-trapdoor"
                },
                "north": {
                    "texture": "#iron-trapdoor"
                },
                "south": {
                    "texture": "#iron-trapdoor"
                }
            }
        },
        {
            "from": [2.25,10.75,15],
            "to": [13.75,11.25,15.5],
            "faces": {
                "up": {
                    "uv": [2.25,10.75,13.75,11.25],
                    "texture": "#iron-trapdoor"
                },
                "down": {
                    "uv": [2.25,10.75,13.75,11.25],
                    "texture": "#iron-trapdoor"
                },
                "north": {
                    "texture": "#iron-trapdoor"
                },
                "south": {
                    "texture": "#iron-trapdoor"
                }
            }
        },
        {
            "from": [2.25,7.75,15],
            "to": [13.75,8.25,15.5],
            "faces": {
                "up": {
                    "uv": [2.25,10.75,13.75,11.25],
                    "texture": "#iron-trapdoor"
                },
                "down": {
                    "uv": [2.25,10.75,13.75,11.25],
                    "texture": "#iron-trapdoor"
                },
                "north": {
                    "texture": "#iron-trapdoor"
                },
                "south": {
                    "texture": "#iron-trapdoor"
                }
            }
        },
        {
            "from": [2.25,4.75,15],
            "to": [13.75,5.25,15.5],
            "faces": {
                "up": {
                    "uv": [2.25,10.75,13.75,11.25],
                    "texture": "#iron-trapdoor"
                },
                "down": {
                    "uv": [2.25,10.75,13.75,11.25],
                    "texture": "#iron-trapdoor"
                },
                "north": {
                    "texture": "#iron-trapdoor"
                },
                "south": {
                    "texture": "#iron-trapdoor"
                }
            }
        },
        {
            "from": [7.75,2.25,15],
            "to": [8.25,13.75,15.5],
            "faces": {
                "west": {
                    "uv": [10.75,2.25,11.25,13.75],
                    "texture": "#iron-trapdoor"
                },
                "east": {
                    "uv": [10.75,2.25,11.25,13.75],
                    "texture": "#iron-trapdoor"
                },
                "north": {
                    "texture": "#iron-trapdoor"
                },
                "south": {
                    "texture": "#iron-trapdoor"
                }
            }
        },
        {
            "from": [10.75,2.25,15],
            "to": [11.25,13.75,15.5],
            "faces": {
                "west": {
                    "uv": [10.75,2.25,11.25,13.75],
                    "texture": "#iron-trapdoor"
                },
                "east": {
                    "uv": [10.75,2.25,11.25,13.75],
                    "texture": "#iron-trapdoor"
                },
                "north": {
                    "texture": "#iron-trapdoor"
                },
                "south": {
                    "texture": "#iron-trapdoor"
                }
            }
        }
    ]
}