{
    "__createdwith": "opl's Model Creator",
    "ambientocclusion": false,
    "textures": {
        "trapdoor": "blocks/trapdoor_jungle",
        "particle": "blocks/trapdoor_jungle"
    },
    "elements": [
        {
            "from": [0,0,14],
            "to": [16,1.75,15.5],
            "faces": {
                "up": {
                    "uv": [0,14.625,16,16],
                    "texture": "#trapdoor",
                    "rotation": 90
                },
                "down": {
                    "uv": [0,14.625,16,16],
                    "texture": "#trapdoor"
                },
                "west": {
                    "uv": [0,14.25,1.375,16],
                    "texture": "#trapdoor"
                },
                "east": {
                    "uv": [16,14.25,14.625,16],
                    "texture": "#trapdoor"
                },
                "north": {
                    "uv": [16,14.25,0,16],
                    "texture": "#trapdoor"
                },
                "south": {
                    "texture": "#trapdoor"
                }
            }
        },
        {
            "from": [14.25,1.75,14],
            "to": [16,14.25,15.5],
            "faces": {
                "west": {
                    "texture": "#trapdoor"
                },
                "east": {
                    "uv": [16,1.75,14.625,14.25],
                    "texture": "#trapdoor"
                },
                "north": {
                    "uv": [16,1.75,14.25,14.25],
                    "texture": "#trapdoor"
                },
                "south": {
                    "texture": "#trapdoor"
                }
            }
        },
        {
            "from": [0,1.75,14],
            "to": [1.75,14.25,15.5],
            "faces": {
                "west": {
                    "uv": [0,1.75,1.375,14.25],
                    "texture": "#trapdoor"
                },
                "east": {
                    "uv": [16,1.75,14.25,14.25],
                    "texture": "#trapdoor"
                },
                "north": {
                    "uv": [1.75,1.75,0,14.25],
                    "texture": "#trapdoor"
                },
                "south": {
                    "texture": "#trapdoor"
                }
            }
        },
        {
            "from": [0,14.25,14],
            "to": [16,16,15.5],
            "faces": {
                "up": {
                    "uv": [0,0,16,1.375],
                    "texture": "#trapdoor"
                },
                "down": {
                    "uv": [16,14.625,0,16],
                    "texture": "#trapdoor",
                    "rotation": 90
                },
                "west": {
                    "uv": [0,0,1.375,1.75],
                    "texture": "#trapdoor"
                },
                "east": {
                    "uv": [16,0,14.625,1.75],
                    "texture": "#trapdoor"
                },
                "north": {
                    "uv": [16,0,0,1.75],
                    "texture": "#trapdoor"
                },
                "south": {
                    "texture": "#trapdoor"
                }
            }
        },
        {
            "from": [1.75,1.75,14.25],
            "to": [14.25,14.25,15.25],
            "faces": {
                "north": {
                    "uv": [14.25,1.75,1.75,14.25],
                    "texture": "#trapdoor"
                },
                "south": {
                    "texture": "#trapdoor"
                }
            }
        }
    ]
}