{
    "__createdwith": "opl's Model Creator",
    "ambientocclusion": false,
    "textures": {
        "particle": "blocks/door_jungle_upper",
        "door-jungle": "blocks/door_jungle_upper"
    },
    "elements": [
        {
            "from": [0.5,14.25,0],
            "to": [2,16,16],
            "faces": {
                "up": {
                    "uv": [0,0,16,1.375],
                    "texture": "#door-jungle",
                    "rotation": 90
                },
                "down": {
                    "uv": [16,0,0,1.375],
                    "texture": "#door-jungle",
                    "rotation": 90
                },
                "west": {
                    "uv": [0,0,16,1.75],
                    "texture": "#door-jungle"
                },
                "east": {
                    "uv": [16,0,0,1.75],
                    "texture": "#door-jungle"
                },
                "north": {
                    "uv": [0,0,1.375,1.75],
                    "texture": "#door-jungle"
                },
                "south": {
                    "uv": [14.625,0,16,1.75],
                    "texture": "#door-jungle"
                }
            }
        },
        {
            "from": [0.5,0,0],
            "to": [2,14.25,1.75],
            "faces": {
                "west": {
                    "texture": "#door-jungle"
                },
                "east": {
                    "uv": [1.75,1.75,0,16],
                    "texture": "#door-jungle"
                },
                "north": {
                    "uv": [0,1.75,1.375,16],
                    "texture": "#door-jungle"
                },
                "south": {
                    "uv": [0,1.75,1.375,16],
                    "texture": "#door-jungle"
                }
            }
        },
        {
            "from": [0.5,0,14.25],
            "to": [2,14.25,16],
            "faces": {
                "west": {
                    "texture": "#door-jungle"
                },
                "east": {
                    "uv": [16,1.75,14.25,16],
                    "texture": "#door-jungle"
                },
                "north": {
                    "uv": [14.625,1.75,16,16],
                    "texture": "#door-jungle"
                },
                "south": {
                    "uv": [14.625,1.75,16,16],
                    "texture": "#door-jungle"
                }
            }
        },
        {
            "from": [0.75,0,1.75],
            "to": [1.75,14.25,14.25],
            "faces": {
                "west": {
                    "uv": [1.75,1.75,14.25,16],
                    "texture": "#door-jungle"
                },
                "east": {
                    "uv": [14.25,1.75,1.75,16],
                    "texture": "#door-jungle"
                }
            }
        }
    ]
}