{
    "__createdwith": "opl's Model Creator",
    "ambientocclusion": false,
	
	"display": {
        "firstperson_righthand": {
            "rotation": [ 0, 45, 0 ],
            "translation": [ 0, 0, 0 ],
            "scale": [ 0.40, 0.40, 0.40 ]
        },
        "firstperson_lefthand": {
            "rotation": [ 0, 225, 0 ],
            "translation": [ 0, 0, 0 ],
            "scale": [ 0.40, 0.40, 0.40 ]
        },
        "thirdperson_righthand": {
            "rotation": [ 75, 45, 0 ],
            "translation": [ 0, 2.5, 0],
            "scale": [ 0.375, 0.375, 0.375 ]
        },
		"thirdperson_lefthand": {
            "rotation": [ 75, 45, 0 ],
            "translation": [ 0, 2.5, 0],
            "scale": [ 0.375, 0.375, 0.375 ]
			},
        "ground": {
            "rotation": [ 0, 0, 0 ],
            "translation": [ 0, 3, 0],
            "scale":[ 0.25, 0.25, 0.25 ]
        },
        "gui": {
            "rotation": [ 30, 135, 0 ],
            "translation": [ 0, 0, 0],
            "scale":[ 0.625, 0.625, 0.625 ]
        },
        "fixed": {
            "rotation": [ 0, 90, 0 ],
            "translation": [ 0, 0, 0],
            "scale":[ 0.5, 0.5, 0.5 ]
        }
	},
	
    "textures": {
        "particle": "blocks/planks_jungle",
        "planks-jungle": "blocks/planks_jungle"
    },
    "elements": [
        {
            "from": [7.5,0,2.5],
            "to": [8.5,15.5,3.5],
            "faces": {
                "down": {
                    "texture": "#planks-jungle"
                },
                "west": {
                    "texture": "#planks-jungle"
                },
                "east": {
                    "texture": "#planks-jungle"
                },
                "north": {
                    "texture": "#planks-jungle"
                },
                "south": {
                    "texture": "#planks-jungle"
                }
            }
        },
        {
            "from": [7,15.5,0],
            "to": [9,16,16],
            "faces": {
                "up": {
                    "texture": "#planks-jungle"
                },
                "down": {
                    "texture": "#planks-jungle"
                },
                "west": {
                    "texture": "#planks-jungle"
                },
                "east": {
                    "texture": "#planks-jungle"
                },
                "north": {
                    "texture": "#planks-jungle"
                },
                "south": {
                    "texture": "#planks-jungle"
                }
            }
        },
        {
            "from": [7.5,15,0],
            "to": [8.5,15.5,16],
            "faces": {
                "down": {
                    "texture": "#planks-jungle"
                },
                "west": {
                    "texture": "#planks-jungle"
                },
                "east": {
                    "texture": "#planks-jungle"
                },
                "north": {
                    "texture": "#planks-jungle"
                },
                "south": {
                    "texture": "#planks-jungle"
                }
            }
        },
        {
            "from": [7.75,1,0],
            "to": [8.25,1.5,16],
            "faces": {
                "up": {
                    "texture": "#planks-jungle"
                },
                "down": {
                    "texture": "#planks-jungle"
                },
                "west": {
                    "texture": "#planks-jungle"
                },
                "east": {
                    "texture": "#planks-jungle"
                },
                "north": {
                    "texture": "#planks-jungle"
                },
                "south": {
                    "texture": "#planks-jungle"
                }
            }
        },
        {
            "from": [7.75,14.5,0],
            "to": [8.25,15,16],
            "faces": {
                "down": {
                    "texture": "#planks-jungle"
                },
                "west": {
                    "texture": "#planks-jungle"
                },
                "east": {
                    "texture": "#planks-jungle"
                },
                "north": {
                    "texture": "#planks-jungle"
                },
                "south": {
                    "texture": "#planks-jungle"
                }
            }
        },
        {
            "from": [7.75,12,0],
            "to": [8.25,12.5,16],
            "faces": {
                "up": {
                    "texture": "#planks-jungle"
                },
                "down": {
                    "texture": "#planks-jungle"
                },
                "west": {
                    "texture": "#planks-jungle"
                },
                "east": {
                    "texture": "#planks-jungle"
                },
                "north": {
                    "texture": "#planks-jungle"
                },
                "south": {
                    "texture": "#planks-jungle"
                }
            }
        },
        {
            "from": [7.75,1.5,5.5],
            "to": [8.25,12,6],
            "faces": {
                "west": {
                    "texture": "#planks-jungle"
                },
                "east": {
                    "texture": "#planks-jungle"
                },
                "north": {
                    "texture": "#planks-jungle"
                },
                "south": {
                    "texture": "#planks-jungle"
                }
            }
        },
        {
            "from": [7.75,1.5,7],
            "to": [8.25,12,7.5],
            "faces": {
                "west": {
                    "texture": "#planks-jungle"
                },
                "east": {
                    "texture": "#planks-jungle"
                },
                "north": {
                    "texture": "#planks-jungle"
                },
                "south": {
                    "texture": "#planks-jungle"
                }
            }
        },
        {
            "from": [7.75,1.5,4],
            "to": [8.25,12,4.5],
            "faces": {
                "west": {
                    "texture": "#planks-jungle"
                },
                "east": {
                    "texture": "#planks-jungle"
                },
                "north": {
                    "texture": "#planks-jungle"
                },
                "south": {
                    "texture": "#planks-jungle"
                }
            }
        },
        {
            "from": [7.75,1.5,1.5],
            "to": [8.25,12,2],
            "faces": {
                "west": {
                    "texture": "#planks-jungle"
                },
                "east": {
                    "texture": "#planks-jungle"
                },
                "north": {
                    "texture": "#planks-jungle"
                },
                "south": {
                    "texture": "#planks-jungle"
                }
            }
        },
        {
            "from": [7.75,1.5,8.5],
            "to": [8.25,12,9],
            "faces": {
                "west": {
                    "texture": "#planks-jungle"
                },
                "east": {
                    "texture": "#planks-jungle"
                },
                "north": {
                    "texture": "#planks-jungle"
                },
                "south": {
                    "texture": "#planks-jungle"
                }
            }
        },
        {
            "from": [7.75,1.5,10],
            "to": [8.25,12,10.5],
            "faces": {
                "west": {
                    "texture": "#planks-jungle"
                },
                "east": {
                    "texture": "#planks-jungle"
                },
                "north": {
                    "texture": "#planks-jungle"
                },
                "south": {
                    "texture": "#planks-jungle"
                }
            }
        },
        {
            "from": [7.75,1.5,11.5],
            "to": [8.25,12,12],
            "faces": {
                "west": {
                    "texture": "#planks-jungle"
                },
                "east": {
                    "texture": "#planks-jungle"
                },
                "north": {
                    "texture": "#planks-jungle"
                },
                "south": {
                    "texture": "#planks-jungle"
                }
            }
        },
        {
            "from": [7.75,1.5,14],
            "to": [8.25,12,14.5],
            "faces": {
                "west": {
                    "texture": "#planks-jungle"
                },
                "east": {
                    "texture": "#planks-jungle"
                },
                "north": {
                    "texture": "#planks-jungle"
                },
                "south": {
                    "texture": "#planks-jungle"
                }
            }
        },
        {
            "from": [7.5,-0.5,12.5],
            "to": [8.5,15,13.5],
            "faces": {
                "down": {
                    "texture": "#planks-jungle"
                },
                "west": {
                    "texture": "#planks-jungle"
                },
                "east": {
                    "texture": "#planks-jungle"
                },
                "north": {
                    "texture": "#planks-jungle"
                },
                "south": {
                    "texture": "#planks-jungle"
                }
            }
        },
        {
            "from": [7.75,1.5,15.5],
            "to": [8.25,12,16],
            "faces": {
                "west": {
                    "texture": "#planks-jungle"
                },
                "east": {
                    "texture": "#planks-jungle"
                },
                "north": {
                    "texture": "#planks-jungle"
                },
                "south": {
                    "texture": "#planks-jungle"
                }
            }
        },
        {
            "from": [7.75,1.5,0],
            "to": [8.25,12,0.5],
            "faces": {
                "west": {
                    "texture": "#planks-jungle"
                },
                "east": {
                    "texture": "#planks-jungle"
                },
                "north": {
                    "texture": "#planks-jungle"
                },
                "south": {
                    "texture": "#planks-jungle"
                }
            }
        }
    ]
}