{
    "__createdwith": "opl's Model Creator",
    "ambientocclusion": false,
    "textures": {
        "planks-jungle": "blocks/planks_jungle",
        "particle": "blocks/planks_jungle"
    },
    "elements": [
        {
            "from": [15,0,7.5],
            "to": [16,15.5,8.5],
            "faces": {
                "down": {
                    "texture": "#planks-jungle"
                },
                "west": {
                    "texture": "#planks-jungle"
                },
                "east": {
                    "texture": "#planks-jungle"
                },
                "north": {
                    "texture": "#planks-jungle"
                },
                "south": {
                    "texture": "#planks-jungle"
                }
            }
        },
        {
            "from": [1,15,7.5],
            "to": [1.25,15.5,8.5],
            "faces": {
                "down": {
                    "texture": "#planks-jungle"
                },
                "east": {
                    "texture": "#planks-jungle"
                },
                "north": {
                    "texture": "#planks-jungle"
                },
                "south": {
                    "texture": "#planks-jungle"
                }
            }
        },
        {
            "from": [0,15.5,7],
            "to": [1.5,16,9],
            "faces": {
                "up": {
                    "texture": "#planks-jungle"
                },
                "down": {
                    "texture": "#planks-jungle"
                },
                "west": {
                    "texture": "#planks-jungle"
                },
                "east": {
                    "texture": "#planks-jungle"
                },
                "north": {
                    "texture": "#planks-jungle"
                },
                "south": {
                    "texture": "#planks-jungle"
                }
            }
        },
        {
            "from": [0,0,7.5],
            "to": [1,15.5,8.5],
            "faces": {
                "down": {
                    "texture": "#planks-jungle"
                },
                "west": {
                    "texture": "#planks-jungle"
                },
                "east": {
                    "texture": "#planks-jungle"
                },
                "north": {
                    "texture": "#planks-jungle"
                },
                "south": {
                    "texture": "#planks-jungle"
                }
            }
        },
        {
            "from": [14.5,15.5,7],
            "to": [16,16,9],
            "faces": {
                "up": {
                    "texture": "#planks-jungle"
                },
                "down": {
                    "texture": "#planks-jungle"
                },
                "west": {
                    "texture": "#planks-jungle"
                },
                "east": {
                    "texture": "#planks-jungle"
                },
                "north": {
                    "texture": "#planks-jungle"
                },
                "south": {
                    "texture": "#planks-jungle"
                }
            }
        },
        {
            "from": [14.75,15,7.5],
            "to": [15,15.5,8.5],
            "faces": {
                "down": {
                    "texture": "#planks-jungle"
                },
                "west": {
                    "texture": "#planks-jungle"
                },
                "north": {
                    "texture": "#planks-jungle"
                },
                "south": {
                    "texture": "#planks-jungle"
                }
            }
        },
        {
            "from": [0.25,14.5,8.5],
            "to": [0.75,15,15.25],
            "faces": {
                "up": {
                    "texture": "#planks-jungle"
                },
                "down": {
                    "texture": "#planks-jungle"
                },
                "west": {
                    "texture": "#planks-jungle"
                },
                "east": {
                    "texture": "#planks-jungle"
                },
                "south": {
                    "texture": "#planks-jungle"
                }
            }
        },
        {
            "from": [0.25,1.5,9.75],
            "to": [0.75,12,10.25],
            "faces": {
                "west": {
                    "texture": "#planks-jungle"
                },
                "east": {
                    "texture": "#planks-jungle"
                },
                "north": {
                    "texture": "#planks-jungle"
                },
                "south": {
                    "texture": "#planks-jungle"
                }
            }
        },
        {
            "from": [0.25,1.5,11.25],
            "to": [0.75,12,11.75],
            "faces": {
                "west": {
                    "texture": "#planks-jungle"
                },
                "east": {
                    "texture": "#planks-jungle"
                },
                "north": {
                    "texture": "#planks-jungle"
                },
                "south": {
                    "texture": "#planks-jungle"
                }
            }
        },
        {
            "from": [0.25,1.5,12.75],
            "to": [0.75,12,13.25],
            "faces": {
                "west": {
                    "texture": "#planks-jungle"
                },
                "east": {
                    "texture": "#planks-jungle"
                },
                "north": {
                    "texture": "#planks-jungle"
                },
                "south": {
                    "texture": "#planks-jungle"
                }
            }
        },
        {
            "from": [0.25,1.5,14.25],
            "to": [0.75,12,14.75],
            "faces": {
                "west": {
                    "texture": "#planks-jungle"
                },
                "east": {
                    "texture": "#planks-jungle"
                },
                "north": {
                    "texture": "#planks-jungle"
                },
                "south": {
                    "texture": "#planks-jungle"
                }
            }
        },
        {
            "from": [0.25,12,8.5],
            "to": [0.75,12.5,15.25],
            "faces": {
                "up": {
                    "texture": "#planks-jungle"
                },
                "down": {
                    "texture": "#planks-jungle"
                },
                "west": {
                    "texture": "#planks-jungle"
                },
                "east": {
                    "texture": "#planks-jungle"
                },
                "south": {
                    "texture": "#planks-jungle"
                }
            }
        },
        {
            "from": [0.25,1,8.5],
            "to": [0.75,1.5,15.25],
            "faces": {
                "up": {
                    "texture": "#planks-jungle"
                },
                "down": {
                    "texture": "#planks-jungle"
                },
                "west": {
                    "texture": "#planks-jungle"
                },
                "east": {
                    "texture": "#planks-jungle"
                },
                "south": {
                    "texture": "#planks-jungle"
                }
            }
        },
        {
            "from": [0.25,12.5,14.25],
            "to": [0.75,14.5,14.75],
            "faces": {
                "west": {
                    "texture": "#planks-jungle"
                },
                "east": {
                    "texture": "#planks-jungle"
                },
                "north": {
                    "texture": "#planks-jungle"
                },
                "south": {
                    "texture": "#planks-jungle"
                }
            }
        },
        {
            "from": [15.25,1,8.5],
            "to": [15.75,1.5,15.25],
            "faces": {
                "up": {
                    "texture": "#planks-jungle"
                },
                "down": {
                    "texture": "#planks-jungle"
                },
                "west": {
                    "texture": "#planks-jungle"
                },
                "east": {
                    "texture": "#planks-jungle"
                },
                "south": {
                    "texture": "#planks-jungle"
                }
            }
        },
        {
            "from": [15.25,1.5,9.75],
            "to": [15.75,12,10.25],
            "faces": {
                "west": {
                    "texture": "#planks-jungle"
                },
                "east": {
                    "texture": "#planks-jungle"
                },
                "north": {
                    "texture": "#planks-jungle"
                },
                "south": {
                    "texture": "#planks-jungle"
                }
            }
        },
        {
            "from": [15.25,1.5,11.25],
            "to": [15.75,12,11.75],
            "faces": {
                "west": {
                    "texture": "#planks-jungle"
                },
                "east": {
                    "texture": "#planks-jungle"
                },
                "north": {
                    "texture": "#planks-jungle"
                },
                "south": {
                    "texture": "#planks-jungle"
                }
            }
        },
        {
            "from": [15.25,1.5,12.75],
            "to": [15.75,12,13.25],
            "faces": {
                "west": {
                    "texture": "#planks-jungle"
                },
                "east": {
                    "texture": "#planks-jungle"
                },
                "north": {
                    "texture": "#planks-jungle"
                },
                "south": {
                    "texture": "#planks-jungle"
                }
            }
        },
        {
            "from": [15.25,1.5,14.25],
            "to": [15.75,12,14.75],
            "faces": {
                "west": {
                    "texture": "#planks-jungle"
                },
                "east": {
                    "texture": "#planks-jungle"
                },
                "north": {
                    "texture": "#planks-jungle"
                },
                "south": {
                    "texture": "#planks-jungle"
                }
            }
        },
        {
            "from": [15.25,12.5,14.25],
            "to": [15.75,14.5,14.75],
            "faces": {
                "west": {
                    "texture": "#planks-jungle"
                },
                "east": {
                    "texture": "#planks-jungle"
                },
                "north": {
                    "texture": "#planks-jungle"
                },
                "south": {
                    "texture": "#planks-jungle"
                }
            }
        },
        {
            "from": [15.25,12,8.5],
            "to": [15.75,12.5,15.25],
            "faces": {
                "up": {
                    "texture": "#planks-jungle"
                },
                "down": {
                    "texture": "#planks-jungle"
                },
                "west": {
                    "texture": "#planks-jungle"
                },
                "east": {
                    "texture": "#planks-jungle"
                },
                "south": {
                    "texture": "#planks-jungle"
                }
            }
        },
        {
            "from": [15.25,14.5,8.5],
            "to": [15.75,15,15.25],
            "faces": {
                "up": {
                    "texture": "#planks-jungle"
                },
                "down": {
                    "texture": "#planks-jungle"
                },
                "west": {
                    "texture": "#planks-jungle"
                },
                "east": {
                    "texture": "#planks-jungle"
                },
                "south": {
                    "texture": "#planks-jungle"
                }
            }
        }
    ]
}