{
    "__createdwith": "opl's Model Creator",
    "ambientocclusion": false,
    "textures": {
        "planks-jungle": "blocks/planks_jungle",
        "particle": "blocks/planks_jungle"
    },
    "elements": [
        {
            "from": [7,15.5,0],
            "to": [9,16,7],
            "faces": {
                "up": {
                    "texture": "#planks-jungle"
                },
                "down": {
                    "texture": "#planks-jungle"
                },
                "west": {
                    "texture": "#planks-jungle"
                },
                "east": {
                    "texture": "#planks-jungle"
                },
                "north": {
                    "texture": "#planks-jungle"
                }
            }
        },
        {
            "from": [7.5,15,0],
            "to": [8.5,15.5,7.5],
            "faces": {
                "down": {
                    "texture": "#planks-jungle"
                },
                "west": {
                    "texture": "#planks-jungle"
                },
                "east": {
                    "texture": "#planks-jungle"
                },
                "north": {
                    "texture": "#planks-jungle"
                }
            }
        },
        {
            "from": [7.75,1,0],
            "to": [8.25,1.5,7.5],
            "faces": {
                "up": {
                    "texture": "#planks-jungle"
                },
                "down": {
                    "texture": "#planks-jungle"
                },
                "west": {
                    "texture": "#planks-jungle"
                },
                "east": {
                    "texture": "#planks-jungle"
                },
                "north": {
                    "texture": "#planks-jungle"
                }
            }
        },
        {
            "from": [7.75,14.5,0],
            "to": [8.25,15,7.5],
            "faces": {
                "down": {
                    "texture": "#planks-jungle"
                },
                "west": {
                    "texture": "#planks-jungle"
                },
                "east": {
                    "texture": "#planks-jungle"
                },
                "north": {
                    "texture": "#planks-jungle"
                }
            }
        },
        {
            "from": [7.75,12,0],
            "to": [8.25,12.5,7.5],
            "faces": {
                "up": {
                    "texture": "#planks-jungle"
                },
                "down": {
                    "texture": "#planks-jungle"
                },
                "west": {
                    "texture": "#planks-jungle"
                },
                "east": {
                    "texture": "#planks-jungle"
                },
                "north": {
                    "texture": "#planks-jungle"
                }
            }
        },
        {
            "from": [7.75,1.5,5],
            "to": [8.25,12,5.5],
            "faces": {
                "west": {
                    "texture": "#planks-jungle"
                },
                "east": {
                    "texture": "#planks-jungle"
                },
                "north": {
                    "texture": "#planks-jungle"
                },
                "south": {
                    "texture": "#planks-jungle"
                }
            }
        },
        {
            "from": [7.75,1.5,6.5],
            "to": [8.25,12,7],
            "faces": {
                "west": {
                    "texture": "#planks-jungle"
                },
                "east": {
                    "texture": "#planks-jungle"
                },
                "north": {
                    "texture": "#planks-jungle"
                },
                "south": {
                    "texture": "#planks-jungle"
                }
            }
        },
        {
            "from": [7.75,1.5,3.5],
            "to": [8.25,12,4],
            "faces": {
                "west": {
                    "texture": "#planks-jungle"
                },
                "east": {
                    "texture": "#planks-jungle"
                },
                "north": {
                    "texture": "#planks-jungle"
                },
                "south": {
                    "texture": "#planks-jungle"
                }
            }
        },
        {
            "from": [7.75,1.5,2],
            "to": [8.25,12,2.5],
            "faces": {
                "west": {
                    "texture": "#planks-jungle"
                },
                "east": {
                    "texture": "#planks-jungle"
                },
                "north": {
                    "texture": "#planks-jungle"
                },
                "south": {
                    "texture": "#planks-jungle"
                }
            }
        },
        {
            "from": [7.75,1.5,0.5],
            "to": [8.25,12,1],
            "faces": {
                "west": {
                    "texture": "#planks-jungle"
                },
                "east": {
                    "texture": "#planks-jungle"
                },
                "north": {
                    "texture": "#planks-jungle"
                },
                "south": {
                    "texture": "#planks-jungle"
                }
            }
        }
    ]
}