{   "parent": "block/block",
    "__createdwith": "opl's Model Creator",
    "ambientocclusion": false,
    "textures": {
        "planks-jungle": "blocks/planks_jungle",
        "particle": "blocks/planks_jungle"
    },
    "elements": [
        {
            "from": [15,0,7.5],
            "to": [16,15.5,8.5],
            "faces": {
                "down": {
                    "texture": "#planks-jungle"
                },
                "west": {
                    "texture": "#planks-jungle"
                },
                "east": {
                    "texture": "#planks-jungle"
                },
                "north": {
                    "texture": "#planks-jungle"
                },
                "south": {
                    "texture": "#planks-jungle"
                }
            }
        },
        {
            "from": [1,1,7.75],
            "to": [7.75,1.5,8.25],
            "faces": {
                "up": {
                    "texture": "#planks-jungle"
                },
                "down": {
                    "texture": "#planks-jungle"
                },
                "east": {
                    "texture": "#planks-jungle"
                },
                "north": {
                    "texture": "#planks-jungle"
                },
                "south": {
                    "texture": "#planks-jungle"
                }
            }
        },
        {
            "from": [1,12,7.75],
            "to": [7.75,12.5,8.25],
            "faces": {
                "up": {
                    "texture": "#planks-jungle"
                },
                "down": {
                    "texture": "#planks-jungle"
                },
                "east": {
                    "texture": "#planks-jungle"
                },
                "north": {
                    "texture": "#planks-jungle"
                },
                "south": {
                    "texture": "#planks-jungle"
                }
            }
        },
        {
            "from": [1,14.5,7.75],
            "to": [7.75,15,8.25],
            "faces": {
                "up": {
                    "texture": "#planks-jungle"
                },
                "down": {
                    "texture": "#planks-jungle"
                },
                "east": {
                    "texture": "#planks-jungle"
                },
                "north": {
                    "texture": "#planks-jungle"
                },
                "south": {
                    "texture": "#planks-jungle"
                }
            }
        },
        {
            "from": [1,15,7.5],
            "to": [1.25,15.5,8.5],
            "faces": {
                "down": {
                    "texture": "#planks-jungle"
                },
                "east": {
                    "texture": "#planks-jungle"
                },
                "north": {
                    "texture": "#planks-jungle"
                },
                "south": {
                    "texture": "#planks-jungle"
                }
            }
        },
        {
            "from": [0,15.5,7],
            "to": [1.5,16,9],
            "faces": {
                "up": {
                    "texture": "#planks-jungle"
                },
                "down": {
                    "texture": "#planks-jungle"
                },
                "west": {
                    "texture": "#planks-jungle"
                },
                "east": {
                    "texture": "#planks-jungle"
                },
                "north": {
                    "texture": "#planks-jungle"
                },
                "south": {
                    "texture": "#planks-jungle"
                }
            }
        },
        {
            "from": [8.75,1.5,7.75],
            "to": [9.25,12,8.25],
            "faces": {
                "west": {
                    "texture": "#planks-jungle"
                },
                "east": {
                    "texture": "#planks-jungle"
                },
                "north": {
                    "texture": "#planks-jungle"
                },
                "south": {
                    "texture": "#planks-jungle"
                }
            }
        },
        {
            "from": [10.25,1.5,7.75],
            "to": [10.75,12,8.25],
            "faces": {
                "west": {
                    "texture": "#planks-jungle"
                },
                "east": {
                    "texture": "#planks-jungle"
                },
                "north": {
                    "texture": "#planks-jungle"
                },
                "south": {
                    "texture": "#planks-jungle"
                }
            }
        },
        {
            "from": [11.75,1.5,7.75],
            "to": [12.25,12,8.25],
            "faces": {
                "west": {
                    "texture": "#planks-jungle"
                },
                "east": {
                    "texture": "#planks-jungle"
                },
                "north": {
                    "texture": "#planks-jungle"
                },
                "south": {
                    "texture": "#planks-jungle"
                }
            }
        },
        {
            "from": [13.25,1.5,7.75],
            "to": [13.75,12,8.25],
            "faces": {
                "west": {
                    "texture": "#planks-jungle"
                },
                "east": {
                    "texture": "#planks-jungle"
                },
                "north": {
                    "texture": "#planks-jungle"
                },
                "south": {
                    "texture": "#planks-jungle"
                }
            }
        },
        {
            "from": [2.25,1.5,7.75],
            "to": [2.75,12,8.25],
            "faces": {
                "west": {
                    "texture": "#planks-jungle"
                },
                "east": {
                    "texture": "#planks-jungle"
                },
                "north": {
                    "texture": "#planks-jungle"
                },
                "south": {
                    "texture": "#planks-jungle"
                }
            }
        },
        {
            "from": [3.75,1.5,7.75],
            "to": [4.25,12,8.25],
            "faces": {
                "west": {
                    "texture": "#planks-jungle"
                },
                "east": {
                    "texture": "#planks-jungle"
                },
                "north": {
                    "texture": "#planks-jungle"
                },
                "south": {
                    "texture": "#planks-jungle"
                }
            }
        },
        {
            "from": [5.25,1.5,7.75],
            "to": [5.75,12,8.25],
            "faces": {
                "west": {
                    "texture": "#planks-jungle"
                },
                "east": {
                    "texture": "#planks-jungle"
                },
                "north": {
                    "texture": "#planks-jungle"
                },
                "south": {
                    "texture": "#planks-jungle"
                }
            }
        },
        {
            "from": [6.75,1.5,7.75],
            "to": [7.25,12,8.25],
            "faces": {
                "west": {
                    "texture": "#planks-jungle"
                },
                "east": {
                    "texture": "#planks-jungle"
                },
                "north": {
                    "texture": "#planks-jungle"
                },
                "south": {
                    "texture": "#planks-jungle"
                }
            }
        },
        {
            "from": [0,0,7.5],
            "to": [1,15.5,8.5],
            "faces": {
                "down": {
                    "texture": "#planks-jungle"
                },
                "west": {
                    "texture": "#planks-jungle"
                },
                "east": {
                    "texture": "#planks-jungle"
                },
                "north": {
                    "texture": "#planks-jungle"
                },
                "south": {
                    "texture": "#planks-jungle"
                }
            }
        },
        {
            "from": [14.5,15.5,7],
            "to": [16,16,9],
            "faces": {
                "up": {
                    "texture": "#planks-jungle"
                },
                "down": {
                    "texture": "#planks-jungle"
                },
                "west": {
                    "texture": "#planks-jungle"
                },
                "east": {
                    "texture": "#planks-jungle"
                },
                "north": {
                    "texture": "#planks-jungle"
                },
                "south": {
                    "texture": "#planks-jungle"
                }
            }
        },
        {
            "from": [8.25,12,7.75],
            "to": [15,12.5,8.25],
            "faces": {
                "up": {
                    "texture": "#planks-jungle"
                },
                "down": {
                    "texture": "#planks-jungle"
                },
                "west": {
                    "texture": "#planks-jungle"
                },
                "north": {
                    "texture": "#planks-jungle"
                },
                "south": {
                    "texture": "#planks-jungle"
                }
            }
        },
        {
            "from": [8.25,1,7.75],
            "to": [15,1.5,8.25],
            "faces": {
                "up": {
                    "texture": "#planks-jungle"
                },
                "down": {
                    "texture": "#planks-jungle"
                },
                "west": {
                    "texture": "#planks-jungle"
                },
                "north": {
                    "texture": "#planks-jungle"
                },
                "south": {
                    "texture": "#planks-jungle"
                }
            }
        },
        {
            "from": [6.75,12.5,7.75],
            "to": [7.25,14.5,8.25],
            "faces": {
                "west": {
                    "texture": "#planks-jungle"
                },
                "east": {
                    "texture": "#planks-jungle"
                },
                "north": {
                    "texture": "#planks-jungle"
                },
                "south": {
                    "texture": "#planks-jungle"
                }
            }
        },
        {
            "from": [8.75,12.5,7.75],
            "to": [9.25,14.5,8.25],
            "faces": {
                "west": {
                    "texture": "#planks-jungle"
                },
                "east": {
                    "texture": "#planks-jungle"
                },
                "north": {
                    "texture": "#planks-jungle"
                },
                "south": {
                    "texture": "#planks-jungle"
                }
            }
        },
        {
            "from": [8.25,14.5,7.75],
            "to": [15,15,8.25],
            "faces": {
                "up": {
                    "texture": "#planks-jungle"
                },
                "down": {
                    "texture": "#planks-jungle"
                },
                "west": {
                    "texture": "#planks-jungle"
                },
                "north": {
                    "texture": "#planks-jungle"
                },
                "south": {
                    "texture": "#planks-jungle"
                }
            }
        },
        {
            "from": [14.75,15,7.5],
            "to": [15,15.5,8.5],
            "faces": {
                "down": {
                    "texture": "#planks-jungle"
                },
                "west": {
                    "texture": "#planks-jungle"
                },
                "north": {
                    "texture": "#planks-jungle"
                },
                "south": {
                    "texture": "#planks-jungle"
                }
            }
        }
    ]
}