{   "parent": "block/block",
    "__createdwith": "opl's Model Creator",
    "ambientocclusion": false,
    "textures": {
        "particle": "blocks/planks_jungle",
        "planks-jungle": "blocks/planks_jungle"
    },
    "elements": [
        {
            "from": [7.5,0,7.5],
            "to": [8.5,15.5,8.5],
            "faces": {
                "down": {
                    "texture": "#planks-jungle"
                },
                "west": {
                    "texture": "#planks-jungle"
                },
                "east": {
                    "texture": "#planks-jungle"
                },
                "north": {
                    "texture": "#planks-jungle"
                },
                "south": {
                    "texture": "#planks-jungle"
                }
            }
        },
        {
            "from": [7,15.5,7],
            "to": [9,16,9],
            "faces": {
                "up": {
                    "texture": "#planks-jungle"
                },
                "down": {
                    "texture": "#planks-jungle"
                },
                "west": {
                    "texture": "#planks-jungle"
                },
                "east": {
                    "texture": "#planks-jungle"
                },
                "north": {
                    "texture": "#planks-jungle"
                },
                "south": {
                    "texture": "#planks-jungle"
                }
            }
        }
    ]
}