{
    "__createdwith": "opl's Model Creator",
    "ambientocclusion": false,
    "textures": {
        "ladder": "blocks/ladder_steps",
        "particle": "blocks/ladder_steps"
    },
    "elements": [
        {
            "from": [1.5,0,14.75],
            "to": [3,16,15.75],
            "faces": {
                "up": {
                    "uv": [8.75,6.75,10.25,7.75],
                    "texture": "#ladder"
                },
                "down": {
                    "uv": [5.875,6.75,7.375,7.75],
                    "texture": "#ladder"
                },
                "west": {
                    "uv": [0.5,0.75,15.5,1.75],
                    "texture": "#ladder",
                    "rotation": 270
                },
                "east": {
                    "uv": [0.5,6.75,15.5,7.75],
                    "texture": "#ladder",
                    "rotation": 270
                },
                "north": {
                    "uv": [0.5,2.5,15.5,4],
                    "texture": "#ladder",
                    "rotation": 90
                },
                "south": {
                    "uv": [0.5,4.5,15.5,6],
                    "texture": "#ladder",
                    "rotation": 90
                }
            }
        },
        {
            "from": [1.75,0,14.5],
            "to": [2.75,16,16],
            "faces": {
                "up": {
                    "uv": [9,6.5,10,8],
                    "texture": "#ladder"
                },
                "down": {
                    "uv": [6.125,6.5,7.125,8],
                    "texture": "#ladder"
                },
                "west": {
                    "uv": [0.5,0.5,15.5,2],
                    "texture": "#ladder",
                    "rotation": 270
                },
                "east": {
                    "uv": [0.5,6.5,15.5,8],
                    "texture": "#ladder",
                    "rotation": 270
                },
                "north": {
                    "uv": [0.5,2.75,15.5,3.75],
                    "texture": "#ladder",
                    "rotation": 90
                },
                "south": {
                    "uv": [0.5,4.75,15.5,5.75],
                    "texture": "#ladder",
                    "rotation": 90
                }
            }
        },
        {
            "from": [13,0,14.75],
            "to": [14.5,16,15.75],
            "faces": {
                "up": {
                    "uv": [1.375,2.75,2.875,3.75],
                    "texture": "#ladder"
                },
                "down": {
                    "uv": [11,6.75,12.5,7.75],
                    "texture": "#ladder"
                },
                "west": {
                    "uv": [0.5,6.75,15.5,7.75],
                    "texture": "#ladder",
                    "rotation": 270
                },
                "east": {
                    "uv": [0.5,4.75,15.5,5.75],
                    "texture": "#ladder",
                    "rotation": 270
                },
                "north": {
                    "uv": [0.5,2.5,15.5,4],
                    "texture": "#ladder",
                    "rotation": 90
                },
                "south": {
                    "uv": [0.5,0.5,15.5,2],
                    "texture": "#ladder",
                    "rotation": 90
                }
            }
        },
        {
            "from": [13.25,0,14.5],
            "to": [14.25,16,16],
            "faces": {
                "up": {
                    "uv": [1.625,2.5,2.625,4],
                    "texture": "#ladder"
                },
                "down": {
                    "uv": [11.25,6.5,12.25,8],
                    "texture": "#ladder"
                },
                "west": {
                    "uv": [0.5,6.5,15.5,8],
                    "texture": "#ladder",
                    "rotation": 270
                },
                "east": {
                    "uv": [0.5,4.5,15.5,6],
                    "texture": "#ladder",
                    "rotation": 270
                },
                "north": {
                    "uv": [0.5,2.75,15.5,3.75],
                    "texture": "#ladder",
                    "rotation": 90
                },
                "south": {
                    "uv": [0.5,0.75,15.5,1.75],
                    "texture": "#ladder",
                    "rotation": 90
                }
            }
        },
        {
            "from": [0.5,13.5,13.75],
            "to": [15.5,14.5,15.25],
            "faces": {
                "up": {
                    "uv": [0.5,6.5,15.5,8],
                    "texture": "#ladder"
                },
                "down": {
                    "uv": [0.5,6.5,15.5,8],
                    "texture": "#ladder"
                },
                "west": {
                    "uv": [5.5,0.75,7,1.75],
                    "texture": "#ladder"
                },
                "east": {
                    "uv": [11.125,0.75,12.625,1.75],
                    "texture": "#ladder"
                },
                "north": {
                    "uv": [0.5,0.75,15.5,1.75],
                    "texture": "#ladder"
                },
                "south": {
                    "uv": [0.5,0.75,15.5,1.75],
                    "texture": "#ladder"
                }
            }
        },
        {
            "from": [0.5,13.25,14],
            "to": [15.5,14.75,15],
            "faces": {
                "up": {
                    "uv": [0.5,6.75,15.5,7.75],
                    "texture": "#ladder"
                },
                "down": {
                    "uv": [0.5,6.75,15.5,7.75],
                    "texture": "#ladder"
                },
                "west": {
                    "uv": [5.75,0.5,6.75,2],
                    "texture": "#ladder"
                },
                "east": {
                    "uv": [11.375,0.5,12.375,2],
                    "texture": "#ladder"
                },
                "north": {
                    "uv": [0.5,0.5,15.5,2],
                    "texture": "#ladder"
                },
                "south": {
                    "uv": [0.5,0.5,15.5,2],
                    "texture": "#ladder"
                }
            }
        },
        {
            "from": [0.5,9.25,14],
            "to": [15.5,10.75,15],
            "faces": {
                "up": {
                    "uv": [0.5,4.75,15.5,5.75],
                    "texture": "#ladder"
                },
                "down": {
                    "uv": [0.5,4.75,15.5,5.75],
                    "texture": "#ladder"
                },
                "west": {
                    "uv": [13.25,4.5,14.25,6],
                    "texture": "#ladder"
                },
                "east": {
                    "uv": [10.125,2.5,11.125,4],
                    "texture": "#ladder"
                },
                "north": {
                    "uv": [0.5,2.5,15.5,4],
                    "texture": "#ladder"
                },
                "south": {
                    "uv": [0.5,2.5,15.5,4],
                    "texture": "#ladder"
                }
            }
        },
        {
            "from": [0.5,9.5,13.75],
            "to": [15.5,10.5,15.25],
            "faces": {
                "up": {
                    "uv": [0.5,4.5,15.5,6],
                    "texture": "#ladder"
                },
                "down": {
                    "uv": [0.5,4.5,15.5,6],
                    "texture": "#ladder"
                },
                "west": {
                    "uv": [13.125,4.75,14.625,5.75],
                    "texture": "#ladder"
                },
                "east": {
                    "uv": [9.875,2.75,11.375,3.75],
                    "texture": "#ladder"
                },
                "north": {
                    "uv": [0.5,2.75,15.5,3.75],
                    "texture": "#ladder"
                },
                "south": {
                    "uv": [0.5,2.75,15.5,3.75],
                    "texture": "#ladder"
                }
            }
        },
        {
            "from": [0.5,5.5,13.75],
            "to": [15.5,6.5,15.25],
            "faces": {
                "up": {
                    "uv": [0.5,2.5,15.5,4],
                    "texture": "#ladder"
                },
                "down": {
                    "uv": [0.5,2.5,15.5,4],
                    "texture": "#ladder"
                },
                "west": {
                    "uv": [3,2.75,4.5,3.75],
                    "texture": "#ladder"
                },
                "east": {
                    "uv": [4.875,4.75,6.375,5.75],
                    "texture": "#ladder"
                },
                "north": {
                    "uv": [0.5,4.75,15.5,5.75],
                    "texture": "#ladder"
                },
                "south": {
                    "uv": [0.5,4.75,15.5,5.75],
                    "texture": "#ladder"
                }
            }
        },
        {
            "from": [0.5,5.25,14],
            "to": [15.5,6.75,15],
            "faces": {
                "up": {
                    "uv": [0.5,2.75,15.5,3.75],
                    "texture": "#ladder"
                },
                "down": {
                    "uv": [0.5,2.75,15.5,3.75],
                    "texture": "#ladder"
                },
                "west": {
                    "uv": [3.25,2.5,4.25,4],
                    "texture": "#ladder"
                },
                "east": {
                    "uv": [5.125,4.5,6.125,6],
                    "texture": "#ladder"
                },
                "north": {
                    "uv": [0.5,4.5,15.5,6],
                    "texture": "#ladder"
                },
                "south": {
                    "uv": [0.5,4.5,15.5,6],
                    "texture": "#ladder"
                }
            }
        },
        {
            "from": [0.5,1.5,13.75],
            "to": [15.5,2.5,15.25],
            "faces": {
                "up": {
                    "uv": [0.5,0.5,15.5,2],
                    "texture": "#ladder"
                },
                "down": {
                    "uv": [0.5,0.5,15.5,2],
                    "texture": "#ladder"
                },
                "west": {
                    "uv": [5,6.75,6.5,7.75],
                    "texture": "#ladder"
                },
                "east": {
                    "uv": [1.375,6.75,2.875,7.75],
                    "texture": "#ladder"
                },
                "north": {
                    "uv": [0.5,6.75,15.5,7.75],
                    "texture": "#ladder"
                },
                "south": {
                    "uv": [0.5,6.75,15.5,7.75],
                    "texture": "#ladder"
                }
            }
        },
        {
            "from": [0.5,1.25,14],
            "to": [15.5,2.75,15],
            "faces": {
                "up": {
                    "uv": [0.5,0.75,15.5,1.75],
                    "texture": "#ladder"
                },
                "down": {
                    "uv": [0.5,0.75,15.5,1.75],
                    "texture": "#ladder"
                },
                "west": {
                    "uv": [5.375,6.5,6.375,8],
                    "texture": "#ladder"
                },
                "east": {
                    "uv": [1.625,6.5,2.625,8],
                    "texture": "#ladder"
                },
                "north": {
                    "uv": [0.5,6.5,15.5,8],
                    "texture": "#ladder"
                },
                "south": {
                    "uv": [0.5,6.5,15.5,8],
                    "texture": "#ladder"
                }
            }
        }
    ]
}