{
	"credit": "Made with Blockbench",
	"ambientocclusion": false,
	"textures": {
		"texture": "block/lily_pad",
		"particle": "block/lily_pad",
		"flower": "blocks/lily_pad_flower"
	},
	"elements": [
		{
			"from": [0, 0.25, 0],
			"to": [16, 0.25, 16],
			"faces": {
				"up": {"uv": [16, 0, 0, 16], "texture": "#texture", "tintindex": 0},
				"down": {"uv": [16, 16, 0, 0], "texture": "#texture", "tintindex": 0}
			}
		},
		{
			"from": [8, 0.25, 4],
			"to": [8, 4, 12],
			"faces": {
				"east": {"uv": [4, 12, 12, 15.75], "texture": "#flower"},
				"west": {"uv": [4, 12, 12, 15.75], "texture": "#flower"}
			}
		},
		{
			"from": [4, 0.25, 8],
			"to": [12, 4, 8],
			"faces": {
				"north": {"uv": [4, 12, 12, 15.75], "texture": "#flower"},
				"south": {"uv": [4, 12, 12, 15.75], "texture": "#flower"}
			}
		}
	]
}