{
    "__createdwith": "opl's Model Creator",
    "ambientocclusion": false,
    "textures": {
        "mob-spawner": "blocks/mob_spawner"
    },
    "elements": [
        {
            "from": [0,14.75,0],
            "to": [1.25,16,16],
            "faces": {
                "up": {
                    "texture": "#mob-spawner"
                },
                "down": {
                    "texture": "#mob-spawner"
                },
                "west": {
                    "texture": "#mob-spawner"
                },
                "east": {
                    "uv": [0,0,16,1.25],
                    "texture": "#mob-spawner"
                },
                "north": {
                    "uv": [14.75,0,16,1.25],
                    "texture": "#mob-spawner"
                },
                "south": {
                    "texture": "#mob-spawner"
                }
            }
        },
        {
            "from": [0,0,0],
            "to": [1.25,1.25,16],
            "faces": {
                "up": {
                    "texture": "#mob-spawner"
                },
                "down": {
                    "texture": "#mob-spawner"
                },
                "west": {
                    "texture": "#mob-spawner"
                },
                "east": {
                    "uv": [0,14.75,16,16],
                    "texture": "#mob-spawner"
                },
                "north": {
                    "uv": [14.75,14.75,16,16],
                    "texture": "#mob-spawner"
                },
                "south": {
                    "texture": "#mob-spawner"
                }
            }
        },
        {
            "from": [14.75,0,0],
            "to": [16,1.25,16],
            "faces": {
                "up": {
                    "texture": "#mob-spawner"
                },
                "down": {
                    "texture": "#mob-spawner"
                },
                "west": {
                    "texture": "#mob-spawner"
                },
                "east": {
                    "uv": [0,14.75,16,16],
                    "texture": "#mob-spawner"
                },
                "north": {
                    "uv": [0,14.75,1.25,16],
                    "texture": "#mob-spawner"
                },
                "south": {
                    "texture": "#mob-spawner"
                }
            }
        },
        {
            "from": [14.75,14.75,0],
            "to": [16,16,16],
            "faces": {
                "up": {
                    "texture": "#mob-spawner"
                },
                "down": {
                    "texture": "#mob-spawner"
                },
                "west": {
                    "texture": "#mob-spawner"
                },
                "east": {
                    "uv": [0,14.75,16,16],
                    "texture": "#mob-spawner"
                },
                "north": {
                    "uv": [0,0,1.25,1.25],
                    "texture": "#mob-spawner"
                },
                "south": {
                    "texture": "#mob-spawner"
                }
            }
        },
        {
            "from": [1.25,0,0],
            "to": [14.75,1.25,1.25],
            "faces": {
                "up": {
                    "texture": "#mob-spawner"
                },
                "down": {
                    "texture": "#mob-spawner"
                },
                "north": {
                    "texture": "#mob-spawner"
                },
                "south": {
                    "texture": "#mob-spawner"
                }
            }
        },
        {
            "from": [1.25,0,14.75],
            "to": [14.75,1.25,16],
            "faces": {
                "up": {
                    "texture": "#mob-spawner"
                },
                "down": {
                    "texture": "#mob-spawner"
                },
                "north": {
                    "texture": "#mob-spawner"
                },
                "south": {
                    "texture": "#mob-spawner"
                }
            }
        },
        {
            "from": [1.25,14.75,14.75],
            "to": [14.75,16,16],
            "faces": {
                "up": {
                    "texture": "#mob-spawner"
                },
                "down": {
                    "texture": "#mob-spawner"
                },
                "north": {
                    "texture": "#mob-spawner"
                },
                "south": {
                    "texture": "#mob-spawner"
                }
            }
        },
        {
            "from": [1.25,14.75,0],
            "to": [14.75,16,1.25],
            "faces": {
                "up": {
                    "texture": "#mob-spawner"
                },
                "down": {
                    "texture": "#mob-spawner"
                },
                "north": {
                    "texture": "#mob-spawner"
                },
                "south": {
                    "texture": "#mob-spawner"
                }
            }
        },
        {
            "from": [0,1.25,0],
            "to": [1.25,14.75,1.25],
            "faces": {
                "west": {
                    "texture": "#mob-spawner"
                },
                "east": {
                    "texture": "#mob-spawner"
                },
                "north": {
                    "uv": [14.75,1.25,16,14.75],
                    "texture": "#mob-spawner"
                },
                "south": {
                    "texture": "#mob-spawner"
                }
            }
        },
        {
            "from": [14.75,1.25,0],
            "to": [16,14.75,1.25],
            "faces": {
                "west": {
                    "texture": "#mob-spawner"
                },
                "east": {
                    "uv": [14.75,1.25,16,14.75],
                    "texture": "#mob-spawner"
                },
                "north": {
                    "uv": [0,1.25,1.25,14.75],
                    "texture": "#mob-spawner"
                },
                "south": {
                    "texture": "#mob-spawner"
                }
            }
        },
        {
            "from": [14.75,1.25,14.75],
            "to": [16,14.75,16],
            "faces": {
                "west": {
                    "texture": "#mob-spawner"
                },
                "east": {
                    "uv": [0,1.25,1.25,14.75],
                    "texture": "#mob-spawner"
                },
                "north": {
                    "uv": [0,1.25,1.25,14.75],
                    "texture": "#mob-spawner"
                },
                "south": {
                    "texture": "#mob-spawner"
                }
            }
        },
        {
            "from": [0,1.25,14.75],
            "to": [1.25,14.75,16],
            "faces": {
                "west": {
                    "texture": "#mob-spawner"
                },
                "east": {
                    "uv": [14.75,1.25,16,14.75],
                    "texture": "#mob-spawner"
                },
                "north": {
                    "uv": [0,1.25,1.25,14.75],
                    "texture": "#mob-spawner"
                },
                "south": {
                    "texture": "#mob-spawner"
                }
            }
        },
        {
            "from": [1.25,1.25,0.25],
            "to": [14.75,2.25,1],
            "faces": {
                "up": {
                    "texture": "#mob-spawner"
                },
                "north": {
                    "texture": "#mob-spawner"
                },
                "south": {
                    "texture": "#mob-spawner"
                }
            }
        },
        {
            "from": [1.25,13.75,0.25],
            "to": [14.75,14.75,1],
            "faces": {
                "down": {
                    "uv": [1.3125,0.375,14.8125,1.125],
                    "texture": "#mob-spawner"
                },
                "north": {
                    "uv": [1.25,1.25,14.75,2.25],
                    "texture": "#mob-spawner"
                },
                "south": {
                    "texture": "#mob-spawner"
                }
            }
        },
        {
            "from": [1.25,2.25,0.25],
            "to": [2.25,13.75,1],
            "faces": {
                "east": {
                    "texture": "#mob-spawner"
                },
                "north": {
                    "uv": [13.75,2.25,14.75,13.75],
                    "texture": "#mob-spawner"
                },
                "south": {
                    "texture": "#mob-spawner"
                }
            }
        },
        {
            "from": [13.75,2.25,0.25],
            "to": [14.75,13.75,1],
            "faces": {
                "west": {
                    "texture": "#mob-spawner"
                },
                "north": {
                    "uv": [1.25,2.25,2.25,13.75],
                    "texture": "#mob-spawner"
                },
                "south": {
                    "texture": "#mob-spawner"
                }
            }
        },
        {
            "from": [13.75,2.25,15],
            "to": [14.75,13.75,15.75],
            "faces": {
                "west": {
                    "texture": "#mob-spawner"
                },
                "north": {
                    "uv": [1.25,2.25,2.25,13.75],
                    "texture": "#mob-spawner"
                },
                "south": {
                    "texture": "#mob-spawner"
                }
            }
        },
        {
            "from": [1.25,13.75,15],
            "to": [14.75,14.75,15.75],
            "faces": {
                "down": {
                    "uv": [1.3125,0.375,14.8125,1.125],
                    "texture": "#mob-spawner"
                },
                "north": {
                    "uv": [1.25,1.25,14.75,2.25],
                    "texture": "#mob-spawner"
                },
                "south": {
                    "texture": "#mob-spawner"
                }
            }
        },
        {
            "from": [1.25,2.25,15],
            "to": [2.25,13.75,15.75],
            "faces": {
                "east": {
                    "texture": "#mob-spawner"
                },
                "north": {
                    "uv": [13.75,2.25,14.75,13.75],
                    "texture": "#mob-spawner"
                },
                "south": {
                    "texture": "#mob-spawner"
                }
            }
        },
        {
            "from": [1.25,1.25,15],
            "to": [14.75,2.25,15.75],
            "faces": {
                "up": {
                    "texture": "#mob-spawner"
                },
                "north": {
                    "texture": "#mob-spawner"
                },
                "south": {
                    "texture": "#mob-spawner"
                }
            }
        },
        {
            "from": [1.25,0.25,1.25],
            "to": [14.75,1,2.25],
            "faces": {
                "up": {
                    "texture": "#mob-spawner"
                },
                "down": {
                    "uv": [1.25,2.25,14.75,1.25],
                    "texture": "#mob-spawner"
                },
                "south": {
                    "texture": "#mob-spawner"
                }
            }
        },
        {
            "from": [1.25,0.25,13.75],
            "to": [14.75,1,14.75],
            "faces": {
                "up": {
                    "texture": "#mob-spawner"
                },
                "down": {
                    "uv": [1.25,14.75,14.75,13.75],
                    "texture": "#mob-spawner"
                },
                "north": {
                    "texture": "#mob-spawner"
                }
            }
        },
        {
            "from": [1.25,0.25,2.25],
            "to": [2.25,1,13.75],
            "faces": {
                "up": {
                    "texture": "#mob-spawner"
                },
                "down": {
                    "uv": [1.25,13.75,2.25,2.25],
                    "texture": "#mob-spawner"
                },
                "east": {
                    "texture": "#mob-spawner"
                }
            }
        },
        {
            "from": [13.75,0.25,2.25],
            "to": [14.75,1,13.75],
            "faces": {
                "up": {
                    "texture": "#mob-spawner"
                },
                "down": {
                    "uv": [13.75,13.75,14.75,2.25],
                    "texture": "#mob-spawner"
                },
                "west": {
                    "texture": "#mob-spawner"
                }
            }
        },
        {
            "from": [13.75,15,2.25],
            "to": [14.75,15.75,13.75],
            "faces": {
                "up": {
                    "texture": "#mob-spawner"
                },
                "down": {
                    "uv": [13.75,13.75,14.75,2.25],
                    "texture": "#mob-spawner"
                },
                "west": {
                    "texture": "#mob-spawner"
                }
            }
        },
        {
            "from": [1.25,15,13.75],
            "to": [14.75,15.75,14.75],
            "faces": {
                "up": {
                    "texture": "#mob-spawner"
                },
                "down": {
                    "uv": [1.25,14.75,14.75,13.75],
                    "texture": "#mob-spawner"
                },
                "north": {
                    "texture": "#mob-spawner"
                }
            }
        },
        {
            "from": [1.25,15,2.25],
            "to": [2.25,15.75,13.75],
            "faces": {
                "up": {
                    "texture": "#mob-spawner"
                },
                "down": {
                    "uv": [1.25,13.75,2.25,2.25],
                    "texture": "#mob-spawner"
                },
                "east": {
                    "texture": "#mob-spawner"
                }
            }
        },
        {
            "from": [1.25,15,1.25],
            "to": [14.75,15.75,2.25],
            "faces": {
                "up": {
                    "texture": "#mob-spawner"
                },
                "down": {
                    "uv": [1.25,2.25,14.75,1.25],
                    "texture": "#mob-spawner"
                },
                "south": {
                    "texture": "#mob-spawner"
                }
            }
        },
        {
            "from": [0.25,13.75,1.25],
            "to": [1,14.75,14.75],
            "faces": {
                "down": {
                    "texture": "#mob-spawner"
                },
                "west": {
                    "texture": "#mob-spawner"
                },
                "east": {
                    "texture": "#mob-spawner"
                }
            }
        },
        {
            "from": [0.25,1.25,1.25],
            "to": [1,2.25,14.75],
            "faces": {
                "up": {
                    "texture": "#mob-spawner"
                },
                "west": {
                    "texture": "#mob-spawner"
                },
                "east": {
                    "texture": "#mob-spawner"
                }
            }
        },
        {
            "from": [0.25,2.25,1.25],
            "to": [1,13.75,2.25],
            "faces": {
                "west": {
                    "texture": "#mob-spawner"
                },
                "east": {
                    "uv": [13.75,2.25,14.75,13.75],
                    "texture": "#mob-spawner"
                },
                "south": {
                    "texture": "#mob-spawner"
                }
            }
        },
        {
            "from": [0.25,2.25,13.75],
            "to": [1,13.75,14.75],
            "faces": {
                "west": {
                    "texture": "#mob-spawner"
                },
                "east": {
                    "uv": [1.25,2.25,2.25,13.75],
                    "texture": "#mob-spawner"
                },
                "north": {
                    "texture": "#mob-spawner"
                }
            }
        },
        {
            "from": [15,2.25,13.75],
            "to": [15.75,13.75,14.75],
            "faces": {
                "west": {
                    "texture": "#mob-spawner"
                },
                "east": {
                    "uv": [1.25,2.25,2.25,13.75],
                    "texture": "#mob-spawner"
                },
                "north": {
                    "texture": "#mob-spawner"
                }
            }
        },
        {
            "from": [15,1.25,1.25],
            "to": [15.75,2.25,14.75],
            "faces": {
                "up": {
                    "texture": "#mob-spawner"
                },
                "west": {
                    "texture": "#mob-spawner"
                },
                "east": {
                    "texture": "#mob-spawner"
                }
            }
        },
        {
            "from": [15,2.25,1.25],
            "to": [15.75,13.75,2.25],
            "faces": {
                "west": {
                    "texture": "#mob-spawner"
                },
                "east": {
                    "uv": [13.75,2.25,14.75,13.75],
                    "texture": "#mob-spawner"
                },
                "south": {
                    "texture": "#mob-spawner"
                }
            }
        },
        {
            "from": [15,13.75,1.25],
            "to": [15.75,14.75,14.75],
            "faces": {
                "down": {
                    "texture": "#mob-spawner"
                },
                "west": {
                    "texture": "#mob-spawner"
                },
                "east": {
                    "texture": "#mob-spawner"
                }
            }
        },
        {
            "from": [2.25,2.25,0.75],
            "to": [13.75,13.75,1],
            "faces": {
                "north": {
                    "texture": "#mob-spawner"
                },
                "south": {
                    "texture": "#mob-spawner"
                }
            }
        },
        {
            "from": [2.25,2.25,15],
            "to": [13.75,13.75,15.25],
            "faces": {
                "north": {
                    "texture": "#mob-spawner"
                },
                "south": {
                    "texture": "#mob-spawner"
                }
            }
        },
        {
            "from": [2.25,0.75,2.25],
            "to": [13.75,1,13.75],
            "faces": {
                "up": {
                    "texture": "#mob-spawner"
                },
                "down": {
                    "texture": "#mob-spawner"
                }
            }
        },
        {
            "from": [0.75,2.25,2.25],
            "to": [1,13.75,13.75],
            "faces": {
                "west": {
                    "texture": "#mob-spawner"
                },
                "east": {
                    "texture": "#mob-spawner"
                }
            }
        },
        {
            "from": [15,2.25,2.25],
            "to": [15.25,13.75,13.75],
            "faces": {
                "west": {
                    "texture": "#mob-spawner"
                },
                "east": {
                    "texture": "#mob-spawner"
                }
            }
        },
        {
            "from": [2.25,15,2.25],
            "to": [13.75,15.25,13.75],
            "faces": {
                "up": {
                    "texture": "#mob-spawner"
                },
                "down": {
                    "texture": "#mob-spawner"
                }
            }
        }
    ]
}