{
    "__createdwith": "opl's Model Creator",
    "parent": "block/block",
    "ambientocclusion": false,
    "textures": {
        "particle": "blocks/planks_oak",
        "planks": "blocks/planks_oak"
    },
    "elements": [
        {
            "from": [0,0,0.25],
            "to": [16,0.25,3.75],
            "faces": {
                "up": {
                    "texture": "#planks"
                },
                "down": {
                    "texture": "#planks"
                },
                "west": {
                    "texture": "#planks"
                },
                "east": {
                    "texture": "#planks"
                },
                "north": {
                    "texture": "#planks"
                },
                "south": {
                    "texture": "#planks"
                }
            }
        },
        {
            "from": [0,0,4.25],
            "to": [16,0.25,7.75],
            "faces": {
                "up": {
                    "texture": "#planks"
                },
                "down": {
                    "texture": "#planks"
                },
                "west": {
                    "texture": "#planks"
                },
                "east": {
                    "texture": "#planks"
                },
                "north": {
                    "texture": "#planks"
                },
                "south": {
                    "texture": "#planks"
                }
            }
        },
        {
            "from": [0,0,8.25],
            "to": [16,0.25,11.75],
            "faces": {
                "up": {
                    "texture": "#planks"
                },
                "down": {
                    "texture": "#planks"
                },
                "west": {
                    "texture": "#planks"
                },
                "east": {
                    "texture": "#planks"
                },
                "north": {
                    "texture": "#planks"
                },
                "south": {
                    "texture": "#planks"
                }
            }
        },
        {
            "from": [0,0,12.25],
            "to": [16,0.25,15.75],
            "faces": {
                "up": {
                    "texture": "#planks"
                },
                "down": {
                    "texture": "#planks"
                },
                "west": {
                    "texture": "#planks"
                },
                "east": {
                    "texture": "#planks"
                },
                "north": {
                    "texture": "#planks"
                },
                "south": {
                    "texture": "#planks"
                }
            }
        }
    ]
}