{
    "__createdwith": "opl's Model Creator",
    "ambientocclusion": false,
	
	"display": {
		"firstperson_righthand": {
			"rotation": [ 0, 45, 0 ],
			"translation": [ 1, 4, 0 ],
			"scale": [ 0.4, 0.4, 0.4 ]
		},
		"firstperson_lefthand": {
			"rotation": [ 0, 45, 0 ],
			"translation": [ 1, 4, 0 ],
			"scale": [ 0.4, 0.4, 0.4 ]
		},
		"thirdperson_righthand": {
			"rotation": [ 75, 45, 0 ],
			"translation": [ 0, 2, 2.5 ],
			"scale": [ 0.4, 0.4, 0.4 ]
		},
		"thirdperson_lefthand": {
			"rotation": [ 75, 45, 0 ],
			"translation": [ 0, 2, 2.5 ],
			"scale": [ 0.4, 0.4, 0.4 ]
		},
		"ground": {
			"rotation": [ 0, 0, 0 ],
			"translation": [ 0, 3, 0 ],
			"scale": [ 0.25, 0.25, 0.25 ]
		},
		"fixed": {
			"rotation": [ 0, 0, 0 ],
			"translation": [ 0, 0, 0 ],
			"scale": [ 0.5, 0.5, 0.5 ]
		},
		"gui": {
			"rotation": [ 30, 45, 0 ],
			"translation": [ 0, 0, 0 ],
			"scale": [ 0.7, 0.7, 0.7 ]
		}
	},
	
    "textures": {
        "trapdoor": "blocks/trapdoor_oak",
        "particle": "blocks/trapdoor_oak"
    },
	
    "elements": [
        {
            "from": [14.25,0,1.75],
            "to": [16,1.5,14.25],
            "faces": {
                "up": {
                    "texture": "#trapdoor"
                },
                "down": {
                    "uv": [14.25,14.25,16,1.75],
                    "texture": "#trapdoor"
                },
                "west": {
                    "uv": [14.625,1.75,16,14.25],
                    "texture": "#trapdoor",
                    "rotation": 90
                },
                "east": {
                    "uv": [14.625,1.75,16,14.375],
                    "texture": "#trapdoor",
                    "rotation": 90
                },
                "north": {
                    "uv": [16,1.75,14.25,14.25],
                    "texture": "#trapdoor"
                },
                "south": {
                    "texture": "#trapdoor"
                }
            }
        },
        {
            "from": [0,0,1.75],
            "to": [1.75,1.5,14.25],
            "faces": {
                "up": {
                    "texture": "#trapdoor"
                },
                "down": {
                    "uv": [0,14.25,1.75,1.75],
                    "texture": "#trapdoor"
                },
                "west": {
                    "uv": [0,1.75,1.5,14.25],
                    "texture": "#trapdoor",
                    "rotation": 270
                },
                "east": {
                    "uv": [0,1.75,1.5,14.375],
                    "texture": "#trapdoor",
                    "rotation": 90
                },
                "north": {
                    "uv": [1.75,1.75,0,14.25],
                    "texture": "#trapdoor"
                },
                "south": {
                    "texture": "#trapdoor"
                }
            }
        },
        {
            "from": [0,0,14.25],
            "to": [16,1.5,16],
            "faces": {
                "up": {
                    "texture": "#trapdoor"
                },
                "down": {
                    "uv": [0,16,16,14.25],
                    "texture": "#trapdoor"
                },
                "west": {
                    "uv": [0,14.25,1.5,16],
                    "texture": "#trapdoor",
                    "rotation": 270
                },
                "east": {
                    "uv": [14.625,14.25,16,16],
                    "texture": "#trapdoor",
                    "rotation": 90
                },
                "north": {
                    "uv": [16,14.625,0,16],
                    "texture": "#trapdoor"
                },
                "south": {
                    "uv": [0,14.625,16,16],
                    "texture": "#trapdoor"
                }
            }
        },
        {
            "from": [1.75,0.25,1.75],
            "to": [14.25,1.25,14.25],
            "faces": {
                "up": {
                    "texture": "#trapdoor"
                },
                "down": {
                    "uv": [1.75,14.25,14.25,1.75],
                    "texture": "#trapdoor"
                }
            }
        },
        {
            "from": [0,0,0],
            "to": [16,1.5,1.75],
            "faces": {
                "up": {
                    "texture": "#trapdoor"
                },
                "down": {
                    "uv": [0,1.75,16,0],
                    "texture": "#trapdoor"
                },
                "west": {
                    "uv": [0,0,1.5,1.75],
                    "texture": "#trapdoor",
                    "rotation": 270
                },
                "east": {
                    "uv": [16,0,14.625,1.75],
                    "texture": "#trapdoor",
                    "rotation": 90
                },
                "north": {
                    "uv": [16,0,0,1.375],
                    "texture": "#trapdoor"
                },
                "south": {
                    "uv": [0,0,16,1.375],
                    "texture": "#trapdoor"
                }
            }
        }
    ]
}