{
    "__createdwith": "opl's Model Creator",
    "ambientocclusion": false,
    "textures": {
        "side": "#side",
        "bottom": "#bottom",
        "particle": "#side",
        "inner": "#inside"
    },
    "elements": [
        {
            "from": [1,1,5],
            "to": [15,15,15],
            "faces": {
                "up": {
                    "uv": [1.0,5.0,15.0,15.0],
                    "texture": "#side"
                },
                "down": {
                    "uv": [1.0,5.0,15.0,15.0],
                    "texture": "#side"
                },
                "west": {
                    "uv": [1.0,5.0,15.0,15.0],
                    "texture": "#side",
                    "rotation": 270
                },
                "east": {
                    "uv": [1.0,5.0,15.0,15.0],
                    "texture": "#side",
                    "rotation": 90
                },
                "north": {
                    "texture": "#inner"
                },
                "south": {
                    "texture": "#bottom"
                }
            }
        },
        {
            "from": [0,0,4],
            "to": [16,1,5],
            "faces": {
                "up": {
                    "uv": [0.0,0.0,16.0,1.0],
                    "texture": "#bottom"
                },
                "down": {
                    "uv": [0.0,0.0,16.0,1.0],
                    "texture": "#bottom"
                },
                "west": {
                    "uv": [0.0,15.0,1.0,16.0],
                    "texture": "#bottom"
                },
                "east": {
                    "uv": [0.0,15.0,1.0,16.0],
                    "texture": "#bottom"
                },
                "north": {
                    "texture": "#bottom"
                },
                "south": {
                    "texture": "#bottom"
                }
            }
        },
        {
            "from": [0,15,4],
            "to": [16,16,5],
            "faces": {
                "up": {
                    "uv": [0.0,0.0,16.0,1.0],
                    "texture": "#bottom"
                },
                "down": {
                    "uv": [0.0,0.0,16.0,1.0],
                    "texture": "#bottom"
                },
                "west": {
                    "uv": [0.0,15.0,1.0,16.0],
                    "texture": "#bottom"
                },
                "east": {
                    "uv": [0.0,15.0,1.0,16.0],
                    "texture": "#bottom"
                },
                "north": {
                    "texture": "#bottom"
                },
                "south": {
                    "texture": "#bottom"
                }
            }
        },
        {
            "from": [0,0,15],
            "to": [16,1,16],
            "faces": {
                "up": {
                    "uv": [0.0,0.0,16.0,1.0],
                    "texture": "#bottom"
                },
                "down": {
                    "uv": [0.0,0.0,16.0,1.0],
                    "texture": "#bottom"
                },
                "west": {
                    "uv": [0.0,15.0,1.0,16.0],
                    "texture": "#bottom"
                },
                "east": {
                    "uv": [0.0,15.0,1.0,16.0],
                    "texture": "#bottom"
                },
                "north": {
                    "texture": "#bottom"
                },
                "south": {
                    "texture": "#bottom"
                }
            }
        },
        {
            "from": [0,15,15],
            "to": [16,16,16],
            "faces": {
                "up": {
                    "uv": [0.0,0.0,16.0,1.0],
                    "texture": "#bottom"
                },
                "down": {
                    "uv": [0.0,0.0,16.0,1.0],
                    "texture": "#bottom"
                },
                "west": {
                    "uv": [0.0,15.0,1.0,16.0],
                    "texture": "#bottom"
                },
                "east": {
                    "uv": [0.0,15.0,1.0,16.0],
                    "texture": "#bottom"
                },
                "north": {
                    "texture": "#bottom"
                },
                "south": {
                    "texture": "#bottom"
                }
            }
        },
        {
            "from": [5,5,4],
            "to": [11,11,5],
            "faces": {
                "up": {
                    "uv": [5.0,5.0,11.0,6.0],
                    "texture": "#inner"
                },
                "down": {
                    "uv": [5.0,5.0,11.0,6.0],
                    "texture": "#inner"
                },
                "west": {
                    "uv": [5.0,5.0,6.0,11.0],
                    "texture": "#inner"
                },
                "east": {
                    "uv": [5.0,5.0,6.0,11.0],
                    "texture": "#inner"
                },
                "north": {
                    "texture": "#inner"
                }
            }
        },
        {
            "from": [15,0,5],
            "to": [16,1,15],
            "faces": {
                "up": {
                    "uv": [15.0,5.0,16.0,15.0],
                    "texture": "#side"
                },
                "down": {
                    "uv": [15.0,5.0,16.0,15.0],
                    "texture": "#side"
                },
                "west": {
                    "texture": "#side"
                },
                "east": {
                    "texture": "#side"
                }
            }
        },
        {
            "from": [15,15,5],
            "to": [16,16,15],
            "faces": {
                "up": {
                    "uv": [15.0,5.0,16.0,15.0],
                    "texture": "#side"
                },
                "down": {
                    "uv": [15.0,5.0,16.0,15.0],
                    "texture": "#side"
                },
                "west": {
                    "texture": "#side"
                },
                "east": {
                    "texture": "#side"
                }
            }
        },
        {
            "from": [0,15,5],
            "to": [1,16,15],
            "faces": {
                "up": {
                    "uv": [0.0,5.0,1.0,15.0],
                    "texture": "#side"
                },
                "down": {
                    "uv": [0.0,5.0,1.0,15.0],
                    "texture": "#side"
                },
                "west": {
                    "texture": "#side"
                },
                "east": {
                    "texture": "#side"
                }
            }
        },
        {
            "from": [0,0,5],
            "to": [1,1,15],
            "faces": {
                "up": {
                    "uv": [0.0,5.0,1.0,15.0],
                    "texture": "#side"
                },
                "down": {
                    "uv": [0.0,5.0,1.0,15.0],
                    "texture": "#side"
                },
                "west": {
                    "texture": "#side"
                },
                "east": {
                    "texture": "#side"
                }
            }
        },
        {
            "from": [0,1,15],
            "to": [1,15,16],
            "faces": {
                "west": {
                    "texture": "#bottom"
                },
                "east": {
                    "texture": "#bottom"
                },
                "north": {
                    "texture": "#bottom"
                },
                "south": {
                    "texture": "#bottom"
                }
            }
        },
        {
            "from": [15,1,15],
            "to": [16,15,16],
            "faces": {
                "west": {
                    "texture": "#bottom"
                },
                "east": {
                    "texture": "#bottom"
                },
                "north": {
                    "texture": "#bottom"
                },
                "south": {
                    "texture": "#bottom"
                }
            }
        },
        {
            "from": [15,1,4],
            "to": [16,15,5],
            "faces": {
                "west": {
                    "uv": [0.0,1.0,1.0,15.0],
                    "texture": "#bottom"
                },
                "east": {
                    "uv": [0.0,1.0,1.0,15.0],
                    "texture": "#bottom"
                },
                "north": {
                    "texture": "#bottom"
                },
                "south": {
                    "texture": "#bottom"
                }
            }
        },
        {
            "from": [0,1,4],
            "to": [1,15,5],
            "faces": {
                "west": {
                    "uv": [0.0,1.0,1.0,15.0],
                    "texture": "#bottom"
                },
                "east": {
                    "uv": [0.0,1.0,1.0,15.0],
                    "texture": "#bottom"
                },
                "north": {
                    "texture": "#bottom"
                },
                "south": {
                    "texture": "#bottom"
                }
            }
        }
    ]
}