{
	"credit": "Made with Blockbench",
	"ambientocclusion": false,
	"textures": {
		"rail_golden": "blocks/rail_golden",
		"particle": "blocks/rail_golden",
		"rail": "blocks/rail"
	},
	"elements": [
		{
			"from": [2, 0.5, 1.5],
			"to": [5.5, 0.75, 2.75],
			"faces": {
				"north": {"uv": [2.125, 13.625, 5.625, 13.875], "texture": "#rail"},
				"east": {"uv": [2.125, 13.625, 3.375, 13.875], "texture": "#rail"},
				"south": {"uv": [2.125, 13.625, 5.625, 13.875], "texture": "#rail"},
				"west": {"uv": [3.375, 13.625, 2.125, 13.875], "texture": "#rail"},
				"up": {"uv": [2.125, 1.5, 5.5, 2.75], "texture": "#rail"}
			}
		},
		{
			"from": [2, 0.5, 5.5],
			"to": [5.5, 0.75, 6.75],
			"faces": {
				"north": {"uv": [2.125, 13.625, 5.5, 13.875], "texture": "#rail"},
				"east": {"uv": [4.25, 13.625, 5.5, 13.875], "texture": "#rail"},
				"south": {"uv": [2.125, 13.625, 5.5, 13.875], "texture": "#rail"},
				"west": {"uv": [4.25, 13.625, 5.5, 13.875], "texture": "#rail"},
				"up": {"uv": [2.125, 5.5, 5.5, 6.75], "texture": "#rail"}
			}
		},
		{
			"from": [10.5, 0.5, 5.5],
			"to": [14, 0.75, 6.75],
			"faces": {
				"north": {"uv": [10.5, 13.625, 14, 13.875], "texture": "#rail"},
				"east": {"uv": [4.25, 13.625, 5.5, 13.875], "texture": "#rail"},
				"south": {"uv": [10.5, 13.625, 14, 13.875], "texture": "#rail"},
				"west": {"uv": [4.25, 13.625, 5.5, 13.875], "texture": "#rail"},
				"up": {"uv": [10.5, 5.5, 14, 6.75], "texture": "#rail"}
			}
		},
		{
			"from": [10.5, 0.5, 9.5],
			"to": [14, 0.75, 10.75],
			"faces": {
				"north": {"uv": [10.5, 13.625, 14, 13.875], "texture": "#rail"},
				"east": {"uv": [10.5, 13.625, 11.75, 13.875], "texture": "#rail"},
				"south": {"uv": [2.125, 13.625, 5.625, 13.875], "texture": "#rail"},
				"west": {"uv": [10.5, 13.625, 11.75, 13.875], "texture": "#rail"},
				"up": {"uv": [10.5, 9.5, 14, 10.75], "texture": "#rail"}
			}
		},
		{
			"from": [2, 0.5, 9.5],
			"to": [5.5, 0.75, 10.75],
			"faces": {
				"north": {"uv": [2.125, 13.625, 5.5, 13.875], "texture": "#rail"},
				"east": {"uv": [10.5, 13.625, 11.75, 13.875], "texture": "#rail"},
				"south": {"uv": [2.125, 13.625, 5.625, 13.875], "texture": "#rail"},
				"west": {"uv": [10.5, 13.625, 11.75, 13.875], "texture": "#rail"},
				"up": {"uv": [2.125, 9.5, 5.5, 10.75], "texture": "#rail"}
			}
		},
		{
			"from": [2, 0.5, 13.5],
			"to": [5.5, 0.75, 14.75],
			"faces": {
				"north": {"uv": [2.125, 13.625, 5.625, 13.875], "texture": "#rail"},
				"east": {"uv": [12.75, 13.625, 14, 13.875], "texture": "#rail"},
				"south": {"uv": [2.125, 13.625, 5.625, 13.875], "texture": "#rail"},
				"west": {"uv": [12.625, 13.625, 13.875, 13.875], "texture": "#rail"},
				"up": {"uv": [2.125, 13.5, 5.5, 14.75], "texture": "#rail"}
			}
		},
		{
			"from": [10.5, 0.5, 13.5],
			"to": [14, 0.75, 14.75],
			"faces": {
				"north": {"uv": [2.125, 13.625, 5.5, 13.875], "texture": "#rail"},
				"east": {"uv": [12.625, 13.75, 13.875, 14], "texture": "#rail"},
				"south": {"uv": [10.5, 13.625, 14, 13.875], "texture": "#rail"},
				"west": {"uv": [12.625, 13.625, 13.875, 13.875], "texture": "#rail"},
				"up": {"uv": [10.5, 13.5, 14, 14.75], "texture": "#rail"}
			}
		},
		{
			"from": [3.25, 0.5, 0],
			"to": [4.25, 2, 16],
			"faces": {
				"north": {"uv": [4.1875, 14.5, 3.3125, 15.5], "texture": "#rail"},
				"east": {"uv": [3.3125, 0, 4.1875, 16], "texture": "#rail", "rotation": 90},
				"south": {"uv": [3.3125, 14.5, 4.1875, 15.5], "texture": "#rail"},
				"west": {"uv": [4.1875, 0, 3.3125, 16], "texture": "#rail", "rotation": 90},
				"up": {"uv": [3.3125, 0, 4.1875, 16], "texture": "#rail"},
				"down": {"uv": [3.3125, 0, 4.1875, 16], "texture": "#rail"}
			}
		},
		{
			"from": [11.75, 0.5, 0],
			"to": [12.75, 2, 16],
			"faces": {
				"north": {"uv": [12.625, 14.5, 11.75, 15.4375], "texture": "#rail"},
				"east": {"uv": [11.75, 0, 12.625, 16], "texture": "#rail", "rotation": 90},
				"south": {"uv": [11.75, 13.6875, 12.625, 14.6875], "texture": "#rail"},
				"west": {"uv": [11.75, 0, 12.625, 16], "texture": "#rail", "rotation": 90},
				"up": {"uv": [11.75, 0, 12.625, 16], "texture": "#rail"},
				"down": {"uv": [11.75, 0, 12.625, 16], "texture": "#rail"}
			}
		},
		{
			"from": [1, 0, 1.25],
			"to": [15, 0.5, 3],
			"faces": {
				"north": {"uv": [5.75, 13.25, 10.375, 13.875], "texture": "#rail"},
				"east": {"uv": [6.75, 13.25, 8.5, 13.75], "texture": "#rail"},
				"south": {"uv": [5.75, 13.25, 10.375, 13.75], "texture": "#rail"},
				"west": {"uv": [7.125, 13.25, 8.875, 13.75], "texture": "#rail"},
				"up": {"uv": [1, 1.25, 15, 3], "texture": "#rail"},
				"down": {"uv": [5.875, 1.25, 10.25, 3], "texture": "#rail"}
			}
		},
		{
			"from": [10.5, 0.5, 1.5],
			"to": [14, 0.75, 2.75],
			"faces": {
				"north": {"uv": [10.5, 13.625, 14, 13.875], "texture": "#rail"},
				"east": {"uv": [2.125, 13.625, 3.375, 13.875], "texture": "#rail"},
				"south": {"uv": [10.5, 13.625, 14, 13.875], "texture": "#rail"},
				"west": {"uv": [3.375, 13.625, 2.125, 13.875], "texture": "#rail"},
				"up": {"uv": [10.5, 1.5, 14, 2.75], "texture": "#rail"}
			}
		},
		{
			"from": [1, 0, 5.25],
			"to": [15, 0.5, 7],
			"faces": {
				"north": {"uv": [5.75, 13.25, 10.375, 13.75], "texture": "#rail"},
				"east": {"uv": [7, 13.25, 8.75, 13.75], "texture": "#rail"},
				"south": {"uv": [5.75, 13.25, 10.375, 13.75], "texture": "#rail"},
				"west": {"uv": [7.125, 13.25, 8.875, 13.75], "texture": "#rail"},
				"up": {"uv": [1, 5.25, 15, 7], "texture": "#rail"},
				"down": {"uv": [5.875, 5.375, 10.25, 7], "texture": "#rail"}
			}
		},
		{
			"from": [1, 0, 9.25],
			"to": [15, 0.5, 11],
			"faces": {
				"north": {"uv": [5.75, 13.25, 10.375, 13.75], "texture": "#rail"},
				"east": {"uv": [7, 13.25, 8.75, 13.75], "texture": "#rail"},
				"south": {"uv": [5.75, 13.25, 10.375, 13.75], "texture": "#rail"},
				"west": {"uv": [7.125, 13.25, 8.875, 13.75], "texture": "#rail"},
				"up": {"uv": [1, 9.25, 15, 11], "texture": "#rail"},
				"down": {"uv": [5.875, 9.25, 10.375, 10.875], "texture": "#rail"}
			}
		},
		{
			"from": [1, 0, 13.25],
			"to": [15, 0.5, 15],
			"faces": {
				"north": {"uv": [5.75, 13.25, 10.375, 13.75], "texture": "#rail"},
				"east": {"uv": [7.125, 13.25, 8.875, 13.75], "texture": "#rail"},
				"south": {"uv": [5.75, 14, 10.375, 14.5], "texture": "#rail"},
				"west": {"uv": [7.125, 13.875, 8.875, 14.375], "texture": "#rail"},
				"up": {"uv": [1, 13.25, 15, 15], "texture": "#rail"},
				"down": {"uv": [5.875, 13.25, 10.25, 14.875], "texture": "#rail"}
			}
		},
		{
			"from": [4, 1.25, 1],
			"to": [4.5, 2.25, 15.25],
			"faces": {
				"north": {"uv": [4.125, 14.25, 4.5, 15], "texture": "#rail_golden"},
				"east": {"uv": [4.125, 1.25, 4.5, 15], "texture": "#rail_golden", "rotation": 270},
				"south": {"uv": [4.125, 14.25, 4.5, 15], "texture": "#rail_golden"},
				"west": {"uv": [4.125, 1.25, 4.5, 15], "texture": "#rail_golden", "rotation": 90},
				"up": {"uv": [4.125, 1.25, 4.5, 15], "texture": "#rail_golden"},
				"down": {"uv": [4.125, 1.25, 4.5, 15], "texture": "#rail_golden"}
			}
		},
		{
			"from": [11.5, 1.25, 1],
			"to": [12, 2.25, 15.25],
			"faces": {
				"north": {"uv": [11.5, 14.25, 11.875, 15], "texture": "#rail_golden"},
				"east": {"uv": [4.125, 1.25, 4.5, 15], "texture": "#rail_golden", "rotation": 270},
				"south": {"uv": [11.5, 14.25, 11.875, 15], "texture": "#rail_golden"},
				"west": {"uv": [4.125, 1.25, 4.5, 15], "texture": "#rail_golden", "rotation": 90},
				"up": {"uv": [4.125, 1.25, 4.5, 15], "texture": "#rail_golden"},
				"down": {"uv": [11.5, 1.25, 11.875, 15], "texture": "#rail_golden"}
			}
		},
		{
			"from": [6, 0.5, 1.5],
			"to": [10, 0.75, 2.75],
			"faces": {
				"north": {"uv": [6.125, 14.5, 9.875, 14.75], "texture": "#rail_golden"},
				"east": {"uv": [7.25, 14.5, 8.5, 14.75], "texture": "#rail_golden"},
				"south": {"uv": [6.125, 14.5, 9.875, 14.75], "texture": "#rail_golden"},
				"west": {"uv": [7.25, 14.5, 8.5, 14.75], "texture": "#rail_golden"},
				"up": {"uv": [6.125, 1.5, 9.875, 2.75], "texture": "#rail_golden"}
			}
		},
		{
			"from": [6, 0.5, 5.5],
			"to": [10, 0.75, 6.75],
			"faces": {
				"north": {"uv": [6.125, 14.5, 9.875, 14.75], "texture": "#rail_golden"},
				"east": {"uv": [7.25, 14.5, 8.5, 14.75], "texture": "#rail_golden"},
				"south": {"uv": [6.125, 14.5, 9.875, 14.75], "texture": "#rail_golden"},
				"west": {"uv": [7.25, 14.5, 8.5, 14.75], "texture": "#rail_golden"},
				"up": {"uv": [6.125, 1.5, 9.875, 2.75], "texture": "#rail_golden"}
			}
		},
		{
			"from": [6, 0.5, 9.5],
			"to": [10, 0.75, 10.75],
			"faces": {
				"north": {"uv": [6.125, 14.5, 9.875, 14.75], "texture": "#rail_golden"},
				"east": {"uv": [7.25, 14.5, 8.5, 14.75], "texture": "#rail_golden"},
				"south": {"uv": [6.125, 14.5, 9.875, 14.75], "texture": "#rail_golden"},
				"west": {"uv": [7.25, 14.5, 8.5, 14.75], "texture": "#rail_golden"},
				"up": {"uv": [6.125, 1.5, 9.875, 2.75], "texture": "#rail_golden"}
			}
		},
		{
			"from": [6, 0.5, 13.5],
			"to": [10, 0.75, 14.75],
			"faces": {
				"north": {"uv": [6.125, 14.5, 9.875, 14.75], "texture": "#rail_golden"},
				"east": {"uv": [7.25, 14.5, 8.5, 14.75], "texture": "#rail_golden"},
				"south": {"uv": [6.125, 14.5, 9.875, 14.75], "texture": "#rail_golden"},
				"west": {"uv": [7.25, 14.5, 8.5, 14.75], "texture": "#rail_golden"},
				"up": {"uv": [6.125, 1.5, 9.875, 2.75], "texture": "#rail_golden"}
			}
		}
	]
}