{
	"credit": "Made with Blockbench",
	"ambientocclusion": false,
	"textures": {
		"rail": "blocks/rail",
		"rail_golden": "blocks/rail_golden",
		"particle": "blocks/rail_golden"
	},
	"elements": [
		{
			"name": "sleeper",
			"from": [1, 0.625, 0.125],
			"to": [15, 1.125, 1.875],
			"rotation": {"angle": -45, "axis": "x", "origin": [1.625, 1.125, 0.625]},
			"faces": {
				"north": {"uv": [10.21875, 13.875, 5.875, 14.40625], "texture": "#rail"},
				"east": {"uv": [7.875, 10.25, 6.125, 10.75], "texture": "#rail"},
				"south": {"uv": [10.25, 9.875, 5.875, 10.375], "texture": "#rail"},
				"west": {"uv": [8.75, 10.25, 7, 10.75], "texture": "#rail"},
				"up": {"uv": [1, 3, 15, 1.25], "texture": "#rail"},
				"down": {"uv": [5.75, 3, 10.375, 1.375], "texture": "#rail"}
			}
		},
		{
			"name": "sleeper",
			"from": [1, 3.375, 2.875],
			"to": [15, 3.875, 4.625],
			"rotation": {"angle": -45, "axis": "x", "origin": [1.625, 3.875, 3.375]},
			"faces": {
				"north": {"uv": [10.21875, 13.875, 5.875, 14.40625], "texture": "#rail"},
				"east": {"uv": [7.875, 10.25, 6.125, 10.75], "texture": "#rail"},
				"south": {"uv": [10.25, 9.875, 5.875, 10.375], "texture": "#rail"},
				"west": {"uv": [8.75, 10.25, 7, 10.75], "texture": "#rail"},
				"up": {"uv": [1, 3, 15, 1.25], "texture": "#rail"},
				"down": {"uv": [5.75, 3, 10.375, 1.375], "texture": "#rail"}
			}
		},
		{
			"name": "sleeper",
			"from": [1, 6.125, 5.625],
			"to": [15, 6.625, 7.375],
			"rotation": {"angle": -45, "axis": "x", "origin": [1.625, 6.625, 6.125]},
			"faces": {
				"north": {"uv": [10.21875, 13.875, 5.875, 14.40625], "texture": "#rail"},
				"east": {"uv": [7.875, 10.25, 6.125, 10.75], "texture": "#rail"},
				"south": {"uv": [10.25, 9.875, 5.875, 10.375], "texture": "#rail"},
				"west": {"uv": [8.75, 10.25, 7, 10.75], "texture": "#rail"},
				"up": {"uv": [1, 3, 15, 1.25], "texture": "#rail"},
				"down": {"uv": [5.75, 3, 10.375, 1.375], "texture": "#rail"}
			}
		},
		{
			"name": "sleeper",
			"from": [1, 8.875, 8.375],
			"to": [15, 9.375, 10.125],
			"rotation": {"angle": -45, "axis": "x", "origin": [1.625, 9.375, 8.875]},
			"faces": {
				"north": {"uv": [10.21875, 13.875, 5.875, 14.40625], "texture": "#rail"},
				"east": {"uv": [7.875, 10.25, 6.125, 10.75], "texture": "#rail"},
				"south": {"uv": [10.25, 9.875, 5.875, 10.375], "texture": "#rail"},
				"west": {"uv": [8.75, 10.25, 7, 10.75], "texture": "#rail"},
				"up": {"uv": [1, 3, 15, 1.25], "texture": "#rail"},
				"down": {"uv": [5.75, 3, 10.375, 1.375], "texture": "#rail"}
			}
		},
		{
			"name": "sleeper",
			"from": [1, 11.5, 11],
			"to": [15, 12, 12.75],
			"rotation": {"angle": -45, "axis": "x", "origin": [1.625, 12, 11.5]},
			"faces": {
				"north": {"uv": [10.21875, 13.875, 5.875, 14.40625], "texture": "#rail"},
				"east": {"uv": [7.875, 10.25, 6.125, 10.75], "texture": "#rail"},
				"south": {"uv": [10.25, 9.875, 5.875, 10.375], "texture": "#rail"},
				"west": {"uv": [8.75, 10.25, 7, 10.75], "texture": "#rail"},
				"up": {"uv": [1, 3, 15, 1.25], "texture": "#rail"},
				"down": {"uv": [5.75, 3, 10.375, 1.375], "texture": "#rail"}
			}
		},
		{
			"name": "sleeper",
			"from": [1, 14.25, 13.75],
			"to": [15, 14.75, 15.5],
			"rotation": {"angle": -45, "axis": "x", "origin": [1.625, 14.75, 14.25]},
			"faces": {
				"north": {"uv": [10.21875, 13.875, 5.875, 14.40625], "texture": "#rail"},
				"east": {"uv": [7.875, 10.25, 6.125, 10.75], "texture": "#rail"},
				"south": {"uv": [10.25, 9.875, 5.875, 10.375], "texture": "#rail"},
				"west": {"uv": [8.75, 10.25, 7, 10.75], "texture": "#rail"},
				"up": {"uv": [1, 3, 15, 1.25], "texture": "#rail"},
				"down": {"uv": [5.75, 3, 10.375, 1.375], "texture": "#rail"}
			}
		},
		{
			"name": "clamp",
			"from": [2, 2.25, 0.125],
			"to": [5.625, 2.625, 1.375],
			"rotation": {"angle": -45, "axis": "x", "origin": [3.5, 2, 2]},
			"faces": {
				"north": {"uv": [5.5, 5.625, 2.125, 6], "texture": "#rail"},
				"east": {"uv": [5.5, 5.625, 4.25, 6], "texture": "#rail"},
				"south": {"uv": [2.125, 5.625, 5.5, 6], "texture": "#rail"},
				"west": {"uv": [11.75, 1.625, 10.5, 2], "texture": "#rail"},
				"up": {"uv": [2.125, 10.75, 5.5, 9.5], "texture": "#rail"},
				"down": {"uv": [0, 1.25, 3.625, 0], "texture": "#missing"}
			}
		},
		{
			"name": "clamp",
			"from": [10.5, 2.25, 0.125],
			"to": [14.125, 2.625, 1.375],
			"rotation": {"angle": -45, "axis": "x", "origin": [12, 2, 2]},
			"faces": {
				"north": {"uv": [5.5, 5.625, 2.125, 6], "texture": "#rail"},
				"east": {"uv": [5.5, 5.625, 4.25, 6], "texture": "#rail"},
				"south": {"uv": [2.125, 5.625, 5.5, 6], "texture": "#rail"},
				"west": {"uv": [11.75, 1.625, 10.5, 2], "texture": "#rail"},
				"up": {"uv": [2.125, 10.75, 5.5, 9.5], "texture": "#rail"},
				"down": {"uv": [0, 1.25, 3.625, 0], "texture": "#missing"}
			}
		},
		{
			"name": "clamp",
			"from": [10.5, 5, 2.875],
			"to": [14.125, 5.375, 4.125],
			"rotation": {"angle": -45, "axis": "x", "origin": [12, 4.75, 4.75]},
			"faces": {
				"north": {"uv": [5.5, 5.625, 2.125, 6], "texture": "#rail"},
				"east": {"uv": [5.5, 5.625, 4.25, 6], "texture": "#rail"},
				"south": {"uv": [2.125, 5.625, 5.5, 6], "texture": "#rail"},
				"west": {"uv": [11.75, 1.625, 10.5, 2], "texture": "#rail"},
				"up": {"uv": [2.125, 10.75, 5.5, 9.5], "texture": "#rail"},
				"down": {"uv": [0, 1.25, 3.625, 0], "texture": "#missing"}
			}
		},
		{
			"name": "clamp",
			"from": [2, 5, 2.875],
			"to": [5.625, 5.375, 4.125],
			"rotation": {"angle": -45, "axis": "x", "origin": [3.5, 4.75, 4.75]},
			"faces": {
				"north": {"uv": [5.5, 5.625, 2.125, 6], "texture": "#rail"},
				"east": {"uv": [5.5, 5.625, 4.25, 6], "texture": "#rail"},
				"south": {"uv": [2.125, 5.625, 5.5, 6], "texture": "#rail"},
				"west": {"uv": [11.75, 1.625, 10.5, 2], "texture": "#rail"},
				"up": {"uv": [2.125, 10.75, 5.5, 9.5], "texture": "#rail"},
				"down": {"uv": [0, 1.25, 3.625, 0], "texture": "#missing"}
			}
		},
		{
			"name": "clamp",
			"from": [10.5, 10.625, 8.375],
			"to": [14.125, 11, 9.625],
			"rotation": {"angle": -45, "axis": "x", "origin": [12, 10.375, 10.25]},
			"faces": {
				"north": {"uv": [5.5, 5.625, 2.125, 6], "texture": "#rail"},
				"east": {"uv": [5.5, 5.625, 4.25, 6], "texture": "#rail"},
				"south": {"uv": [2.125, 5.625, 5.5, 6], "texture": "#rail"},
				"west": {"uv": [11.75, 1.625, 10.5, 2], "texture": "#rail"},
				"up": {"uv": [2.125, 10.75, 5.5, 9.5], "texture": "#rail"},
				"down": {"uv": [0, 1.25, 3.625, 0], "texture": "#missing"}
			}
		},
		{
			"name": "clamp",
			"from": [2, 10.625, 8.375],
			"to": [5.625, 11, 9.625],
			"rotation": {"angle": -45, "axis": "x", "origin": [3.5, 10.375, 10.25]},
			"faces": {
				"north": {"uv": [5.5, 5.625, 2.125, 6], "texture": "#rail"},
				"east": {"uv": [5.5, 5.625, 4.25, 6], "texture": "#rail"},
				"south": {"uv": [2.125, 5.625, 5.5, 6], "texture": "#rail"},
				"west": {"uv": [11.75, 1.625, 10.5, 2], "texture": "#rail"},
				"up": {"uv": [2.125, 10.75, 5.5, 9.5], "texture": "#rail"},
				"down": {"uv": [0, 1.25, 3.625, 0], "texture": "#missing"}
			}
		},
		{
			"name": "clamp",
			"from": [10.5, 7.875, 5.625],
			"to": [14.125, 8.25, 6.875],
			"rotation": {"angle": -45, "axis": "x", "origin": [12, 7.625, 7.5]},
			"faces": {
				"north": {"uv": [5.5, 5.625, 2.125, 6], "texture": "#rail"},
				"east": {"uv": [5.5, 5.625, 4.25, 6], "texture": "#rail"},
				"south": {"uv": [2.125, 5.625, 5.5, 6], "texture": "#rail"},
				"west": {"uv": [11.75, 1.625, 10.5, 2], "texture": "#rail"},
				"up": {"uv": [2.125, 10.75, 5.5, 9.5], "texture": "#rail"},
				"down": {"uv": [0, 1.25, 3.625, 0], "texture": "#missing"}
			}
		},
		{
			"name": "clamp",
			"from": [2, 7.875, 5.625],
			"to": [5.625, 8.25, 6.875],
			"rotation": {"angle": -45, "axis": "x", "origin": [3.5, 7.625, 7.5]},
			"faces": {
				"north": {"uv": [5.5, 5.625, 2.125, 6], "texture": "#rail"},
				"east": {"uv": [5.5, 5.625, 4.25, 6], "texture": "#rail"},
				"south": {"uv": [2.125, 5.625, 5.5, 6], "texture": "#rail"},
				"west": {"uv": [11.75, 1.625, 10.5, 2], "texture": "#rail"},
				"up": {"uv": [2.125, 10.75, 5.5, 9.5], "texture": "#rail"},
				"down": {"uv": [0, 1.25, 3.625, 0], "texture": "#missing"}
			}
		},
		{
			"name": "clamp",
			"from": [10.5, 13.25, 11],
			"to": [14.125, 13.625, 12.25],
			"rotation": {"angle": -45, "axis": "x", "origin": [12, 13, 12.875]},
			"faces": {
				"north": {"uv": [5.5, 5.625, 2.125, 6], "texture": "#rail"},
				"east": {"uv": [5.5, 5.625, 4.25, 6], "texture": "#rail"},
				"south": {"uv": [2.125, 5.625, 5.5, 6], "texture": "#rail"},
				"west": {"uv": [11.75, 1.625, 10.5, 2], "texture": "#rail"},
				"up": {"uv": [2.125, 10.75, 5.5, 9.5], "texture": "#rail"},
				"down": {"uv": [0, 1.25, 3.625, 0], "texture": "#missing"}
			}
		},
		{
			"name": "clamp",
			"from": [2, 13.25, 11],
			"to": [5.625, 13.625, 12.25],
			"rotation": {"angle": -45, "axis": "x", "origin": [3.5, 13, 12.875]},
			"faces": {
				"north": {"uv": [5.5, 5.625, 2.125, 6], "texture": "#rail"},
				"east": {"uv": [5.5, 5.625, 4.25, 6], "texture": "#rail"},
				"south": {"uv": [2.125, 5.625, 5.5, 6], "texture": "#rail"},
				"west": {"uv": [11.75, 1.625, 10.5, 2], "texture": "#rail"},
				"up": {"uv": [2.125, 10.75, 5.5, 9.5], "texture": "#rail"},
				"down": {"uv": [0, 1.25, 3.625, 0], "texture": "#missing"}
			}
		},
		{
			"name": "clamp",
			"from": [2, 16, 13.75],
			"to": [5.625, 16.375, 15],
			"rotation": {"angle": -45, "axis": "x", "origin": [3.5, 15.75, 15.625]},
			"faces": {
				"north": {"uv": [5.5, 5.625, 2.125, 6], "texture": "#rail"},
				"east": {"uv": [5.5, 5.625, 4.25, 6], "texture": "#rail"},
				"south": {"uv": [2.125, 5.625, 5.5, 6], "texture": "#rail"},
				"west": {"uv": [11.75, 1.625, 10.5, 2], "texture": "#rail"},
				"up": {"uv": [2.125, 10.75, 5.5, 9.5], "texture": "#rail"},
				"down": {"uv": [0, 1.25, 3.625, 0], "texture": "#missing"}
			}
		},
		{
			"name": "clamp",
			"from": [10.5, 16, 13.75],
			"to": [14.125, 16.375, 15],
			"rotation": {"angle": -45, "axis": "x", "origin": [12, 15.75, 15.625]},
			"faces": {
				"north": {"uv": [5.5, 5.625, 2.125, 6], "texture": "#rail"},
				"east": {"uv": [5.5, 5.625, 4.25, 6], "texture": "#rail"},
				"south": {"uv": [2.125, 5.625, 5.5, 6], "texture": "#rail"},
				"west": {"uv": [11.75, 1.625, 10.5, 2], "texture": "#rail"},
				"up": {"uv": [2.125, 10.75, 5.5, 9.5], "texture": "#rail"},
				"down": {"uv": [0, 1.25, 3.625, 0], "texture": "#missing"}
			}
		},
		{
			"name": "rail",
			"from": [3.25, 1.625, 0.5],
			"to": [4.25, 2.875, 24.125],
			"rotation": {"angle": -45, "axis": "x", "origin": [3.75, 0.375, 1.625]},
			"faces": {
				"north": {"uv": [4.25, 5.625, 3.25, 6.625], "texture": "#rail"},
				"east": {"uv": [4.125, 0, 3.375, 16], "texture": "#rail", "rotation": 90},
				"south": {"uv": [4.25, 5.625, 3.25, 6.625], "texture": "#rail"},
				"west": {"uv": [4.125, 0, 3.375, 16], "texture": "#rail", "rotation": 90},
				"up": {"uv": [3.25, 16, 4.25, 0], "texture": "#rail"},
				"down": {"uv": [3.25, 16, 4.25, 0], "texture": "#rail"}
			}
		},
		{
			"name": "rail",
			"from": [11.75, 1.625, 0.5],
			"to": [12.75, 2.875, 24.125],
			"rotation": {"angle": -45, "axis": "x", "origin": [12.25, 0.375, 1.625]},
			"faces": {
				"north": {"uv": [4.25, 5.625, 3.25, 6.625], "texture": "#rail"},
				"east": {"uv": [4.125, 0, 3.375, 16], "texture": "#rail", "rotation": 90},
				"south": {"uv": [4.25, 5.625, 3.25, 6.625], "texture": "#rail"},
				"west": {"uv": [4.125, 0, 3.375, 16], "texture": "#rail", "rotation": 90},
				"up": {"uv": [3.25, 16, 4.25, 0], "texture": "#rail"},
				"down": {"uv": [3.25, 16, 4.25, 0], "texture": "#rail"}
			}
		},
		{
			"name": "light",
			"from": [6, 14.9375, 13.8125],
			"to": [10, 15.1875, 15.0625],
			"rotation": {"angle": -45, "axis": "x", "origin": [8, 15.0625, 14.4375]},
			"faces": {
				"north": {"uv": [9.875, 14.5, 6.125, 14.75], "texture": "#rail_golden"},
				"east": {"uv": [8.5, 14.5, 7.25, 14.75], "texture": "#rail_golden"},
				"south": {"uv": [9.875, 14.5, 6.125, 14.75], "texture": "#rail_golden"},
				"west": {"uv": [8.5, 14.5, 7.25, 14.75], "texture": "#rail_golden"},
				"up": {"uv": [6.125, 2.75, 9.875, 1.5], "texture": "#rail_golden"},
				"down": {"uv": [0, 0, 0, 0], "texture": "#rail_golden"}
			}
		},
		{
			"name": "light",
			"from": [6, 12.1875, 11.0625],
			"to": [10, 12.4375, 12.3125],
			"rotation": {"angle": -45, "axis": "x", "origin": [8, 12.3125, 11.6875]},
			"faces": {
				"north": {"uv": [9.875, 14.5, 6.125, 14.75], "texture": "#rail_golden"},
				"east": {"uv": [8.5, 14.5, 7.25, 14.75], "texture": "#rail_golden"},
				"south": {"uv": [9.875, 14.5, 6.125, 14.75], "texture": "#rail_golden"},
				"west": {"uv": [8.5, 14.5, 7.25, 14.75], "texture": "#rail_golden"},
				"up": {"uv": [6.125, 2.75, 9.875, 1.5], "texture": "#rail_golden"},
				"down": {"uv": [0, 0, 0, 0], "texture": "#rail_golden"}
			}
		},
		{
			"name": "light",
			"from": [6, 9.5625, 8.4375],
			"to": [10, 9.8125, 9.6875],
			"rotation": {"angle": -45, "axis": "x", "origin": [8, 9.6875, 9.0625]},
			"faces": {
				"north": {"uv": [9.875, 14.5, 6.125, 14.75], "texture": "#rail_golden"},
				"east": {"uv": [8.5, 14.5, 7.25, 14.75], "texture": "#rail_golden"},
				"south": {"uv": [9.875, 14.5, 6.125, 14.75], "texture": "#rail_golden"},
				"west": {"uv": [8.5, 14.5, 7.25, 14.75], "texture": "#rail_golden"},
				"up": {"uv": [6.125, 2.75, 9.875, 1.5], "texture": "#rail_golden"},
				"down": {"uv": [0, 0, 0, 0], "texture": "#rail_golden"}
			}
		},
		{
			"name": "light",
			"from": [6, 6.8125, 5.6875],
			"to": [10, 7.0625, 6.9375],
			"rotation": {"angle": -45, "axis": "x", "origin": [8, 6.9375, 6.3125]},
			"faces": {
				"north": {"uv": [9.875, 14.5, 6.125, 14.75], "texture": "#rail_golden"},
				"east": {"uv": [8.5, 14.5, 7.25, 14.75], "texture": "#rail_golden"},
				"south": {"uv": [9.875, 14.5, 6.125, 14.75], "texture": "#rail_golden"},
				"west": {"uv": [8.5, 14.5, 7.25, 14.75], "texture": "#rail_golden"},
				"up": {"uv": [6.125, 2.75, 9.875, 1.5], "texture": "#rail_golden"},
				"down": {"uv": [0, 0, 0, 0], "texture": "#rail_golden"}
			}
		},
		{
			"name": "light",
			"from": [6, 4.0625, 2.9375],
			"to": [10, 4.3125, 4.1875],
			"rotation": {"angle": -45, "axis": "x", "origin": [8, 4.1875, 3.5625]},
			"faces": {
				"north": {"uv": [9.875, 14.5, 6.125, 14.75], "texture": "#rail_golden"},
				"east": {"uv": [8.5, 14.5, 7.25, 14.75], "texture": "#rail_golden"},
				"south": {"uv": [9.875, 14.5, 6.125, 14.75], "texture": "#rail_golden"},
				"west": {"uv": [8.5, 14.5, 7.25, 14.75], "texture": "#rail_golden"},
				"up": {"uv": [6.125, 2.75, 9.875, 1.5], "texture": "#rail_golden"},
				"down": {"uv": [0, 0, 0, 0], "texture": "#rail_golden"}
			}
		},
		{
			"name": "light",
			"from": [6, 1.25, 0.1875],
			"to": [10, 1.5, 1.4375],
			"rotation": {"angle": -45, "axis": "x", "origin": [8, 1.375, 0.8125]},
			"faces": {
				"north": {"uv": [9.875, 14.5, 6.125, 14.75], "texture": "#rail_golden"},
				"east": {"uv": [8.5, 14.5, 7.25, 14.75], "texture": "#rail_golden"},
				"south": {"uv": [9.875, 14.5, 6.125, 14.75], "texture": "#rail_golden"},
				"west": {"uv": [8.5, 14.5, 7.25, 14.75], "texture": "#rail_golden"},
				"up": {"uv": [6.125, 2.75, 9.875, 1.5], "texture": "#rail_golden"},
				"down": {"uv": [0, 0, 0, 0], "texture": "#rail_golden"}
			}
		},
		{
			"name": "gold",
			"from": [4, 6.875, -1.625],
			"to": [4.5, 7.875, 18.75],
			"rotation": {"angle": -45, "axis": "x", "origin": [4.25, 7.375, 5.5]},
			"faces": {
				"north": {"uv": [4.5, 14.25, 4.125, 15], "texture": "#rail_golden"},
				"east": {"uv": [4.5, 1.25, 4.125, 15], "texture": "#rail_golden", "rotation": 270},
				"south": {"uv": [4.5, 14.25, 4.125, 15], "texture": "#rail_golden"},
				"west": {"uv": [4.5, 1.25, 4.125, 15], "texture": "#rail_golden", "rotation": 90},
				"up": {"uv": [4.125, 15, 4.5, 1.25], "texture": "#rail_golden"},
				"down": {"uv": [4.125, 15, 4.5, 1.25], "texture": "#rail_golden"}
			}
		},
		{
			"name": "gold",
			"from": [11.5, 6.875, -1.625],
			"to": [12, 7.875, 18.75],
			"rotation": {"angle": -45, "axis": "x", "origin": [11.75, 7.375, 5.5]},
			"faces": {
				"north": {"uv": [11.875, 14.25, 11.5, 15], "texture": "#rail_golden"},
				"east": {"uv": [4.5, 1.25, 4.125, 15], "texture": "#rail_golden", "rotation": 270},
				"south": {"uv": [11.875, 14.25, 11.5, 15], "texture": "#rail_golden"},
				"west": {"uv": [4.5, 1.25, 4.125, 15], "texture": "#rail_golden", "rotation": 90},
				"up": {"uv": [4.125, 15, 4.5, 1.25], "texture": "#rail_golden"},
				"down": {"uv": [11.5, 15, 11.875, 1.25], "texture": "#rail_golden"}
			}
		}
	]
}