{
    "__createdwith": "opl's Model Creator",
    "ambientocclusion": false,
    "textures": {
        "particle": "blocks/rail",
        "rail": "blocks/rail"
    },
    "elements": [
        {
            "from": [2,0.5,1.5],
            "to": [5.5,0.75,2.75],
            "faces": {
                "up": {
                    "uv": [2.125,1.5,5.5,2.75],
                    "texture": "#rail"
                },
                "west": {
                    "uv": [3.375,13.625,2.125,13.875],
                    "texture": "#rail"
                },
                "east": {
                    "uv": [2.125,13.625,3.375,13.875],
                    "texture": "#rail"
                },
                "north": {
                    "uv": [2.125,13.625,5.625,13.875],
                    "texture": "#rail"
                },
                "south": {
                    "uv": [2.125,13.625,5.625,13.875],
                    "texture": "#rail"
                }
            }
        },
        {
            "from": [2,0.5,5.5],
            "to": [5.5,0.75,6.75],
            "faces": {
                "up": {
                    "uv": [2.125,5.5,5.5,6.75],
                    "texture": "#rail"
                },
                "west": {
                    "uv": [4.25,13.625,5.5,13.875],
                    "texture": "#rail"
                },
                "east": {
                    "uv": [4.25,13.625,5.5,13.875],
                    "texture": "#rail"
                },
                "north": {
                    "uv": [2.125,13.625,5.5,13.875],
                    "texture": "#rail"
                },
                "south": {
                    "uv": [2.125,13.625,5.5,13.875],
                    "texture": "#rail"
                }
            }
        },
        {
            "from": [10.5,0.5,5.5],
            "to": [14,0.75,6.75],
            "faces": {
                "up": {
                    "texture": "#rail"
                },
                "west": {
                    "uv": [4.25,13.625,5.5,13.875],
                    "texture": "#rail"
                },
                "east": {
                    "uv": [4.25,13.625,5.5,13.875],
                    "texture": "#rail"
                },
                "north": {
                    "uv": [10.5,13.625,14,13.875],
                    "texture": "#rail"
                },
                "south": {
                    "uv": [10.5,13.625,14,13.875],
                    "texture": "#rail"
                }
            }
        },
        {
            "from": [10.5,0.5,9.5],
            "to": [14,0.75,10.75],
            "faces": {
                "up": {
                    "texture": "#rail"
                },
                "west": {
                    "uv": [10.5,13.625,11.75,13.875],
                    "texture": "#rail"
                },
                "east": {
                    "uv": [10.5,13.625,11.75,13.875],
                    "texture": "#rail"
                },
                "north": {
                    "uv": [10.5,13.625,14,13.875],
                    "texture": "#rail"
                },
                "south": {
                    "uv": [2.125,13.625,5.625,13.875],
                    "texture": "#rail"
                }
            }
        },
        {
            "from": [2,0.5,9.5],
            "to": [5.5,0.75,10.75],
            "faces": {
                "up": {
                    "uv": [2.125,9.5,5.5,10.75],
                    "texture": "#rail"
                },
                "west": {
                    "uv": [10.5,13.625,11.75,13.875],
                    "texture": "#rail"
                },
                "east": {
                    "uv": [10.5,13.625,11.75,13.875],
                    "texture": "#rail"
                },
                "north": {
                    "uv": [2.125,13.625,5.5,13.875],
                    "texture": "#rail"
                },
                "south": {
                    "uv": [2.125,13.625,5.625,13.875],
                    "texture": "#rail"
                }
            }
        },
        {
            "from": [2,0.5,13.5],
            "to": [5.5,0.75,14.75],
            "faces": {
                "up": {
                    "uv": [2.125,13.5,5.5,14.75],
                    "texture": "#rail"
                },
                "west": {
                    "uv": [12.625,13.625,13.875,13.875],
                    "texture": "#rail"
                },
                "east": {
                    "uv": [12.75,13.625,14,13.875],
                    "texture": "#rail"
                },
                "north": {
                    "uv": [2.125,13.625,5.625,13.875],
                    "texture": "#rail"
                },
                "south": {
                    "uv": [2.125,13.625,5.625,13.875],
                    "texture": "#rail"
                }
            }
        },
        {
            "from": [10.5,0.5,13.5],
            "to": [14,0.75,14.75],
            "faces": {
                "up": {
                    "texture": "#rail"
                },
                "west": {
                    "uv": [12.625,13.625,13.875,13.875],
                    "texture": "#rail"
                },
                "east": {
                    "uv": [12.625,13.75,13.875,14],
                    "texture": "#rail"
                },
                "north": {
                    "uv": [2.125,13.625,5.5,13.875],
                    "texture": "#rail"
                },
                "south": {
                    "uv": [10.5,13.625,14,13.875],
                    "texture": "#rail"
                }
            }
        },
        {
            "from": [3.25,0.5,0],
            "to": [4.25,2,16],
            "faces": {
                "up": {
                    "uv": [3.3125,0,4.1875,16],
                    "texture": "#rail"
                },
                "down": {
                    "uv": [3.3125,0,4.1875,16],
                    "texture": "#rail"
                },
                "west": {
                    "uv": [4.1875,0,3.3125,16],
                    "texture": "#rail",
                    "rotation": 90
                },
                "east": {
                    "uv": [3.3125,0,4.1875,16],
                    "texture": "#rail",
                    "rotation": 90
                },
                "north": {
                    "uv": [4.1875,14.5,3.3125,15.5],
                    "texture": "#rail"
                },
                "south": {
                    "uv": [3.3125,14.5,4.1875,15.5],
                    "texture": "#rail"
                }
            }
        },
        {
            "from": [11.75,0.5,0],
            "to": [12.75,2,16],
            "faces": {
                "up": {
                    "uv": [11.75,0,12.625,16],
                    "texture": "#rail"
                },
                "down": {
                    "uv": [11.75,0,12.625,16],
                    "texture": "#rail"
                },
                "west": {
                    "uv": [11.75,0,12.625,16],
                    "texture": "#rail",
                    "rotation": 90
                },
                "east": {
                    "uv": [11.75,0,12.625,16],
                    "texture": "#rail",
                    "rotation": 90
                },
                "north": {
                    "uv": [12.625,14.5,11.75,15.4375],
                    "texture": "#rail"
                },
                "south": {
                    "uv": [11.75,13.6875,12.625,14.6875],
                    "texture": "#rail"
                }
            }
        },
        {
            "from": [1,0,1.25],
            "to": [15,0.5,3],
            "faces": {
                "up": {
                    "texture": "#rail"
                },
                "down": {
                    "uv": [5.875,1.25,10.25,3],
                    "texture": "#rail"
                },
                "west": {
                    "uv": [7.125,13.25,8.875,13.75],
                    "texture": "#rail"
                },
                "east": {
                    "uv": [6.75,13.25,8.5,13.75],
                    "texture": "#rail"
                },
                "north": {
                    "uv": [5.75,13.25,10.375,13.875],
                    "texture": "#rail"
                },
                "south": {
                    "uv": [5.75,13.25,10.375,13.75],
                    "texture": "#rail"
                }
            }
        },
        {
            "from": [10.5,0.5,1.5],
            "to": [14,0.75,2.75],
            "faces": {
                "up": {
                    "texture": "#rail"
                },
                "west": {
                    "uv": [3.375,13.625,2.125,13.875],
                    "texture": "#rail"
                },
                "east": {
                    "uv": [2.125,13.625,3.375,13.875],
                    "texture": "#rail"
                },
                "north": {
                    "uv": [10.5,13.625,14,13.875],
                    "texture": "#rail"
                },
                "south": {
                    "uv": [10.5,13.625,14,13.875],
                    "texture": "#rail"
                }
            }
        },
        {
            "from": [1,0,5.25],
            "to": [15,0.5,7],
            "faces": {
                "up": {
                    "texture": "#rail"
                },
                "down": {
                    "uv": [5.875,5.375,10.25,7],
                    "texture": "#rail"
                },
                "west": {
                    "uv": [7.125,13.25,8.875,13.75],
                    "texture": "#rail"
                },
                "east": {
                    "uv": [7,13.25,8.75,13.75],
                    "texture": "#rail"
                },
                "north": {
                    "uv": [5.75,13.25,10.375,13.75],
                    "texture": "#rail"
                },
                "south": {
                    "uv": [5.75,13.25,10.375,13.75],
                    "texture": "#rail"
                }
            }
        },
        {
            "from": [1,0,9.25],
            "to": [15,0.5,11],
            "faces": {
                "up": {
                    "texture": "#rail"
                },
                "down": {
                    "uv": [5.875,9.25,10.375,10.875],
                    "texture": "#rail"
                },
                "west": {
                    "uv": [7.125,13.25,8.875,13.75],
                    "texture": "#rail"
                },
                "east": {
                    "uv": [7,13.25,8.75,13.75],
                    "texture": "#rail"
                },
                "north": {
                    "uv": [5.75,13.25,10.375,13.75],
                    "texture": "#rail"
                },
                "south": {
                    "uv": [5.75,13.25,10.375,13.75],
                    "texture": "#rail"
                }
            }
        },
        {
            "from": [1,0,13.25],
            "to": [15,0.5,15],
            "faces": {
                "up": {
                    "texture": "#rail"
                },
                "down": {
                    "uv": [5.875,13.25,10.25,14.875],
                    "texture": "#rail"
                },
                "west": {
                    "uv": [7.125,13.875,8.875,14.375],
                    "texture": "#rail"
                },
                "east": {
                    "uv": [7.125,13.25,8.875,13.75],
                    "texture": "#rail"
                },
                "north": {
                    "uv": [5.75,13.25,10.375,13.75],
                    "texture": "#rail"
                },
                "south": {
                    "uv": [5.75,14,10.375,14.5],
                    "texture": "#rail"
                }
            }
        }
    ]
}