{
	"credit": "Made with Blockbench",
	"ambientocclusion": false,
	"textures": {
		"1": "blocks/anvil_base",
		"rail": "blocks/rail",
		"particle": "blocks/rail"
	},
	"elements": [
		{
			"name": "clamp",
			"from": [2, 0.5, 13.5],
			"to": [5.5, 0.75, 14.75],
			"faces": {
				"north": {"uv": [2.125, 13.625, 5.625, 13.875], "texture": "#rail"},
				"east": {"uv": [12.75, 13.625, 14, 13.875], "texture": "#rail"},
				"south": {"uv": [2.125, 13.625, 5.625, 13.875], "texture": "#rail"},
				"west": {"uv": [12.625, 13.625, 13.875, 13.875], "texture": "#rail"},
				"up": {"uv": [2.125, 13.5, 5.5, 14.75], "texture": "#rail"}
			}
		},
		{
			"name": "clamp",
			"from": [10.5, 0.5, 13.5],
			"to": [14, 0.75, 14.75],
			"faces": {
				"north": {"uv": [2.125, 13.625, 5.5, 13.875], "texture": "#rail"},
				"east": {"uv": [12.625, 13.75, 13.875, 14], "texture": "#rail"},
				"south": {"uv": [10.5, 13.625, 14, 13.875], "texture": "#rail"},
				"west": {"uv": [12.625, 13.625, 13.875, 13.875], "texture": "#rail"},
				"up": {"uv": [10.5, 13.5, 14, 14.75], "texture": "#rail"}
			}
		},
		{
			"name": "clamp",
			"from": [2.125, 0.5, 9.125],
			"to": [5.625, 0.75, 10.375],
			"rotation": {"angle": -22.5, "axis": "y", "origin": [3.875, 0.625, 9.75]},
			"faces": {
				"north": {"uv": [2.125, 13.625, 5.5, 13.875], "texture": "#rail"},
				"east": {"uv": [10.5, 13.625, 11.75, 13.875], "texture": "#rail"},
				"south": {"uv": [2.125, 13.625, 5.625, 13.875], "texture": "#rail"},
				"west": {"uv": [10.5, 13.625, 11.75, 13.875], "texture": "#rail"},
				"up": {"uv": [2.125, 9.5, 5.5, 10.75], "texture": "#rail"}
			}
		},
		{
			"name": "clamp",
			"from": [10.625, 0.5, 12.625],
			"to": [14.125, 0.75, 13.875],
			"rotation": {"angle": -22.5, "axis": "y", "origin": [12.375, 0.625, 13.25]},
			"faces": {
				"north": {"uv": [10.5, 13.625, 14, 13.875], "texture": "#rail"},
				"east": {"uv": [10.5, 13.625, 11.75, 13.875], "texture": "#rail"},
				"south": {"uv": [2.125, 13.625, 5.625, 13.875], "texture": "#rail"},
				"west": {"uv": [10.5, 13.625, 11.75, 13.875], "texture": "#rail"},
				"up": {"uv": [10.5, 9.5, 14, 10.75], "texture": "#rail"}
			}
		},
		{
			"name": "clamp",
			"from": [9.125, 0.5, 2.125],
			"to": [10.375, 0.75, 5.625],
			"rotation": {"angle": 22.5, "axis": "y", "origin": [9.75, 0.625, 3.875]},
			"faces": {
				"north": {"uv": [4.25, 13.625, 4.40625, 13.65625], "texture": "#rail"},
				"east": {"uv": [2.125, 13.625, 2.5625, 13.65625], "texture": "#rail"},
				"south": {"uv": [4.25, 13.625, 4.40625, 13.65625], "texture": "#rail"},
				"west": {"uv": [2.125, 13.625, 2.5625, 13.65625], "texture": "#rail"},
				"up": {"uv": [2.125, 1.5, 5.5, 2.75], "texture": "#rail", "rotation": 90}
			}
		},
		{
			"name": "clamp",
			"from": [12.625, 0.5, 10.625],
			"to": [13.875, 0.75, 14.125],
			"rotation": {"angle": 22.5, "axis": "y", "origin": [13.25, 0.625, 12.375]},
			"faces": {
				"north": {"uv": [4.25, 13.625, 5.5, 13.875], "texture": "#rail"},
				"east": {"uv": [10.5, 13.625, 14, 13.875], "texture": "#rail"},
				"south": {"uv": [4.25, 13.625, 5.5, 13.875], "texture": "#rail"},
				"west": {"uv": [10.5, 13.625, 14, 13.875], "texture": "#rail"},
				"up": {"uv": [10.5, 5.5, 14, 6.75], "texture": "#rail", "rotation": 90}
			}
		},
		{
			"name": "clamp",
			"from": [13.5, 0.5, 2],
			"to": [14.75, 0.75, 5.5],
			"rotation": {"angle": 0, "axis": "y", "origin": [14.125, 0.625, 3.75]},
			"faces": {
				"north": {"uv": [3.375, 13.625, 2.125, 13.875], "texture": "#rail"},
				"east": {"uv": [2.125, 13.625, 5.625, 13.875], "texture": "#rail"},
				"south": {"uv": [2.125, 13.625, 3.375, 13.875], "texture": "#rail"},
				"west": {"uv": [2.125, 13.625, 5.625, 13.875], "texture": "#rail"},
				"up": {"uv": [2.125, 1.5, 5.5, 2.75], "texture": "#rail", "rotation": 90}
			}
		},
		{
			"name": "clamp",
			"from": [13.5, 0.5, 10.5],
			"to": [14.75, 0.75, 14],
			"rotation": {"angle": 0, "axis": "y", "origin": [14.125, 0.625, 12.25]},
			"faces": {
				"north": {"uv": [3.375, 13.625, 2.125, 13.875], "texture": "#rail"},
				"east": {"uv": [10.5, 13.625, 14, 13.875], "texture": "#rail"},
				"south": {"uv": [2.125, 13.625, 3.375, 13.875], "texture": "#rail"},
				"west": {"uv": [10.5, 13.625, 14, 13.875], "texture": "#rail"},
				"up": {"uv": [10.5, 1.5, 14, 2.75], "texture": "#rail", "rotation": 90}
			}
		},
		{
			"name": "rail",
			"from": [3.25, 0.5, 9.5],
			"to": [4.25, 2, 16],
			"rotation": {"angle": 0, "axis": "y", "origin": [3.75, 1.25, 12.5]},
			"faces": {
				"north": {"uv": [0, 0, 1, 1], "texture": "#missing"},
				"east": {"uv": [3.3125, 0, 4.1875, 16], "texture": "#rail", "rotation": 90},
				"south": {"uv": [3.25, 14, 4.25, 15.5], "texture": "#rail"},
				"west": {"uv": [4.1875, 0, 3.3125, 16], "texture": "#rail", "rotation": 90},
				"up": {"uv": [3.3125, 0, 4.1875, 16], "texture": "#rail"},
				"down": {"uv": [3.25, 0, 4.25, 6.5], "texture": "#rail"}
			}
		},
		{
			"name": "rail",
			"from": [5.57843, 0.5, 2.00368],
			"to": [6.57843, 2, 10.87868],
			"rotation": {"angle": -45, "axis": "y", "origin": [6.07843, 1.25, 7.37868]},
			"faces": {
				"north": {"uv": [0, 0, 1, 1], "texture": "#missing"},
				"east": {"uv": [3.3125, 0, 4.1875, 16], "texture": "#rail", "rotation": 90},
				"south": {"uv": [0, 0, 1, 1], "texture": "#missing"},
				"west": {"uv": [4.1875, 0, 3.3125, 16], "texture": "#rail", "rotation": 90},
				"up": {"uv": [3.3125, 0, 4.1875, 16], "texture": "#rail"},
				"down": {"uv": [3.25, 0, 4.25, 6.5], "texture": "#rail"}
			}
		},
		{
			"name": "rail",
			"from": [9.5, 0.5, 3.25],
			"to": [16, 2, 4.25],
			"rotation": {"angle": 0, "axis": "y", "origin": [12.5, 1.25, 3.75]},
			"faces": {
				"north": {"uv": [4.1875, 0, 3.3125, 16], "texture": "#rail", "rotation": 90},
				"east": {"uv": [11.75, 14, 12.75, 15.5], "texture": "#rail"},
				"south": {"uv": [3.3125, 0, 4.1875, 16], "texture": "#rail", "rotation": 90},
				"west": {"uv": [3.25, 14, 4.25, 15.5], "texture": "#missing"},
				"up": {"uv": [3.3125, 0, 4.1875, 16], "texture": "#rail", "rotation": 90},
				"down": {"uv": [3.25, 0, 4.25, 6.5], "texture": "#rail", "rotation": 270}
			}
		},
		{
			"name": "rail",
			"from": [11.75, 0.5, 11.75],
			"to": [12.75, 2, 16],
			"faces": {
				"north": {"uv": [12.625, 14.5, 11.75, 15.4375], "texture": "#rail"},
				"east": {"uv": [11.75, 0, 12.625, 16], "texture": "#rail", "rotation": 90},
				"south": {"uv": [11.75, 13.6875, 12.625, 14.6875], "texture": "#rail"},
				"west": {"uv": [11.75, 0, 12.625, 16], "texture": "#rail", "rotation": 90},
				"up": {"uv": [11.75, 0, 12.625, 16], "texture": "#rail"},
				"down": {"uv": [11.75, 0, 12.625, 16], "texture": "#rail"}
			}
		},
		{
			"name": "rail",
			"from": [12.75, 0.5, 11.75],
			"to": [16, 2, 12.75],
			"rotation": {"angle": 0, "axis": "y", "origin": [13.875, 1.25, 12.25]},
			"faces": {
				"north": {"uv": [11.75, 0, 12.625, 16], "texture": "#rail", "rotation": 90},
				"east": {"uv": [12.625, 14.5, 11.75, 15.4375], "texture": "#rail"},
				"south": {"uv": [11.75, 0, 12.625, 16], "texture": "#rail", "rotation": 90},
				"west": {"uv": [11.75, 13.6875, 12.625, 14.6875], "texture": "#rail"},
				"up": {"uv": [11.75, 0, 12.625, 16], "texture": "#rail", "rotation": 90},
				"down": {"uv": [11.75, 0, 12.625, 16], "texture": "#rail", "rotation": 270}
			}
		},
		{
			"name": "sleeper",
			"from": [1, 0, 13.25],
			"to": [15, 0.5, 15],
			"faces": {
				"north": {"uv": [5.75, 13.25, 10.375, 13.75], "texture": "#rail"},
				"east": {"uv": [7.125, 13.25, 8.875, 13.75], "texture": "#rail"},
				"south": {"uv": [5.75, 14, 10.375, 14.5], "texture": "#rail"},
				"west": {"uv": [7.125, 13.875, 8.875, 14.375], "texture": "#rail"},
				"up": {"uv": [1, 13.25, 15, 15], "texture": "#rail"},
				"down": {"uv": [5.875, 13.25, 10.25, 14.875], "texture": "#rail"}
			}
		},
		{
			"name": "sleeper",
			"from": [0.75, 0, 10.75],
			"to": [15.5, 0.5, 12.5],
			"rotation": {"angle": -22.5, "axis": "y", "origin": [8.5, 0.25, 11.625]},
			"faces": {
				"north": {"uv": [5.75, 13.25, 6.89063, 13.3125], "texture": "#rail"},
				"east": {"uv": [7, 13.25, 7.21875, 13.3125], "texture": "#rail"},
				"south": {"uv": [5.75, 13.25, 6.89063, 13.3125], "texture": "#rail"},
				"west": {"uv": [7.125, 13.25, 7.34375, 13.3125], "texture": "#rail"},
				"up": {"uv": [1, 13.25, 15, 15], "texture": "#rail"},
				"down": {"uv": [5.875, 13.25, 10.25, 14.875], "texture": "#rail"}
			}
		},
		{
			"name": "sleeper",
			"from": [10.75, 0, 0.625],
			"to": [12.5, 0.5, 15.375],
			"rotation": {"angle": 22.5, "axis": "y", "origin": [11.625, 0.25, 8.375]},
			"faces": {
				"north": {"uv": [7.125, 13.25, 7.34375, 13.3125], "texture": "#rail"},
				"east": {"uv": [5.75, 13.25, 6.89063, 13.3125], "texture": "#rail"},
				"south": {"uv": [7, 13.25, 7.21875, 13.3125], "texture": "#rail"},
				"west": {"uv": [5.75, 13.25, 6.89063, 13.3125], "texture": "#rail"},
				"up": {"uv": [1, 13.25, 15, 15], "texture": "#rail", "rotation": 90},
				"down": {"uv": [5.875, 13.25, 10.25, 14.875], "texture": "#rail", "rotation": 90}
			}
		},
		{
			"name": "sleeper",
			"from": [13.25, 0, 1],
			"to": [15, 0.5, 15],
			"rotation": {"angle": 0, "axis": "y", "origin": [14.125, 0.25, 8]},
			"faces": {
				"north": {"uv": [7.125, 13.25, 8.875, 13.75], "texture": "#rail"},
				"east": {"uv": [5.75, 13.25, 10.375, 13.875], "texture": "#rail"},
				"south": {"uv": [6.75, 13.25, 8.5, 13.75], "texture": "#rail"},
				"west": {"uv": [5.75, 13.25, 10.375, 13.75], "texture": "#rail"},
				"up": {"uv": [1, 1.25, 15, 3], "texture": "#rail", "rotation": 90},
				"down": {"uv": [5.875, 1.25, 10.25, 3], "texture": "#rail", "rotation": 270}
			}
		},
		{
			"from": [13, -0.125, 13],
			"to": [15.5, 1, 15.5],
			"faces": {
				"north": {"uv": [0.5, 15, 3, 16], "texture": "#1"},
				"east": {"uv": [3, 16, 0.5, 15], "texture": "#1"},
				"south": {"uv": [13, 15, 15.5, 16], "texture": "#1"},
				"west": {"uv": [13, 15, 15.5, 16], "texture": "#1"},
				"up": {"uv": [13, 13, 15.5, 15.5], "texture": "#1"},
				"down": {"uv": [13, 0.5, 15.5, 3], "texture": "#1"}
			}
		}
	],
	"groups": [
		{
			"name": "rail",
			"isOpen": true,
			"shade": true,
			"display": {
				"visibility": true,
				"autouv": true
			},
			"children": [0, 1, 2, 3, 4, 5, 6, 7, 8, 9, 10, 11, 12, 13, 14, 15, 16, 17]
		}
	]
}