{
    "__createdwith": "opl's Model Creator",
    "ambientocclusion": false,
    "textures": {
        "reeds_transparant_02": "blocks/reeds_transparant_02",
        "reeds_transparant_01": "blocks/reeds_transparant_01",
        "particle": "blocks/reeds_opaque",
        "reeds_opaque": "blocks/reeds_opaque"
    },
    "elements": [
        {
            "from": [3.5,-1,3.25],
            "to": [5,15,4.25],
            "faces": {
                "up": {
                    "uv": [6.375,14.75,7.875,15.75],
                    "texture": "#reeds_opaque"
                },
                "west": {
                    "uv": [13.125,0,14.125,16],
                    "texture": "#reeds_opaque"
                },
                "east": {
                    "uv": [13.125,0,14.125,16],
                    "texture": "#reeds_opaque"
                },
                "north": {
                    "uv": [6.375,0,7.875,16],
                    "texture": "#reeds_opaque"
                },
                "south": {
                    "uv": [6.375,0,7.875,16],
                    "texture": "#reeds_opaque"
                }
            }
        },
        {
            "from": [3.75,-1,3],
            "to": [4.75,15,4.5],
            "faces": {
                "up": {
                    "uv": [6.625,14.5,7.625,16],
                    "texture": "#reeds_opaque"
                },
                "west": {
                    "uv": [12.875,0,14.375,16],
                    "texture": "#reeds_opaque"
                },
                "east": {
                    "uv": [12.875,0,14.375,16],
                    "texture": "#reeds_opaque"
                },
                "north": {
                    "uv": [6.625,0,7.625,16],
                    "texture": "#reeds_opaque"
                },
                "south": {
                    "uv": [6.625,0,7.625,16],
                    "texture": "#reeds_opaque"
                }
            }
        },
        {
            "from": [11.25,-3.75,11.75],
            "to": [12.25,12.25,13.25],
            "faces": {
                "up": {
                    "uv": [6.625,14.5,7.625,16],
                    "texture": "#reeds_opaque"
                },
                "west": {
                    "uv": [12.875,0,14.375,16],
                    "texture": "#reeds_opaque"
                },
                "east": {
                    "uv": [12.875,0,14.375,16],
                    "texture": "#reeds_opaque"
                },
                "north": {
                    "uv": [6.625,0,7.625,16],
                    "texture": "#reeds_opaque"
                },
                "south": {
                    "uv": [6.625,0,7.625,16],
                    "texture": "#reeds_opaque"
                }
            }
        },
        {
            "from": [11,-3.75,12],
            "to": [12.5,12.25,13],
            "faces": {
                "up": {
                    "uv": [6.375,14.75,7.875,15.75],
                    "texture": "#reeds_opaque"
                },
                "west": {
                    "uv": [13.125,0,14.125,16],
                    "texture": "#reeds_opaque"
                },
                "east": {
                    "uv": [13.125,0,14.125,16],
                    "texture": "#reeds_opaque"
                },
                "north": {
                    "uv": [6.375,0,7.875,16],
                    "texture": "#reeds_opaque"
                },
                "south": {
                    "uv": [6.375,0,7.875,16],
                    "texture": "#reeds_opaque"
                }
            }
        },
        {
            "from": [10.25,-2.75,3.75],
            "to": [11,13.25,5],
            "faces": {
                "up": {
                    "uv": [6.625,14.5,7.625,16],
                    "texture": "#reeds_opaque"
                },
                "west": {
                    "uv": [12.875,0,14.375,16],
                    "texture": "#reeds_opaque"
                },
                "east": {
                    "uv": [12.875,0,14.375,16],
                    "texture": "#reeds_opaque"
                },
                "north": {
                    "uv": [6.625,0,7.625,16],
                    "texture": "#reeds_opaque"
                },
                "south": {
                    "uv": [6.625,0,7.625,16],
                    "texture": "#reeds_opaque"
                }
            }
        },
        {
            "from": [10,-2.75,4],
            "to": [11.25,13.25,4.75],
            "faces": {
                "up": {
                    "uv": [6.375,14.75,7.875,15.75],
                    "texture": "#reeds_opaque"
                },
                "west": {
                    "uv": [13.125,0,14.125,16],
                    "texture": "#reeds_opaque"
                },
                "east": {
                    "uv": [13.125,0,14.125,16],
                    "texture": "#reeds_opaque"
                },
                "north": {
                    "uv": [6.375,0,7.875,16],
                    "texture": "#reeds_opaque"
                },
                "south": {
                    "uv": [6.375,0,7.875,16],
                    "texture": "#reeds_opaque"
                }
            }
        },
        {
            "from": [2,-9.25,8.5],
            "to": [2.5,6.75,9.5],
            "faces": {
                "up": {
                    "uv": [6.625,14.5,7.625,16],
                    "texture": "#reeds_opaque"
                },
                "west": {
                    "uv": [12.875,0,14.375,16],
                    "texture": "#reeds_opaque"
                },
                "east": {
                    "uv": [12.875,0,14.375,16],
                    "texture": "#reeds_opaque"
                },
                "north": {
                    "uv": [6.625,0,7.625,16],
                    "texture": "#reeds_opaque"
                },
                "south": {
                    "uv": [6.625,0,7.625,16],
                    "texture": "#reeds_opaque"
                }
            }
        },
        {
            "from": [1.75,-9.25,8.75],
            "to": [2.75,6.75,9.25],
            "faces": {
                "up": {
                    "uv": [6.375,14.75,7.875,15.75],
                    "texture": "#reeds_opaque"
                },
                "west": {
                    "uv": [13.125,0,14.125,16],
                    "texture": "#reeds_opaque"
                },
                "east": {
                    "uv": [13.125,0,14.125,16],
                    "texture": "#reeds_opaque"
                },
                "north": {
                    "uv": [6.375,0,7.875,16],
                    "texture": "#reeds_opaque"
                },
                "south": {
                    "uv": [6.375,0,7.875,16],
                    "texture": "#reeds_opaque"
                }
            }
        },
        {
            "from": [13.5,-5.5,8],
            "to": [14,10.5,9],
            "faces": {
                "up": {
                    "uv": [6.625,14.5,7.625,16],
                    "texture": "#reeds_opaque"
                },
                "west": {
                    "uv": [12.875,0,14.375,16],
                    "texture": "#reeds_opaque"
                },
                "east": {
                    "uv": [12.875,0,14.375,16],
                    "texture": "#reeds_opaque"
                },
                "north": {
                    "uv": [6.625,0,7.625,16],
                    "texture": "#reeds_opaque"
                },
                "south": {
                    "uv": [6.625,0,7.625,16],
                    "texture": "#reeds_opaque"
                }
            }
        },
        {
            "from": [13.25,-5.5,8.25],
            "to": [14.25,10.5,8.75],
            "faces": {
                "up": {
                    "uv": [6.375,14.75,7.875,15.75],
                    "texture": "#reeds_opaque"
                },
                "west": {
                    "uv": [13.125,0,14.125,16],
                    "texture": "#reeds_opaque"
                },
                "east": {
                    "uv": [13.125,0,14.125,16],
                    "texture": "#reeds_opaque"
                },
                "north": {
                    "uv": [6.375,0,7.875,16],
                    "texture": "#reeds_opaque"
                },
                "south": {
                    "uv": [6.375,0,7.875,16],
                    "texture": "#reeds_opaque"
                }
            }
        },
        {
            "from": [7.5,-4.5,13],
            "to": [8,11.5,14],
            "faces": {
                "up": {
                    "uv": [6.625,14.5,7.625,16],
                    "texture": "#reeds_opaque"
                },
                "west": {
                    "uv": [12.875,0,14.375,16],
                    "texture": "#reeds_opaque"
                },
                "east": {
                    "uv": [12.875,0,14.375,16],
                    "texture": "#reeds_opaque"
                },
                "north": {
                    "uv": [6.625,0,7.625,16],
                    "texture": "#reeds_opaque"
                },
                "south": {
                    "uv": [6.625,0,7.625,16],
                    "texture": "#reeds_opaque"
                }
            }
        },
        {
            "from": [7.25,-4.5,13.25],
            "to": [8.25,11.5,13.75],
            "faces": {
                "up": {
                    "uv": [6.375,14.75,7.875,15.75],
                    "texture": "#reeds_opaque"
                },
                "west": {
                    "uv": [13.125,0,14.125,16],
                    "texture": "#reeds_opaque"
                },
                "east": {
                    "uv": [13.125,0,14.125,16],
                    "texture": "#reeds_opaque"
                },
                "north": {
                    "uv": [6.375,0,7.875,16],
                    "texture": "#reeds_opaque"
                },
                "south": {
                    "uv": [6.375,0,7.875,16],
                    "texture": "#reeds_opaque"
                }
            }
        },
        {
            "from": [8.25,-0.25,7.5],
            "to": [9.25,15.75,9],
            "faces": {
                "up": {
                    "uv": [6.625,14.5,7.625,16],
                    "texture": "#reeds_opaque"
                },
                "west": {
                    "uv": [12.875,0,14.375,16],
                    "texture": "#reeds_opaque"
                },
                "east": {
                    "uv": [12.875,0,14.375,16],
                    "texture": "#reeds_opaque"
                },
                "north": {
                    "uv": [6.625,0,7.625,16],
                    "texture": "#reeds_opaque"
                },
                "south": {
                    "uv": [6.625,0,7.625,16],
                    "texture": "#reeds_opaque"
                }
            }
        },
        {
            "from": [8,-0.25,7.75],
            "to": [9.5,15.75,8.75],
            "faces": {
                "up": {
                    "uv": [6.375,14.75,7.875,15.75],
                    "texture": "#reeds_opaque"
                },
                "west": {
                    "uv": [13.125,0,14.125,16],
                    "texture": "#reeds_opaque"
                },
                "east": {
                    "uv": [13.125,0,14.125,16],
                    "texture": "#reeds_opaque"
                },
                "north": {
                    "uv": [6.375,0,7.875,16],
                    "texture": "#reeds_opaque"
                },
                "south": {
                    "uv": [6.375,0,7.875,16],
                    "texture": "#reeds_opaque"
                }
            }
        },
        {
            "from": [8.75,-3.75,11.5],
            "to": [9.75,12.25,12],
            "faces": {
                "up": {
                    "uv": [6.375,14.75,7.875,15.75],
                    "texture": "#reeds_opaque"
                },
                "west": {
                    "uv": [13.125,0,14.125,16],
                    "texture": "#reeds_opaque"
                },
                "east": {
                    "uv": [13.125,0,14.125,16],
                    "texture": "#reeds_opaque"
                },
                "north": {
                    "uv": [6.375,0,7.875,16],
                    "texture": "#reeds_opaque"
                },
                "south": {
                    "uv": [6.375,0,7.875,16],
                    "texture": "#reeds_opaque"
                }
            }
        },
        {
            "from": [9,-3.75,11.25],
            "to": [9.5,12.25,12.25],
            "faces": {
                "up": {
                    "uv": [6.625,14.5,7.625,16],
                    "texture": "#reeds_opaque"
                },
                "west": {
                    "uv": [12.875,0,14.375,16],
                    "texture": "#reeds_opaque"
                },
                "east": {
                    "uv": [12.875,0,14.375,16],
                    "texture": "#reeds_opaque"
                },
                "north": {
                    "uv": [6.625,0,7.625,16],
                    "texture": "#reeds_opaque"
                },
                "south": {
                    "uv": [6.625,0,7.625,16],
                    "texture": "#reeds_opaque"
                }
            }
        },
        {
            "from": [4.75,-3.5,6.5],
            "to": [5.75,12.5,7],
            "faces": {
                "up": {
                    "uv": [6.375,14.75,7.875,15.75],
                    "texture": "#reeds_opaque"
                },
                "west": {
                    "uv": [13.125,0,14.125,16],
                    "texture": "#reeds_opaque"
                },
                "east": {
                    "uv": [13.125,0,14.125,16],
                    "texture": "#reeds_opaque"
                },
                "north": {
                    "uv": [6.375,0,7.875,16],
                    "texture": "#reeds_opaque"
                },
                "south": {
                    "uv": [6.375,0,7.875,16],
                    "texture": "#reeds_opaque"
                }
            }
        },
        {
            "from": [5,-3.5,6.25],
            "to": [5.5,12.5,7.25],
            "faces": {
                "up": {
                    "uv": [6.625,14.5,7.625,16],
                    "texture": "#reeds_opaque"
                },
                "west": {
                    "uv": [12.875,0,14.375,16],
                    "texture": "#reeds_opaque"
                },
                "east": {
                    "uv": [12.875,0,14.375,16],
                    "texture": "#reeds_opaque"
                },
                "north": {
                    "uv": [6.625,0,7.625,16],
                    "texture": "#reeds_opaque"
                },
                "south": {
                    "uv": [6.625,0,7.625,16],
                    "texture": "#reeds_opaque"
                }
            }
        },
        {
            "from": [7.25,-8.75,2],
            "to": [8.25,7.25,2.5],
            "faces": {
                "up": {
                    "uv": [6.375,14.75,7.875,15.75],
                    "texture": "#reeds_opaque"
                },
                "west": {
                    "uv": [13.125,0,14.125,16],
                    "texture": "#reeds_opaque"
                },
                "east": {
                    "uv": [13.125,0,14.125,16],
                    "texture": "#reeds_opaque"
                },
                "north": {
                    "uv": [6.375,0,7.875,16],
                    "texture": "#reeds_opaque"
                },
                "south": {
                    "uv": [6.375,0,7.875,16],
                    "texture": "#reeds_opaque"
                }
            }
        },
        {
            "from": [7.5,-8.75,1.75],
            "to": [8,7.25,2.75],
            "faces": {
                "up": {
                    "uv": [6.625,14.5,7.625,16],
                    "texture": "#reeds_opaque"
                },
                "west": {
                    "uv": [12.875,0,14.375,16],
                    "texture": "#reeds_opaque"
                },
                "east": {
                    "uv": [12.875,0,14.375,16],
                    "texture": "#reeds_opaque"
                },
                "north": {
                    "uv": [6.625,0,7.625,16],
                    "texture": "#reeds_opaque"
                },
                "south": {
                    "uv": [6.625,0,7.625,16],
                    "texture": "#reeds_opaque"
                }
            }
        },
        {
            "from": [5.5,-2.5,10],
            "to": [6.5,13.5,10.5],
            "faces": {
                "up": {
                    "uv": [6.375,14.75,7.875,15.75],
                    "texture": "#reeds_opaque"
                },
                "west": {
                    "uv": [13.125,0,14.125,16],
                    "texture": "#reeds_opaque"
                },
                "east": {
                    "uv": [13.125,0,14.125,16],
                    "texture": "#reeds_opaque"
                },
                "north": {
                    "uv": [6.375,0,7.875,16],
                    "texture": "#reeds_opaque"
                },
                "south": {
                    "uv": [6.375,0,7.875,16],
                    "texture": "#reeds_opaque"
                }
            }
        },
        {
            "from": [5.75,-2.5,9.75],
            "to": [6.25,13.5,10.75],
            "faces": {
                "up": {
                    "uv": [6.625,14.5,7.625,16],
                    "texture": "#reeds_opaque"
                },
                "west": {
                    "uv": [12.875,0,14.375,16],
                    "texture": "#reeds_opaque"
                },
                "east": {
                    "uv": [12.875,0,14.375,16],
                    "texture": "#reeds_opaque"
                },
                "north": {
                    "uv": [6.625,0,7.625,16],
                    "texture": "#reeds_opaque"
                },
                "south": {
                    "uv": [6.625,0,7.625,16],
                    "texture": "#reeds_opaque"
                }
            }
        },
        {
            "from": [2.75,-11,14],
            "to": [3.75,5,14.5],
            "faces": {
                "up": {
                    "uv": [6.375,14.75,7.875,15.75],
                    "texture": "#reeds_opaque"
                },
                "west": {
                    "uv": [13.125,0,14.125,16],
                    "texture": "#reeds_opaque"
                },
                "east": {
                    "uv": [13.125,0,14.125,16],
                    "texture": "#reeds_opaque"
                },
                "north": {
                    "uv": [6.375,0,7.875,16],
                    "texture": "#reeds_opaque"
                },
                "south": {
                    "uv": [6.375,0,7.875,16],
                    "texture": "#reeds_opaque"
                }
            }
        },
        {
            "from": [3,-11,13.75],
            "to": [3.5,5,14.75],
            "faces": {
                "up": {
                    "uv": [6.625,14.5,7.625,16],
                    "texture": "#reeds_opaque"
                },
                "west": {
                    "uv": [12.875,0,14.375,16],
                    "texture": "#reeds_opaque"
                },
                "east": {
                    "uv": [12.875,0,14.375,16],
                    "texture": "#reeds_opaque"
                },
                "north": {
                    "uv": [6.625,0,7.625,16],
                    "texture": "#reeds_opaque"
                },
                "south": {
                    "uv": [6.625,0,7.625,16],
                    "texture": "#reeds_opaque"
                }
            }
        },
        {
            "from": [13.5,-4.5,5],
            "to": [14.5,11.5,5.5],
            "faces": {
                "up": {
                    "uv": [6.375,14.75,7.875,15.75],
                    "texture": "#reeds_opaque"
                },
                "west": {
                    "uv": [13.125,0,14.125,16],
                    "texture": "#reeds_opaque"
                },
                "east": {
                    "uv": [13.125,0,14.125,16],
                    "texture": "#reeds_opaque"
                },
                "north": {
                    "uv": [6.375,0,7.875,16],
                    "texture": "#reeds_opaque"
                },
                "south": {
                    "uv": [6.375,0,7.875,16],
                    "texture": "#reeds_opaque"
                }
            }
        },
        {
            "from": [13.75,-4.5,4.75],
            "to": [14.25,11.5,5.75],
            "faces": {
                "up": {
                    "uv": [6.625,14.5,7.625,16],
                    "texture": "#reeds_opaque"
                },
                "west": {
                    "uv": [12.875,0,14.375,16],
                    "texture": "#reeds_opaque"
                },
                "east": {
                    "uv": [12.875,0,14.375,16],
                    "texture": "#reeds_opaque"
                },
                "north": {
                    "uv": [6.625,0,7.625,16],
                    "texture": "#reeds_opaque"
                },
                "south": {
                    "uv": [6.625,0,7.625,16],
                    "texture": "#reeds_opaque"
                }
            }
        },
        {
            "from": [1.5,-1,3.75],
            "to": [8,15,3.75],
            "faces": {
                "north": {
                    "texture": "#reeds_opaque"
                },
                "south": {
                    "uv": [7.625,0,16,16],
                    "texture": "#reeds_transparant_01"
                }
            }
        }
    ]
}