{   "parent": "block/block",
    "__createdwith": "opl's Model Creator",
    "ambientocclusion": false,
    "textures": {
        "particle": "blocks/sea_lantern",
        "sea_lantern_outer": "blocks/sea_lantern_outer",
        "sea_lantern_inner": "blocks/sea_lantern_inner"
    },
    "elements": [
        {
            "from": [0,14.75,0],
            "to": [1.25,16,16],
            "faces": {
                "up": {
                    "texture": "#sea_lantern_outer"
                },
                "down": {
                    "texture": "#sea_lantern_outer"
                },
                "west": {
                    "texture": "#sea_lantern_outer"
                },
                "east": {
                    "texture": "#sea_lantern_outer"
                },
                "north": {
                    "uv": [14.75,0,16,1.25],
                    "texture": "#sea_lantern_outer"
                },
                "south": {
                    "texture": "#sea_lantern_outer"
                }
            }
        },
        {
            "from": [0,0,0],
            "to": [1.25,1.25,16],
            "faces": {
                "up": {
                    "texture": "#sea_lantern_outer"
                },
                "down": {
                    "texture": "#sea_lantern_outer"
                },
                "west": {
                    "texture": "#sea_lantern_outer"
                },
                "east": {
                    "texture": "#sea_lantern_outer"
                },
                "north": {
                    "uv": [14.75,14.75,16,16],
                    "texture": "#sea_lantern_outer"
                },
                "south": {
                    "texture": "#sea_lantern_outer"
                }
            }
        },
        {
            "from": [14.75,0,0],
            "to": [16,1.25,16],
            "faces": {
                "up": {
                    "texture": "#sea_lantern_outer"
                },
                "down": {
                    "texture": "#sea_lantern_outer"
                },
                "west": {
                    "texture": "#sea_lantern_outer"
                },
                "east": {
                    "texture": "#sea_lantern_outer"
                },
                "north": {
                    "uv": [0,14.75,1.25,16],
                    "texture": "#sea_lantern_outer"
                },
                "south": {
                    "texture": "#sea_lantern_outer"
                }
            }
        },
        {
            "from": [14.75,14.75,0],
            "to": [16,16,16],
            "faces": {
                "up": {
                    "texture": "#sea_lantern_outer"
                },
                "down": {
                    "texture": "#sea_lantern_outer"
                },
                "west": {
                    "texture": "#sea_lantern_outer"
                },
                "east": {
                    "uv": [0,14.75,16,16],
                    "texture": "#sea_lantern_outer"
                },
                "north": {
                    "uv": [0,0,1.25,1.25],
                    "texture": "#sea_lantern_outer"
                },
                "south": {
                    "texture": "#sea_lantern_outer"
                }
            }
        },
        {
            "from": [1.25,0,0],
            "to": [14.75,1.25,1.25],
            "faces": {
                "up": {
                    "texture": "#sea_lantern_outer"
                },
                "down": {
                    "texture": "#sea_lantern_outer"
                },
                "north": {
                    "texture": "#sea_lantern_outer"
                },
                "south": {
                    "texture": "#sea_lantern_outer"
                }
            }
        },
        {
            "from": [1.25,0,14.75],
            "to": [14.75,1.25,16],
            "faces": {
                "up": {
                    "texture": "#sea_lantern_outer"
                },
                "down": {
                    "texture": "#sea_lantern_outer"
                },
                "north": {
                    "texture": "#sea_lantern_outer"
                },
                "south": {
                    "texture": "#sea_lantern_outer"
                }
            }
        },
        {
            "from": [1.25,14.75,14.75],
            "to": [14.75,16,16],
            "faces": {
                "up": {
                    "texture": "#sea_lantern_outer"
                },
                "down": {
                    "texture": "#sea_lantern_outer"
                },
                "north": {
                    "texture": "#sea_lantern_outer"
                },
                "south": {
                    "texture": "#sea_lantern_outer"
                }
            }
        },
        {
            "from": [1.25,14.75,0],
            "to": [14.75,16,1.25],
            "faces": {
                "up": {
                    "texture": "#sea_lantern_outer"
                },
                "down": {
                    "texture": "#sea_lantern_outer"
                },
                "north": {
                    "texture": "#sea_lantern_outer"
                },
                "south": {
                    "texture": "#sea_lantern_outer"
                }
            }
        },
        {
            "from": [0,1.25,0],
            "to": [1.25,14.75,1.25],
            "faces": {
                "west": {
                    "texture": "#sea_lantern_outer"
                },
                "east": {
                    "texture": "#sea_lantern_outer"
                },
                "north": {
                    "uv": [14.75,1.25,16,14.75],
                    "texture": "#sea_lantern_outer"
                },
                "south": {
                    "texture": "#sea_lantern_outer"
                }
            }
        },
        {
            "from": [14.75,1.25,0],
            "to": [16,14.75,1.25],
            "faces": {
                "west": {
                    "texture": "#sea_lantern_outer"
                },
                "east": {
                    "uv": [14.75,1.25,16,14.75],
                    "texture": "#sea_lantern_outer"
                },
                "north": {
                    "uv": [0,1.25,1.25,14.75],
                    "texture": "#sea_lantern_outer"
                },
                "south": {
                    "texture": "#sea_lantern_outer"
                }
            }
        },
        {
            "from": [14.75,1.25,14.75],
            "to": [16,14.75,16],
            "faces": {
                "west": {
                    "texture": "#sea_lantern_outer"
                },
                "east": {
                    "uv": [0,1.25,1.25,14.75],
                    "texture": "#sea_lantern_outer"
                },
                "north": {
                    "uv": [0,1.25,1.25,14.75],
                    "texture": "#sea_lantern_outer"
                },
                "south": {
                    "texture": "#sea_lantern_outer"
                }
            }
        },
        {
            "from": [0,1.25,14.75],
            "to": [1.25,14.75,16],
            "faces": {
                "west": {
                    "texture": "#sea_lantern_outer"
                },
                "east": {
                    "texture": "#sea_lantern_outer"
                },
                "north": {
                    "texture": "#sea_lantern_outer"
                },
                "south": {
                    "texture": "#sea_lantern_outer"
                }
            }
        },
        {
            "from": [1.25,1.25,0.25],
            "to": [14.75,2.25,1],
            "faces": {
                "up": {
                    "texture": "#sea_lantern_outer"
                },
                "north": {
                    "texture": "#sea_lantern_outer"
                }
            }
        },
        {
            "from": [1.25,13.75,0.25],
            "to": [14.75,14.75,1],
            "faces": {
                "down": {
                    "uv": [1.3125,0.375,14.8125,1.125],
                    "texture": "#sea_lantern_outer"
                },
                "north": {
                    "texture": "#sea_lantern_outer"
                }
            }
        },
        {
            "from": [1.25,2.25,0.25],
            "to": [2.25,13.75,1],
            "faces": {
                "east": {
                    "texture": "#sea_lantern_outer"
                },
                "north": {
                    "uv": [13.75,2.25,14.75,13.75],
                    "texture": "#sea_lantern_outer"
                }
            }
        },
        {
            "from": [13.75,2.25,0.25],
            "to": [14.75,13.75,1],
            "faces": {
                "west": {
                    "texture": "#sea_lantern_outer"
                },
                "north": {
                    "uv": [1.25,2.25,2.25,13.75],
                    "texture": "#sea_lantern_outer"
                }
            }
        },
        {
            "from": [13.75,2.25,15],
            "to": [14.75,13.75,15.75],
            "faces": {
                "west": {
                    "texture": "#sea_lantern_outer"
                },
                "south": {
                    "texture": "#sea_lantern_outer"
                }
            }
        },
        {
            "from": [1.25,13.75,15],
            "to": [14.75,14.75,15.75],
            "faces": {
                "down": {
                    "uv": [1.3125,0.375,14.8125,1.125],
                    "texture": "#sea_lantern_outer"
                },
                "south": {
                    "texture": "#sea_lantern_outer"
                }
            }
        },
        {
            "from": [1.25,2.25,15],
            "to": [2.25,13.75,15.75],
            "faces": {
                "east": {
                    "texture": "#sea_lantern_outer"
                },
                "south": {
                    "texture": "#sea_lantern_outer"
                }
            }
        },
        {
            "from": [1.25,1.25,15],
            "to": [14.75,2.25,15.75],
            "faces": {
                "up": {
                    "texture": "#sea_lantern_outer"
                },
                "south": {
                    "texture": "#sea_lantern_outer"
                }
            }
        },
        {
            "from": [1.25,0.25,1.25],
            "to": [14.75,1,2.25],
            "faces": {
                "down": {
                    "uv": [1.25,2.25,14.75,1.25],
                    "texture": "#sea_lantern_outer"
                },
                "south": {
                    "texture": "#sea_lantern_outer"
                }
            }
        },
        {
            "from": [1.25,0.25,13.75],
            "to": [14.75,1,14.75],
            "faces": {
                "down": {
                    "uv": [1.25,14.75,14.75,13.75],
                    "texture": "#sea_lantern_outer"
                },
                "north": {
                    "texture": "#sea_lantern_outer"
                }
            }
        },
        {
            "from": [1.25,0.25,2.25],
            "to": [2.25,1,13.75],
            "faces": {
                "down": {
                    "uv": [1.25,13.75,2.25,2.25],
                    "texture": "#sea_lantern_outer"
                },
                "east": {
                    "texture": "#sea_lantern_outer"
                }
            }
        },
        {
            "from": [13.75,0.25,2.25],
            "to": [14.75,1,13.75],
            "faces": {
                "down": {
                    "uv": [13.75,13.75,14.75,2.25],
                    "texture": "#sea_lantern_outer"
                },
                "west": {
                    "texture": "#sea_lantern_outer"
                }
            }
        },
        {
            "from": [13.75,15,2.25],
            "to": [14.75,15.75,13.75],
            "faces": {
                "up": {
                    "texture": "#sea_lantern_outer"
                },
                "west": {
                    "texture": "#sea_lantern_outer"
                }
            }
        },
        {
            "from": [1.25,15,13.75],
            "to": [14.75,15.75,14.75],
            "faces": {
                "up": {
                    "texture": "#sea_lantern_outer"
                },
                "north": {
                    "texture": "#sea_lantern_outer"
                }
            }
        },
        {
            "from": [1.25,15,2.25],
            "to": [2.25,15.75,13.75],
            "faces": {
                "up": {
                    "texture": "#sea_lantern_outer"
                },
                "east": {
                    "texture": "#sea_lantern_outer"
                }
            }
        },
        {
            "from": [1.25,15,1.25],
            "to": [14.75,15.75,2.25],
            "faces": {
                "up": {
                    "texture": "#sea_lantern_outer"
                },
                "south": {
                    "texture": "#sea_lantern_outer"
                }
            }
        },
        {
            "from": [0.25,13.75,1.25],
            "to": [1,14.75,14.75],
            "faces": {
                "down": {
                    "texture": "#sea_lantern_outer"
                },
                "west": {
                    "texture": "#sea_lantern_outer"
                }
            }
        },
        {
            "from": [0.25,1.25,1.25],
            "to": [1,2.25,14.75],
            "faces": {
                "up": {
                    "texture": "#sea_lantern_outer"
                },
                "west": {
                    "texture": "#sea_lantern_outer"
                }
            }
        },
        {
            "from": [0.25,2.25,1.25],
            "to": [1,13.75,2.25],
            "faces": {
                "west": {
                    "texture": "#sea_lantern_outer"
                },
                "south": {
                    "texture": "#sea_lantern_outer"
                }
            }
        },
        {
            "from": [0.25,2.25,13.75],
            "to": [1,13.75,14.75],
            "faces": {
                "west": {
                    "texture": "#sea_lantern_outer"
                },
                "north": {
                    "texture": "#sea_lantern_outer"
                }
            }
        },
        {
            "from": [15,2.25,13.75],
            "to": [15.75,13.75,14.75],
            "faces": {
                "east": {
                    "uv": [1.25,2.25,2.25,13.75],
                    "texture": "#sea_lantern_outer"
                },
                "north": {
                    "texture": "#sea_lantern_outer"
                }
            }
        },
        {
            "from": [15,1.25,1.25],
            "to": [15.75,2.25,14.75],
            "faces": {
                "up": {
                    "texture": "#sea_lantern_outer"
                },
                "east": {
                    "texture": "#sea_lantern_outer"
                }
            }
        },
        {
            "from": [15,2.25,1.25],
            "to": [15.75,13.75,2.25],
            "faces": {
                "east": {
                    "uv": [13.75,2.25,14.75,13.75],
                    "texture": "#sea_lantern_outer"
                },
                "south": {
                    "texture": "#sea_lantern_outer"
                }
            }
        },
        {
            "from": [15,13.75,1.25],
            "to": [15.75,14.75,14.75],
            "faces": {
                "down": {
                    "texture": "#sea_lantern_outer"
                },
                "east": {
                    "texture": "#sea_lantern_outer"
                }
            }
        },
        {
            "from": [1,1,1],
            "to": [15,15,15],
            "faces": {
                "up": {
                    "texture": "#sea_lantern_inner"
                },
                "down": {
                    "texture": "#sea_lantern_inner"
                },
                "west": {
                    "texture": "#sea_lantern_inner"
                },
                "east": {
                    "texture": "#sea_lantern_inner"
                },
                "north": {
                    "texture": "#sea_lantern_inner"
                },
                "south": {
                    "texture": "#sea_lantern_inner"
                }
            }
        },
        {
            "from": [2.25,15,2.75],
            "to": [13.75,15.5,3.25],
            "faces": {
                "up": {
                    "texture": "#sea_lantern_outer"
                },
                "north": {
                    "texture": "#sea_lantern_outer"
                },
                "south": {
                    "texture": "#sea_lantern_outer"
                }
            }
        },
        {
            "from": [2.25,15,4.75],
            "to": [13.75,15.5,5.25],
            "faces": {
                "up": {
                    "texture": "#sea_lantern_outer"
                },
                "north": {
                    "texture": "#sea_lantern_outer"
                },
                "south": {
                    "texture": "#sea_lantern_outer"
                }
            }
        },
        {
            "from": [2.25,15,6.75],
            "to": [13.75,15.5,7.25],
            "faces": {
                "up": {
                    "texture": "#sea_lantern_outer"
                },
                "north": {
                    "texture": "#sea_lantern_outer"
                },
                "south": {
                    "texture": "#sea_lantern_outer"
                }
            }
        },
        {
            "from": [2.25,15,8.75],
            "to": [13.75,15.5,9.25],
            "faces": {
                "up": {
                    "texture": "#sea_lantern_outer"
                },
                "north": {
                    "texture": "#sea_lantern_outer"
                },
                "south": {
                    "texture": "#sea_lantern_outer"
                }
            }
        },
        {
            "from": [2.25,15,10.75],
            "to": [13.75,15.5,11.25],
            "faces": {
                "up": {
                    "texture": "#sea_lantern_outer"
                },
                "north": {
                    "texture": "#sea_lantern_outer"
                },
                "south": {
                    "texture": "#sea_lantern_outer"
                }
            }
        },
        {
            "from": [2.25,15,12.75],
            "to": [13.75,15.5,13.25],
            "faces": {
                "up": {
                    "texture": "#sea_lantern_outer"
                },
                "north": {
                    "texture": "#sea_lantern_outer"
                },
                "south": {
                    "texture": "#sea_lantern_outer"
                }
            }
        },
        {
            "from": [2.25,0.5,2.75],
            "to": [13.75,1,3.25],
            "faces": {
                "down": {
                    "texture": "#sea_lantern_outer"
                },
                "north": {
                    "texture": "#sea_lantern_outer"
                },
                "south": {
                    "texture": "#sea_lantern_outer"
                }
            }
        },
        {
            "from": [2.25,0.5,4.75],
            "to": [13.75,1,5.25],
            "faces": {
                "down": {
                    "texture": "#sea_lantern_outer"
                },
                "north": {
                    "texture": "#sea_lantern_outer"
                },
                "south": {
                    "texture": "#sea_lantern_outer"
                }
            }
        },
        {
            "from": [2.25,0.5,6.75],
            "to": [13.75,1,7.25],
            "faces": {
                "down": {
                    "texture": "#sea_lantern_outer"
                },
                "north": {
                    "texture": "#sea_lantern_outer"
                },
                "south": {
                    "texture": "#sea_lantern_outer"
                }
            }
        },
        {
            "from": [2.25,0.5,8.75],
            "to": [13.75,1,9.25],
            "faces": {
                "down": {
                    "texture": "#sea_lantern_outer"
                },
                "north": {
                    "texture": "#sea_lantern_outer"
                },
                "south": {
                    "texture": "#sea_lantern_outer"
                }
            }
        },
        {
            "from": [2.25,0.5,10.75],
            "to": [13.75,1,11.25],
            "faces": {
                "down": {
                    "texture": "#sea_lantern_outer"
                },
                "north": {
                    "texture": "#sea_lantern_outer"
                },
                "south": {
                    "texture": "#sea_lantern_outer"
                }
            }
        },
        {
            "from": [2.25,0.5,12.75],
            "to": [13.75,1,13.25],
            "faces": {
                "down": {
                    "texture": "#sea_lantern_outer"
                },
                "north": {
                    "texture": "#sea_lantern_outer"
                },
                "south": {
                    "texture": "#sea_lantern_outer"
                }
            }
        },
        {
            "from": [2.25,12.75,0.5],
            "to": [13.75,13.25,1],
            "faces": {
                "up": {
                    "texture": "#sea_lantern_outer"
                },
                "down": {
                    "texture": "#sea_lantern_outer"
                },
                "north": {
                    "texture": "#sea_lantern_outer"
                }
            }
        },
        {
            "from": [2.25,10.75,0.5],
            "to": [13.75,11.25,1],
            "faces": {
                "up": {
                    "texture": "#sea_lantern_outer"
                },
                "down": {
                    "texture": "#sea_lantern_outer"
                },
                "north": {
                    "texture": "#sea_lantern_outer"
                }
            }
        },
        {
            "from": [2.25,8.75,0.5],
            "to": [13.75,9.25,1],
            "faces": {
                "up": {
                    "texture": "#sea_lantern_outer"
                },
                "down": {
                    "texture": "#sea_lantern_outer"
                },
                "north": {
                    "texture": "#sea_lantern_outer"
                }
            }
        },
        {
            "from": [2.25,6.75,0.5],
            "to": [13.75,7.25,1],
            "faces": {
                "up": {
                    "texture": "#sea_lantern_outer"
                },
                "down": {
                    "texture": "#sea_lantern_outer"
                },
                "north": {
                    "texture": "#sea_lantern_outer"
                }
            }
        },
        {
            "from": [2.25,4.75,0.5],
            "to": [13.75,5.25,1],
            "faces": {
                "up": {
                    "texture": "#sea_lantern_outer"
                },
                "down": {
                    "texture": "#sea_lantern_outer"
                },
                "north": {
                    "texture": "#sea_lantern_outer"
                }
            }
        },
        {
            "from": [2.25,2.75,0.5],
            "to": [13.75,3.25,1],
            "faces": {
                "up": {
                    "texture": "#sea_lantern_outer"
                },
                "down": {
                    "texture": "#sea_lantern_outer"
                },
                "north": {
                    "texture": "#sea_lantern_outer"
                }
            }
        },
        {
            "from": [2.25,12.75,15],
            "to": [13.75,13.25,15.5],
            "faces": {
                "up": {
                    "texture": "#sea_lantern_outer"
                },
                "down": {
                    "texture": "#sea_lantern_outer"
                },
                "south": {
                    "texture": "#sea_lantern_outer"
                }
            }
        },
        {
            "from": [2.25,10.75,15],
            "to": [13.75,11.25,15.5],
            "faces": {
                "up": {
                    "texture": "#sea_lantern_outer"
                },
                "down": {
                    "texture": "#sea_lantern_outer"
                },
                "south": {
                    "texture": "#sea_lantern_outer"
                }
            }
        },
        {
            "from": [2.25,8.75,15],
            "to": [13.75,9.25,15.5],
            "faces": {
                "up": {
                    "texture": "#sea_lantern_outer"
                },
                "down": {
                    "texture": "#sea_lantern_outer"
                },
                "south": {
                    "texture": "#sea_lantern_outer"
                }
            }
        },
        {
            "from": [2.25,6.75,15],
            "to": [13.75,7.25,15.5],
            "faces": {
                "up": {
                    "texture": "#sea_lantern_outer"
                },
                "down": {
                    "texture": "#sea_lantern_outer"
                },
                "south": {
                    "texture": "#sea_lantern_outer"
                }
            }
        },
        {
            "from": [2.25,4.75,15],
            "to": [13.75,5.25,15.5],
            "faces": {
                "up": {
                    "texture": "#sea_lantern_outer"
                },
                "down": {
                    "texture": "#sea_lantern_outer"
                },
                "south": {
                    "texture": "#sea_lantern_outer"
                }
            }
        },
        {
            "from": [2.25,2.75,15],
            "to": [13.75,3.25,15.5],
            "faces": {
                "up": {
                    "texture": "#sea_lantern_outer"
                },
                "down": {
                    "texture": "#sea_lantern_outer"
                },
                "south": {
                    "texture": "#sea_lantern_outer"
                }
            }
        },
        {
            "from": [15,12.75,2.25],
            "to": [15.5,13.25,13.75],
            "faces": {
                "up": {
                    "texture": "#sea_lantern_outer"
                },
                "down": {
                    "texture": "#sea_lantern_outer"
                },
                "east": {
                    "texture": "#sea_lantern_outer"
                }
            }
        },
        {
            "from": [15,10.75,2.25],
            "to": [15.5,11.25,13.75],
            "faces": {
                "up": {
                    "texture": "#sea_lantern_outer"
                },
                "down": {
                    "texture": "#sea_lantern_outer"
                },
                "east": {
                    "texture": "#sea_lantern_outer"
                }
            }
        },
        {
            "from": [15,8.75,2.25],
            "to": [15.5,9.25,13.75],
            "faces": {
                "up": {
                    "texture": "#sea_lantern_outer"
                },
                "down": {
                    "texture": "#sea_lantern_outer"
                },
                "east": {
                    "texture": "#sea_lantern_outer"
                }
            }
        },
        {
            "from": [15,6.75,2.25],
            "to": [15.5,7.25,13.75],
            "faces": {
                "up": {
                    "texture": "#sea_lantern_outer"
                },
                "down": {
                    "texture": "#sea_lantern_outer"
                },
                "east": {
                    "texture": "#sea_lantern_outer"
                }
            }
        },
        {
            "from": [15,4.75,2.25],
            "to": [15.5,5.25,13.75],
            "faces": {
                "up": {
                    "texture": "#sea_lantern_outer"
                },
                "down": {
                    "texture": "#sea_lantern_outer"
                },
                "east": {
                    "texture": "#sea_lantern_outer"
                }
            }
        },
        {
            "from": [15,2.75,2.25],
            "to": [15.5,3.25,13.75],
            "faces": {
                "up": {
                    "texture": "#sea_lantern_outer"
                },
                "down": {
                    "texture": "#sea_lantern_outer"
                },
                "east": {
                    "texture": "#sea_lantern_outer"
                }
            }
        },
        {
            "from": [0.5,2.75,2.25],
            "to": [1,3.25,13.75],
            "faces": {
                "up": {
                    "texture": "#sea_lantern_outer"
                },
                "down": {
                    "texture": "#sea_lantern_outer"
                },
                "west": {
                    "texture": "#sea_lantern_outer"
                }
            }
        },
        {
            "from": [0.5,4.75,2.25],
            "to": [1,5.25,13.75],
            "faces": {
                "up": {
                    "texture": "#sea_lantern_outer"
                },
                "down": {
                    "texture": "#sea_lantern_outer"
                },
                "west": {
                    "texture": "#sea_lantern_outer"
                }
            }
        },
        {
            "from": [0.5,6.75,2.25],
            "to": [1,7.25,13.75],
            "faces": {
                "up": {
                    "texture": "#sea_lantern_outer"
                },
                "down": {
                    "texture": "#sea_lantern_outer"
                },
                "west": {
                    "texture": "#sea_lantern_outer"
                }
            }
        },
        {
            "from": [0.5,8.75,2.25],
            "to": [1,9.25,13.75],
            "faces": {
                "up": {
                    "texture": "#sea_lantern_outer"
                },
                "down": {
                    "texture": "#sea_lantern_outer"
                },
                "west": {
                    "texture": "#sea_lantern_outer"
                }
            }
        },
        {
            "from": [0.5,10.75,2.25],
            "to": [1,11.25,13.75],
            "faces": {
                "up": {
                    "texture": "#sea_lantern_outer"
                },
                "down": {
                    "texture": "#sea_lantern_outer"
                },
                "west": {
                    "texture": "#sea_lantern_outer"
                }
            }
        },
        {
            "from": [0.5,12.75,2.25],
            "to": [1,13.25,13.75],
            "faces": {
                "up": {
                    "texture": "#sea_lantern_outer"
                },
                "down": {
                    "texture": "#sea_lantern_outer"
                },
                "west": {
                    "texture": "#sea_lantern_outer"
                }
            }
        }
    ]
}