{
    "__createdwith": "opl's Model Creator",
    "ambientocclusion": false,
    "textures": {
        "door-spruce-upper": "blocks/door_spruce_upper",
        "door-spruce-lower": "blocks/door_spruce_lower",
        "particle": "blocks/door_spruce_lower"
    },
    "elements": [
        {
            "from": [0.5,1.75,0],
            "to": [2,16,1.75],
            "faces": {
                "west": {
                    "uv": [16,0,14.25,14.25],
                    "texture": "#door-spruce-lower"
                },
                "east": {
                    "uv": [14.25,0,16,14.25],
                    "texture": "#door-spruce-lower"
                },
                "north": {
                    "uv": [14.625,0,16,14.25],
                    "texture": "#door-spruce-lower"
                },
                "south": {
                    "uv": [14.5,0,16,14.25],
                    "texture": "#door-spruce-lower"
                }
            }
        },
        {
            "from": [0.5,1.75,14.25],
            "to": [2,16,16],
            "faces": {
                "west": {
                    "uv": [1.75,0,0,14.25],
                    "texture": "#door-spruce-lower"
                },
                "east": {
                    "uv": [0,0,1.75,14.25],
                    "texture": "#door-spruce-lower"
                },
                "north": {
                    "uv": [0,0,1.375,14.25],
                    "texture": "#door-spruce-lower"
                },
                "south": {
                    "uv": [0,0,1.375,14.25],
                    "texture": "#door-spruce-lower"
                }
            }
        },
        {
            "from": [0.5,0,0],
            "to": [2,1.75,16],
            "faces": {
                "up": {
                    "uv": [16,14.625,0,16],
                    "texture": "#door-spruce-lower",
                    "rotation": 90
                },
                "down": {
                    "uv": [0,14.625,16,16],
                    "texture": "#door-spruce-lower",
                    "rotation": 90
                },
                "west": {
                    "uv": [16,14.25,0,16],
                    "texture": "#door-spruce-lower"
                },
                "east": {
                    "uv": [0,14.25,16,16],
                    "texture": "#door-spruce-lower"
                },
                "north": {
                    "uv": [14.625,14.25,16,16],
                    "texture": "#door-spruce-lower"
                },
                "south": {
                    "uv": [0,14.25,1.375,16],
                    "texture": "#door-spruce-lower"
                }
            }
        },
        {
            "from": [0.75,1.75,1.75],
            "to": [1.75,16,14.25],
            "faces": {
                "west": {
                    "uv": [14.25,0,1.75,14.25],
                    "texture": "#door-spruce-lower"
                },
                "east": {
                    "uv": [1.75,0,14.25,14.25],
                    "texture": "#door-spruce-lower"
                }
            }
        },
        {
            "from": [0.5,12.75,1.75],
            "to": [2,15,4],
            "faces": {
                "west": {
                    "uv": [6.875,6.75,9.125,9],
                    "texture": "#door-spruce-upper"
                },
                "east": {
                    "uv": [9.125,6.75,6.875,9],
                    "texture": "#door-spruce-upper"
                }
            }
        }
    ]
}