{
    "__createdwith": "opl's Model Creator",
    "ambientocclusion": false,
    "textures": {
        "side": "blocks/piston_side",
        "top": "#unsticky",
        "bottom": "#bottom",
        "particle": "#side",
        "inner": "#inside"
    },
    "elements": [
        {
            "from": [1,1,5],
            "to": [15,15,15],
            "faces": {
                "up": {
                    "texture": "#side"
                },
                "down": {
                    "uv": [1,5,15,15],
                    "texture": "#side"
                },
                "west": {
                    "uv": [1,5,15,15],
                    "texture": "#side",
                    "rotation": 270
                },
                "east": {
                    "uv": [1,5,15,15],
                    "texture": "#side",
                    "rotation": 90
                },
                "south": {
                    "texture": "#bottom"
                }
            }
        },
        {
            "from": [0,0,4],
            "to": [16,1,5],
            "faces": {
                "down": {
                    "uv": [0.0,0.0,16.0,1.0],
                    "texture": "#bottom"
                },
                "west": {
                    "uv": [0.0,15.0,1.0,16.0],
                    "texture": "#bottom"
                },
                "east": {
                    "uv": [0.0,15.0,1.0,16.0],
                    "texture": "#bottom"
                },
                "south": {
                    "texture": "#bottom"
                }
            }
        },
        {
            "from": [0,15,4],
            "to": [16,16,5],
            "faces": {
                "up": {
                    "uv": [0.0,0.0,16.0,1.0],
                    "texture": "#bottom"
                },
                "west": {
                    "uv": [0.0,15.0,1.0,16.0],
                    "texture": "#bottom"
                },
                "east": {
                    "uv": [0.0,15.0,1.0,16.0],
                    "texture": "#bottom"
                },
                "south": {
                    "texture": "#bottom"
                }
            }
        },
        {
            "from": [0,0,15],
            "to": [16,1,16],
            "faces": {
                "up": {
                    "uv": [0.0,0.0,16.0,1.0],
                    "texture": "#bottom"
                },
                "down": {
                    "uv": [0.0,0.0,16.0,1.0],
                    "texture": "#bottom"
                },
                "west": {
                    "uv": [0.0,15.0,1.0,16.0],
                    "texture": "#bottom"
                },
                "east": {
                    "uv": [0.0,15.0,1.0,16.0],
                    "texture": "#bottom"
                },
                "north": {
                    "texture": "#bottom"
                },
                "south": {
                    "texture": "#bottom"
                }
            }
        },
        {
            "from": [0,15,15],
            "to": [16,16,16],
            "faces": {
                "up": {
                    "uv": [0.0,0.0,16.0,1.0],
                    "texture": "#bottom"
                },
                "down": {
                    "uv": [0.0,0.0,16.0,1.0],
                    "texture": "#bottom"
                },
                "west": {
                    "uv": [0.0,15.0,1.0,16.0],
                    "texture": "#bottom"
                },
                "east": {
                    "uv": [0.0,15.0,1.0,16.0],
                    "texture": "#bottom"
                },
                "north": {
                    "texture": "#bottom"
                },
                "south": {
                    "texture": "#bottom"
                }
            }
        },
        {
            "from": [15,0,5],
            "to": [16,1,15],
            "faces": {
                "up": {
                    "texture": "#bottom"
                },
                "down": {
                    "texture": "#bottom"
                },
                "west": {
                    "texture": "#bottom"
                },
                "east": {
                    "texture": "#bottom"
                }
            }
        },
        {
            "from": [15,15,5],
            "to": [16,16,15],
            "faces": {
                "up": {
                    "texture": "#bottom"
                },
                "down": {
                    "texture": "#bottom"
                },
                "west": {
                    "texture": "#bottom"
                },
                "east": {
                    "texture": "#bottom"
                }
            }
        },
        {
            "from": [0,15,5],
            "to": [1,16,15],
            "faces": {
                "up": {
                    "texture": "#bottom"
                },
                "down": {
                    "texture": "#bottom"
                },
                "west": {
                    "texture": "#bottom"
                },
                "east": {
                    "texture": "#bottom"
                }
            }
        },
        {
            "from": [0,0,5],
            "to": [1,1,15],
            "faces": {
                "up": {
                    "texture": "#bottom"
                },
                "down": {
                    "texture": "#bottom"
                },
                "west": {
                    "texture": "#bottom"
                },
                "east": {
                    "texture": "#bottom"
                }
            }
        },
        {
            "from": [0,1,15],
            "to": [1,15,16],
            "faces": {
                "west": {
                    "texture": "#bottom"
                },
                "east": {
                    "texture": "#bottom"
                },
                "north": {
                    "texture": "#bottom"
                },
                "south": {
                    "texture": "#bottom"
                }
            }
        },
        {
            "from": [15,1,15],
            "to": [16,15,16],
            "faces": {
                "west": {
                    "texture": "#bottom"
                },
                "east": {
                    "texture": "#bottom"
                },
                "north": {
                    "texture": "#bottom"
                },
                "south": {
                    "texture": "#bottom"
                }
            }
        },
        {
            "from": [15,1,4],
            "to": [16,15,5],
            "faces": {
                "east": {
                    "uv": [0.0,1.0,1.0,15.0],
                    "texture": "#bottom"
                },
                "south": {
                    "texture": "#bottom"
                }
            }
        },
        {
            "from": [0,1,4],
            "to": [1,15,5],
            "faces": {
                "west": {
                    "uv": [0.0,1.0,1.0,15.0],
                    "texture": "#bottom"
                },
                "south": {
                    "texture": "#bottom"
                }
            }
        },
        {
            "from": [0.5,0.5,0.5],
            "to": [15.5,15.5,4],
            "faces": {
                "up": {
                    "uv": [0.5,3.875,15.5,7.375],
                    "texture": "#top"
                },
                "down": {
                    "uv": [0.5,8.625,15.5,12.125],
                    "texture": "#top"
                },
                "west": {
                    "uv": [3.25,0.5,6.75,15.5],
                    "texture": "#top"
                },
                "east": {
                    "uv": [3,0.5,6.5,15.5],
                    "texture": "#top"
                },
                "north": {
                    "texture": "#top"
                }
            }
        },
        {
            "from": [0,0,3],
            "to": [0.5,16,4],
            "faces": {
                "up": {
                    "texture": "#side"
                },
                "down": {
                    "uv": [0,3,0.5,4],
                    "texture": "#side",
                    "rotation": 180
                },
                "west": {
                    "uv": [0,3,16,4],
                    "texture": "#side",
                    "rotation": 270
                },
                "north": {
                    "texture": "#bottom",
                    "rotation": 90
                }
            }
        },
        {
            "from": [0,14,1],
            "to": [0.5,16,3],
            "faces": {
                "up": {
                    "texture": "#side"
                },
                "down": {
                    "texture": "#side"
                },
                "west": {
                    "uv": [1,0,3,2],
                    "texture": "#side"
                }
            }
        },
        {
            "from": [0,0,1],
            "to": [0.5,2,3],
            "faces": {
                "up": {
                    "texture": "#side"
                },
                "down": {
                    "texture": "#side"
                },
                "west": {
                    "uv": [1,1,3,3],
                    "texture": "#side"
                }
            }
        },
        {
            "from": [15.5,14,1],
            "to": [16,16,3],
            "faces": {
                "up": {
                    "texture": "#side"
                },
                "down": {
                    "texture": "#side"
                },
                "east": {
                    "texture": "#side"
                }
            }
        },
        {
            "from": [15.5,0,1],
            "to": [16,2,3],
            "faces": {
                "up": {
                    "texture": "#side"
                },
                "down": {
                    "texture": "#side"
                },
                "east": {
                    "uv": [1,1,3,3],
                    "texture": "#side"
                }
            }
        },
        {
            "from": [0,0,0],
            "to": [0.5,16,1],
            "faces": {
                "up": {
                    "texture": "#side"
                },
                "down": {
                    "texture": "#side",
                    "rotation": 180
                },
                "west": {
                    "uv": [0,0,16,1],
                    "texture": "#side",
                    "rotation": 270
                },
                "east": {
                    "uv": [0,0,16,1],
                    "texture": "#side",
                    "rotation": 90
                },
                "north": {
                    "texture": "#bottom",
                    "rotation": 90
                },
                "south": {
                    "texture": "#bottom"
                }
            }
        },
        {
            "from": [15.5,0,0],
            "to": [16,16,1],
            "faces": {
                "up": {
                    "texture": "#side"
                },
                "down": {
                    "texture": "#side",
                    "rotation": 180
                },
                "west": {
                    "uv": [0,0,16,1],
                    "texture": "#side",
                    "rotation": 270
                },
                "east": {
                    "uv": [0,0,16,1],
                    "texture": "#side",
                    "rotation": 90
                },
                "north": {
                    "uv": [0.0,0.0,16.0,0.5],
                    "texture": "#bottom",
                    "rotation": 90
                },
                "south": {
                    "texture": "#bottom"
                }
            }
        },
        {
            "from": [15.5,0,3],
            "to": [16,16,4],
            "faces": {
                "up": {
                    "texture": "#side"
                },
                "down": {
                    "uv": [15.5,3,16,4],
                    "texture": "#side",
                    "rotation": 180
                },
                "east": {
                    "uv": [0,3,16,4],
                    "texture": "#side",
                    "rotation": 90
                },
                "north": {
                    "uv": [0.0,0.0,16.0,0.5],
                    "texture": "#bottom",
                    "rotation": 90
                }
            }
        },
        {
            "from": [0.5,15.5,0],
            "to": [15.5,16,1],
            "faces": {
                "up": {
                    "texture": "#side"
                },
                "down": {
                    "texture": "#side"
                },
                "north": {
                    "texture": "#bottom"
                },
                "south": {
                    "texture": "#bottom"
                }
            }
        },
        {
            "from": [0.5,15.5,3],
            "to": [15.5,16,4],
            "faces": {
                "up": {
                    "texture": "#side"
                },
                "north": {
                    "texture": "#bottom"
                }
            }
        },
        {
            "from": [0.5,15.5,1],
            "to": [2,16,3],
            "faces": {
                "up": {
                    "uv": [0.5,1,2,3],
                    "texture": "#side"
                },
                "east": {
                    "texture": "#side"
                }
            }
        },
        {
            "from": [14,15.5,1],
            "to": [15.5,16,3],
            "faces": {
                "up": {
                    "uv": [14,1,15.5,3],
                    "texture": "#side"
                },
                "west": {
                    "texture": "#side"
                }
            }
        },
        {
            "from": [0.5,0,0],
            "to": [15.5,0.5,1],
            "faces": {
                "up": {
                    "texture": "#side"
                },
                "down": {
                    "texture": "#side"
                },
                "north": {
                    "texture": "#bottom"
                },
                "south": {
                    "texture": "#bottom"
                }
            }
        },
        {
            "from": [0.5,0,3],
            "to": [15.5,0.5,4],
            "faces": {
                "down": {
                    "uv": [0.5,4,15.5,3],
                    "texture": "#side"
                },
                "north": {
                    "texture": "#bottom"
                }
            }
        },
        {
            "from": [0.5,0,1],
            "to": [2,0.5,3],
            "faces": {
                "down": {
                    "uv": [0.5,1,2,3],
                    "texture": "#side"
                },
                "east": {
                    "texture": "#side"
                }
            }
        },
        {
            "from": [14,0,1],
            "to": [15.5,0.5,3],
            "faces": {
                "down": {
                    "uv": [14,1,15.5,3],
                    "texture": "#side"
                },
                "west": {
                    "texture": "#side"
                }
            }
        }
    ]
}