{
    "__createdwith": "opl's Model Creator",
    "ambientocclusion": false,
    "textures": {
        "side": "#side",
        "top": "#unsticky",
        "particle": "#platform"
    },
    "elements": [
        {
            "from": [0,0,0],
            "to": [0.5,16,1],
            "faces": {
                "up": {
                    "texture": "#side"
                },
                "down": {
                    "texture": "#side",
                    "rotation": 180
                },
                "west": {
                    "uv": [0.0,0.0,16.0,1.0],
                    "texture": "#side",
                    "rotation": 270
                },
                "east": {
                    "uv": [0.0,0.0,16.0,1.0],
                    "texture": "#side",
                    "rotation": 90
                },
                "north": {
                    "uv": [0.0,0.0,16.0,0.5],
                    "texture": "#side",
                    "rotation": 90
                },
                "south": {
                    "uv": [0.0,0.0,16.0,0.5],
                    "texture": "#side",
                    "rotation": 90
                }
            }
        },
        {
            "from": [0.5,0.5,0.5],
            "to": [15.5,15.5,3.5],
            "faces": {
                "up": {
                    "uv": [0.5,4.125,15.5,7.125],
                    "texture": "#top"
                },
                "down": {
                    "uv": [0.5,9.0,15.5,12.0],
                    "texture": "#top"
                },
                "west": {
                    "uv": [3.625,0.5,6.625,15.5],
                    "texture": "#top"
                },
                "east": {
                    "uv": [10.25,0.5,13.25,15.5],
                    "texture": "#top"
                },
                "north": {
                    "texture": "#top"
                },
                "south": {
                    "texture": "#top"
                }
            }
        },
        {
            "from": [6,6,3.5],
            "to": [10,10,20],
            "faces": {
                "up": {
                    "uv": [0.0,0.0,16.0,4.0],
                    "texture": "#side",
                    "rotation": 270
                },
                "down": {
                    "uv": [0.0,0.0,16.0,4.0],
                    "texture": "#side",
                    "rotation": 90
                },
                "west": {
                    "uv": [0.0,0.0,16.0,4.0],
                    "texture": "#side",
                    "rotation": 180
                },
                "east": {
                    "uv": [0.0,0.0,15.9375,4.0],
                    "texture": "#side"
                }
            }
        },
        {
            "from": [0,0,3],
            "to": [0.5,16,4],
            "faces": {
                "up": {
                    "texture": "#side"
                },
                "down": {
                    "texture": "#side",
                    "rotation": 180
                },
                "west": {
                    "uv": [0.0,3.0,16.0,4.0],
                    "texture": "#side",
                    "rotation": 270
                },
                "east": {
                    "uv": [0.0,3.0,16.0,4.0],
                    "texture": "#side",
                    "rotation": 90
                },
                "north": {
                    "uv": [0.0,0.0,16.0,0.5],
                    "texture": "#side",
                    "rotation": 90
                },
                "south": {
                    "uv": [0.0,0.0,16.0,0.5],
                    "texture": "#side",
                    "rotation": 90
                }
            }
        },
        {
            "from": [0,14,1],
            "to": [0.5,16,3],
            "faces": {
                "up": {
                    "uv": [0.0,1.0,0.5,3.0],
                    "texture": "#side"
                },
                "down": {
                    "texture": "#side"
                },
                "west": {
                    "uv": [1.0,0.0,3.0,2.0],
                    "texture": "#side"
                }
            }
        },
        {
            "from": [0,0,1],
            "to": [0.5,2,3],
            "faces": {
                "up": {
                    "texture": "#side"
                },
                "down": {
                    "uv": [0.0,1.0,0.5,3.0],
                    "texture": "#side"
                },
                "west": {
                    "uv": [2.5,0.875,4.5,2.875],
                    "texture": "#side"
                }
            }
        },
        {
            "from": [0.5,15.5,0],
            "to": [15.5,16,1],
            "faces": {
                "up": {
                    "texture": "#side"
                },
                "down": {
                    "texture": "#side"
                },
                "north": {
                    "texture": "#side"
                },
                "south": {
                    "texture": "#side"
                }
            }
        },
        {
            "from": [0.5,15.5,3],
            "to": [15.5,16,4],
            "faces": {
                "up": {
                    "texture": "#side"
                },
                "down": {
                    "uv": [0.5,4.0,15.5,3.0],
                    "texture": "#side"
                },
                "north": {
                    "texture": "#side"
                },
                "south": {
                    "texture": "#side"
                }
            }
        },
        {
            "from": [0.5,15.5,1],
            "to": [2,16,3],
            "faces": {
                "up": {
                    "uv": [0.5,1.0,2.0,3.0],
                    "texture": "#side"
                },
                "east": {
                    "texture": "#side"
                }
            }
        },
        {
            "from": [14,15.5,1],
            "to": [15.5,16,3],
            "faces": {
                "up": {
                    "uv": [14.0,1.0,15.5,3.0],
                    "texture": "#side"
                },
                "west": {
                    "texture": "#side"
                }
            }
        },
        {
            "from": [15.5,0,3],
            "to": [16,16,4],
            "faces": {
                "up": {
                    "texture": "#side"
                },
                "down": {
                    "texture": "#side",
                    "rotation": 180
                },
                "west": {
                    "uv": [0.0,3.0,16.0,4.0],
                    "texture": "#side",
                    "rotation": 270
                },
                "east": {
                    "uv": [0.0,3.0,16.0,4.0],
                    "texture": "#side",
                    "rotation": 90
                },
                "north": {
                    "uv": [0.0,0.0,16.0,0.5],
                    "texture": "#side",
                    "rotation": 90
                },
                "south": {
                    "uv": [0.0,0.0,16.0,0.5],
                    "texture": "#side",
                    "rotation": 90
                }
            }
        },
        {
            "from": [15.5,0,0],
            "to": [16,16,1],
            "faces": {
                "up": {
                    "texture": "#side"
                },
                "down": {
                    "texture": "#side",
                    "rotation": 180
                },
                "west": {
                    "uv": [0.0,0.0,16.0,1.0],
                    "texture": "#side",
                    "rotation": 270
                },
                "east": {
                    "uv": [0.0,0.0,16.0,1.0],
                    "texture": "#side",
                    "rotation": 90
                },
                "north": {
                    "uv": [0.0,0.0,16.0,0.5],
                    "texture": "#side",
                    "rotation": 90
                },
                "south": {
                    "uv": [0.0,0.0,16.0,0.5],
                    "texture": "#side",
                    "rotation": 90
                }
            }
        },
        {
            "from": [15.5,14,1],
            "to": [16,16,3],
            "faces": {
                "up": {
                    "uv": [15.5,1.0,16.0,3.0],
                    "texture": "#side"
                },
                "down": {
                    "texture": "#side"
                },
                "east": {
                    "uv": [1.0,0.0,3.0,2.0],
                    "texture": "#side"
                }
            }
        },
        {
            "from": [15.5,0,1],
            "to": [16,2,3],
            "faces": {
                "up": {
                    "texture": "#side"
                },
                "down": {
                    "uv": [15.5,1.0,16.0,3.0],
                    "texture": "#side"
                },
                "east": {
                    "uv": [5.875,0.5,7.875,2.5],
                    "texture": "#side"
                }
            }
        },
        {
            "from": [0.5,0,0],
            "to": [15.5,0.5,1],
            "faces": {
                "up": {
                    "texture": "#side"
                },
                "down": {
                    "texture": "#side"
                },
                "north": {
                    "texture": "#side"
                },
                "south": {
                    "texture": "#side"
                }
            }
        },
        {
            "from": [0.5,0,3],
            "to": [15.5,0.5,4],
            "faces": {
                "up": {
                    "texture": "#side"
                },
                "down": {
                    "uv": [0.5,4.0,15.5,3.0],
                    "texture": "#side"
                },
                "north": {
                    "texture": "#side"
                },
                "south": {
                    "texture": "#side"
                }
            }
        },
        {
            "from": [0.5,0,1],
            "to": [2.5,0.5,3],
            "faces": {
                "down": {
                    "uv": [0.5,1.0,2.5,3.0],
                    "texture": "#side"
                },
                "east": {
                    "texture": "#side"
                }
            }
        },
        {
            "from": [13.5,0,1],
            "to": [15.5,0.5,3],
            "faces": {
                "down": {
                    "uv": [13.5,1.0,15.5,3.0],
                    "texture": "#side"
                },
                "west": {
                    "texture": "#side"
                }
            }
        }
    ]
}