{   "parent": "block/block",
    "__createdwith": "opl's Model Creator",
    "ambientocclusion": false,
    "textures": {
        "normal_torch_wall": "blocks/normal_torch_wall",
        "particle": "blocks/normal_torch_wall"
    },
    "elements": [
        {
            "from": [0,15,7.5],
            "to": [10,16,8.5],
            "faces": {
                "up": {
                    "uv": [6,0,16,1],
                    "texture": "#normal_torch_wall"
                },
                "down": {
                    "uv": [6,0,16,1],
                    "texture": "#normal_torch_wall"
                },
                "west": {
                    "uv": [15,0,16,1],
                    "texture": "#normal_torch_wall"
                },
                "east": {
                    "uv": [15,0,16,1],
                    "texture": "#normal_torch_wall"
                },
                "north": {
                    "uv": [6,0,16,1],
                    "texture": "#normal_torch_wall"
                },
                "south": {
                    "uv": [6,0,16,1],
                    "texture": "#normal_torch_wall"
                }
            }
        },
        {
            "from": [4.75,0.75,4.75],
            "to": [11.25,1,11.25],
            "faces": {
                "up": {
                    "uv": [0.25,9.25,6.75,15.75],
                    "texture": "#normal_torch_wall"
                },
                "down": {
                    "uv": [0.25,9.25,6.75,15.75],
                    "texture": "#normal_torch_wall"
                },
                "west": {
                    "uv": [0.25,15.75,6.75,16],
                    "texture": "#normal_torch_wall"
                },
                "east": {
                    "uv": [0.25,15.75,6.75,16],
                    "texture": "#normal_torch_wall"
                },
                "north": {
                    "uv": [0.25,15.75,6.75,16],
                    "texture": "#normal_torch_wall"
                },
                "south": {
                    "uv": [0.25,15.75,6.75,16],
                    "texture": "#normal_torch_wall"
                }
            }
        },
        {
            "from": [0,6,7.5],
            "to": [1,15,8.5],
            "faces": {
                "down": {
                    "uv": [15,0,16,1],
                    "texture": "#normal_torch_wall"
                },
                "west": {
                    "uv": [15,1,16,10],
                    "texture": "#normal_torch_wall"
                },
                "east": {
                    "uv": [15,1,16,10],
                    "texture": "#normal_torch_wall"
                },
                "north": {
                    "uv": [15,1,16,10],
                    "texture": "#normal_torch_wall"
                },
                "south": {
                    "uv": [15,1,16,10],
                    "texture": "#normal_torch_wall"
                }
            }
        },
        {
            "from": [5.25,1,10.25],
            "to": [5.75,9.75,10.75],
            "faces": {
                "west": {
                    "uv": [0,7,0.5,16],
                    "texture": "#normal_torch_wall"
                },
                "east": {
                    "uv": [0,7,0.5,16],
                    "texture": "#normal_torch_wall"
                },
                "north": {
                    "texture": "#normal_torch_wall"
                },
                "south": {
                    "uv": [0,7,0.5,16],
                    "texture": "#normal_torch_wall"
                }
            }
        },
        {
            "from": [4.5,9.75,4.5],
            "to": [11.5,10.25,11.5],
            "faces": {
                "up": {
                    "uv": [0,3.5,7,10.5],
                    "texture": "#normal_torch_wall"
                },
                "down": {
                    "uv": [0,3.5,7,10.5],
                    "texture": "#normal_torch_wall"
                },
                "west": {
                    "uv": [0,10.5,7,11],
                    "texture": "#normal_torch_wall"
                },
                "east": {
                    "uv": [0,10.5,7,11],
                    "texture": "#normal_torch_wall"
                },
                "north": {
                    "uv": [0,10.5,7,11],
                    "texture": "#normal_torch_wall"
                },
                "south": {
                    "uv": [0,10.5,7,11],
                    "texture": "#normal_torch_wall"
                }
            }
        },
        {
            "from": [6.25,10.5,6.25],
            "to": [9.75,11.5,9.75],
            "faces": {
                "west": {
                    "uv": [1.75,2.5,5.25,3.5],
                    "texture": "#normal_torch_wall"
                },
                "east": {
                    "uv": [1.75,2.5,5.25,3.5],
                    "texture": "#normal_torch_wall"
                },
                "north": {
                    "uv": [1.75,2.5,5.25,3.5],
                    "texture": "#normal_torch_wall"
                },
                "south": {
                    "uv": [1.75,2.5,5.25,3.5],
                    "texture": "#normal_torch_wall"
                }
            }
        },
        {
            "from": [5.25,0,5.25],
            "to": [10.75,0.75,10.75],
            "faces": {
                "down": {
                    "uv": [0.75,9.75,6.25,15.25],
                    "texture": "#normal_torch_wall"
                },
                "west": {
                    "uv": [0.75,15.25,6.25,16],
                    "texture": "#normal_torch_wall"
                },
                "east": {
                    "uv": [0.75,15.25,6.25,16],
                    "texture": "#normal_torch_wall"
                },
                "north": {
                    "uv": [0.75,15.25,6.25,16],
                    "texture": "#normal_torch_wall"
                },
                "south": {
                    "uv": [0.75,15.25,6.25,16],
                    "texture": "#normal_torch_wall"
                }
            }
        },
        {
            "from": [5.25,1,5.25],
            "to": [5.75,9.75,5.75],
            "faces": {
                "west": {
                    "uv": [0,7,0.5,16],
                    "texture": "#normal_torch_wall"
                },
                "east": {
                    "uv": [0,7,0.5,16],
                    "texture": "#normal_torch_wall"
                },
                "north": {
                    "uv": [0,7,0.5,16],
                    "texture": "#normal_torch_wall"
                },
                "south": {
                    "uv": [0,7,0.5,16],
                    "texture": "#normal_torch_wall"
                }
            }
        },
        {
            "from": [10.25,1,10.25],
            "to": [10.75,9.75,10.75],
            "faces": {
                "west": {
                    "uv": [0,7,0.5,16],
                    "texture": "#normal_torch_wall"
                },
                "east": {
                    "uv": [0,7,0.5,16],
                    "texture": "#normal_torch_wall"
                },
                "north": {
                    "uv": [0,7,0.5,16],
                    "texture": "#normal_torch_wall"
                },
                "south": {
                    "uv": [0,7,0.5,16],
                    "texture": "#normal_torch_wall"
                }
            }
        },
        {
            "from": [10.25,1,5.25],
            "to": [10.75,9.75,5.75],
            "faces": {
                "west": {
                    "uv": [0,7,0.5,16],
                    "texture": "#normal_torch_wall"
                },
                "east": {
                    "uv": [0,7,0.5,16],
                    "texture": "#normal_torch_wall"
                },
                "north": {
                    "uv": [0,7,0.5,16],
                    "texture": "#normal_torch_wall"
                },
                "south": {
                    "uv": [0,7,0.5,16],
                    "texture": "#normal_torch_wall"
                }
            }
        },
        {
            "from": [5,10.25,5.25],
            "to": [10.75,10.5,10.75],
            "faces": {
                "up": {
                    "uv": [0.75,4.25,6.25,9.75],
                    "texture": "#normal_torch_wall"
                },
                "west": {
                    "uv": [0.75,9.75,6.25,10],
                    "texture": "#normal_torch_wall"
                },
                "east": {
                    "uv": [0.75,9.75,6.25,10],
                    "texture": "#normal_torch_wall"
                },
                "north": {
                    "uv": [0.75,9.75,6.25,10],
                    "texture": "#normal_torch_wall"
                },
                "south": {
                    "uv": [0.75,9.75,6.25,10],
                    "texture": "#normal_torch_wall"
                }
            }
        },
        {
            "from": [5.75,11.5,5.75],
            "to": [10.25,12,10.25],
            "faces": {
                "up": {
                    "uv": [1.25,4.75,5.75,9.25],
                    "texture": "#normal_torch_wall"
                },
                "down": {
                    "uv": [1.25,4.75,5.75,9.25],
                    "texture": "#normal_torch_wall"
                },
                "west": {
                    "uv": [1.25,9.25,5.75,9.75],
                    "texture": "#normal_torch_wall"
                },
                "east": {
                    "uv": [1.25,9.25,5.75,9.75],
                    "texture": "#normal_torch_wall"
                },
                "north": {
                    "uv": [1.25,9.25,5.75,9.75],
                    "texture": "#normal_torch_wall"
                },
                "south": {
                    "uv": [1.25,9.25,5.75,9.75],
                    "texture": "#normal_torch_wall"
                }
            }
        },
        {
            "from": [6.5,12,6.5],
            "to": [9.5,12.25,9.5],
            "faces": {
                "up": {
                    "uv": [2,5.5,5,8.5],
                    "texture": "#normal_torch_wall"
                },
                "west": {
                    "uv": [2,8.5,5,8.75],
                    "texture": "#normal_torch_wall"
                },
                "east": {
                    "uv": [2,8.5,5,8.75],
                    "texture": "#normal_torch_wall"
                },
                "north": {
                    "uv": [2,8.5,5,8.75],
                    "texture": "#normal_torch_wall"
                },
                "south": {
                    "uv": [2,8.5,5,8.75],
                    "texture": "#normal_torch_wall"
                }
            }
        },
        {
            "from": [7,1,7],
            "to": [9,5,9],
            "faces": {
                "up": {
                    "texture": "#normal_torch_wall"
                },
                "west": {
                    "uv": [7,9,9,13],
                    "texture": "#normal_torch_wall"
                },
                "east": {
                    "uv": [7,9,9,13],
                    "texture": "#normal_torch_wall"
                },
                "north": {
                    "uv": [7,9,9,13],
                    "texture": "#normal_torch_wall"
                },
                "south": {
                    "uv": [7,9,9,13],
                    "texture": "#normal_torch_wall"
                }
            }
        },
        {
            "from": [7.9,5,7.9],
            "to": [8.1,5.5,8.1],
            "faces": {
                "up": {
                    "uv": [7,13,7.25,13.25],
                    "texture": "#normal_torch_wall"
                },
                "west": {
                    "uv": [7,13,7.25,13.5],
                    "texture": "#normal_torch_wall"
                },
                "east": {
                    "uv": [7,13,7.25,13.5],
                    "texture": "#normal_torch_wall"
                },
                "north": {
                    "uv": [7,13,7.25,13.5],
                    "texture": "#normal_torch_wall"
                },
                "south": {
                    "uv": [7,13,7.25,13.5],
                    "texture": "#normal_torch_wall"
                }
            }
        },
        {
            "from": [7.75,12.75,7],
            "to": [8.25,14.25,7.25],
            "faces": {
                "west": {
                    "uv": [0,3.75,0.25,5.25],
                    "texture": "#normal_torch_wall"
                },
                "east": {
                    "uv": [1.75,3.75,2,5.25],
                    "texture": "#normal_torch_wall"
                },
                "north": {
                    "uv": [0,3.75,0.5,5.25],
                    "texture": "#normal_torch_wall"
                },
                "south": {
                    "uv": [0,3.75,0.5,5.25],
                    "texture": "#normal_torch_wall"
                }
            }
        },
        {
            "from": [7.75,14.25,7],
            "to": [8.25,14.5,9],
            "faces": {
                "up": {
                    "uv": [0,3.5,0.5,5.5],
                    "texture": "#normal_torch_wall"
                },
                "down": {
                    "uv": [0,3.5,0.5,5.5],
                    "texture": "#normal_torch_wall"
                },
                "west": {
                    "uv": [0,3.5,2,3.75],
                    "texture": "#normal_torch_wall"
                },
                "east": {
                    "uv": [0,3.5,2,3.75],
                    "texture": "#normal_torch_wall"
                },
                "north": {
                    "uv": [0,3.5,0.5,3.75],
                    "texture": "#normal_torch_wall"
                },
                "south": {
                    "uv": [0,3.5,0.5,3.75],
                    "texture": "#normal_torch_wall"
                }
            }
        },
        {
            "from": [7.75,12.75,8.75],
            "to": [8.25,14.25,9],
            "faces": {
                "west": {
                    "uv": [1.75,3.75,2,5.25],
                    "texture": "#normal_torch_wall"
                },
                "east": {
                    "uv": [0,3.75,0.25,5.25],
                    "texture": "#normal_torch_wall"
                },
                "north": {
                    "uv": [0,3.75,0.5,5.25],
                    "texture": "#normal_torch_wall"
                },
                "south": {
                    "uv": [0,3.75,0.5,5.25],
                    "texture": "#normal_torch_wall"
                }
            }
        },
        {
            "from": [7.75,12.5,7],
            "to": [8.25,12.75,9],
            "faces": {
                "up": {
                    "uv": [0,3.5,0.5,5.5],
                    "texture": "#normal_torch_wall"
                },
                "down": {
                    "uv": [0,3.5,0.5,5.5],
                    "texture": "#normal_torch_wall"
                },
                "west": {
                    "uv": [0,5.25,2,5.5],
                    "texture": "#normal_torch_wall"
                },
                "east": {
                    "uv": [0,5.25,2,5.5],
                    "texture": "#normal_torch_wall"
                },
                "north": {
                    "uv": [0,5.25,0.5,5.5],
                    "texture": "#normal_torch_wall"
                },
                "south": {
                    "uv": [0,5.25,0.5,5.5],
                    "texture": "#normal_torch_wall"
                }
            }
        },
        {
            "from": [7.5,12.25,7.5],
            "to": [8.5,13,8.5],
            "faces": {
                "up": {
                    "uv": [0,3.5,1,4.5],
                    "texture": "#normal_torch_wall"
                },
                "west": {
                    "uv": [0,3.5,1,4.25],
                    "texture": "#normal_torch_wall"
                },
                "east": {
                    "uv": [0,3.5,1,4.25],
                    "texture": "#normal_torch_wall"
                },
                "north": {
                    "uv": [0,3.5,1,4.25],
                    "texture": "#normal_torch_wall"
                },
                "south": {
                    "uv": [0,3.5,1,4.25],
                    "texture": "#normal_torch_wall"
                }
            }
        },
        {
            "from": [1,12,8],
            "to": [4,15,8],
            "faces": {
                "north": {
                    "uv": [12,1,15,4],
                    "texture": "#normal_torch_wall"
                },
                "south": {
                    "uv": [15,1,12,4],
                    "texture": "#normal_torch_wall"
                }
            }
        },
        {
            "from": [8.25,14.25,7.75],
            "to": [8.5,15,8.25],
            "faces": {
                "west": {
                    "uv": [15.25,0,15.75,0.75],
                    "texture": "#normal_torch_wall"
                },
                "east": {
                    "uv": [15.5,0,16,0.75],
                    "texture": "#normal_torch_wall"
                },
                "north": {
                    "uv": [15,0,15.25,0.75],
                    "texture": "#normal_torch_wall"
                },
                "south": {
                    "uv": [15.75,0,16,0.75],
                    "texture": "#normal_torch_wall"
                }
            }
        },
        {
            "from": [7.5,14,7.75],
            "to": [8.5,14.25,8.25],
            "faces": {
                "down": {
                    "uv": [15,0,16,0.5],
                    "texture": "#normal_torch_wall"
                },
                "west": {
                    "uv": [15.5,0.5,16,0.75],
                    "texture": "#normal_torch_wall"
                },
                "east": {
                    "uv": [15.5,0.75,16,1],
                    "texture": "#normal_torch_wall"
                },
                "north": {
                    "uv": [15,0.75,16,1],
                    "texture": "#normal_torch_wall"
                },
                "south": {
                    "uv": [15,0.75,16,1],
                    "texture": "#normal_torch_wall"
                }
            }
        },
        {
            "from": [7.5,14.25,7.75],
            "to": [7.75,14.75,8.25],
            "faces": {
                "up": {
                    "uv": [15,0.25,15.25,0.75],
                    "texture": "#normal_torch_wall"
                },
                "west": {
                    "uv": [15.5,0,16,0.5],
                    "texture": "#normal_torch_wall"
                },
                "east": {
                    "uv": [15.25,0.25,15.75,0.75],
                    "texture": "#normal_torch_wall"
                },
                "north": {
                    "uv": [15.75,0.25,16,0.75],
                    "texture": "#normal_torch_wall"
                },
                "south": {
                    "uv": [15,0.25,15.25,0.75],
                    "texture": "#normal_torch_wall"
                }
            }
        }
    ]
}